Episode ,xVel,yVel,yawRate,pitchRate,zVel,rollRate,work,groundContact,tailStatus,baseReward,crash,simpleTrainingPenalties,yPos,orientation
Weights: ,1,0,0,0,0,0,0,0,0,0,0,0,0,1

Config:
keepBalance, "True"
RandomXVelocity, "True"
RandomYVelocity, "False"
RandomAngularVelocity, "False"
RandomStart, "True"
LongEpisodes, "False"
Swimming, "True"
Transition, "False"
Landing, "False"
2D, "False"
LegPhases, "False"
LegAmplitudes, "False"
LegRotations, "False"
SpinePhases, "True"
SpineAmplitudes, "True"
SpinePitch, "True"
Buoyancy, "True"
Tail, "True"
Analysis, "False"

Values:
2,3.577603,0,0,0,0,0,0,0,0,0,0,0,0,14.93297
2,5.761894,0,0,0,0,0,0,0,0,0,0,0,0,12.89646
2,5.027588,0,0,0,0,0,0,0,0,0,0,0,0,24.32063
2,3.344364,0,0,0,0,0,0,0,0,0,0,0,0,18.76932
2,8.446973,0,0,0,0,0,0,0,0,0,0,0,0,14.58142
2,6.516524,0,0,0,0,0,0,0,0,0,0,0,0,18.2723
2,5.269852,0,0,0,0,0,0,0,0,0,0,0,0,23.29976
2,7.063082,0,0,0,0,0,0,0,0,0,0,0,0,23.48938
2,4.402597,0,0,0,0,0,0,0,0,0,0,0,0,19.32404
2,6.171387,0,0,0,0,0,0,0,0,0,0,0,0,14.5226
2,7.354999,0,0,0,0,0,0,0,0,0,0,0,0,22.09897
2,7.534807,0,0,0,0,0,0,0,0,0,0,0,0,20.66566
2,8.702556,0,0,0,0,0,0,0,0,0,0,0,0,21.09176
2,7.303031,0,0,0,0,0,0,0,0,0,0,0,0,21.36612
2,4.602853,0,0,0,0,0,0,0,0,0,0,0,0,19.61448
2,7.191163,0,0,0,0,0,0,0,0,0,0,0,0,19.39628
2,9.264641,0,0,0,0,0,0,0,0,0,0,0,0,19.22924
2,4.718194,0,0,0,0,0,0,0,0,0,0,0,0,17.44034
2,5.788625,0,0,0,0,0,0,0,0,0,0,0,0,13.46683
2,3.938747,0,0,0,0,0,0,0,0,0,0,0,0,21.04941
2,7.376234,0,0,0,0,0,0,0,0,0,0,0,0,19.56364
2,5.583579,0,0,0,0,0,0,0,0,0,0,0,0,18.95366
2,9.232554,0,0,0,0,0,0,0,0,0,0,0,0,22.17662
2,6.281833,0,0,0,0,0,0,0,0,0,0,0,0,25.89032
2,10.23908,0,0,0,0,0,0,0,0,0,0,0,0,13.59509
2,8.426815,0,0,0,0,0,0,0,0,0,0,0,0,21.3192
2,4.890333,0,0,0,0,0,0,0,0,0,0,0,0,21.36251
2,9.33241,0,0,0,0,0,0,0,0,0,0,0,0,17.84547
2,6.028914,0,0,0,0,0,0,0,0,0,0,0,0,23.02689
2,5.817791,0,0,0,0,0,0,0,0,0,0,0,0,19.03221
2,4.937036,0,0,0,0,0,0,0,0,0,0,0,0,27.62989
2,3.044239,0,0,0,0,0,0,0,0,0,0,0,0,19.19006
2,6.879769,0,0,0,0,0,0,0,0,0,0,0,0,19.01942
2,7.758579,0,0,0,0,0,0,0,0,0,0,0,0,19.18646
2,8.004896,0,0,0,0,0,0,0,0,0,0,0,0,19.03709
2,7.359194,0,0,0,0,0,0,0,0,0,0,0,0,19.9925
2,5.733023,0,0,0,0,0,0,0,0,0,0,0,0,20.86528
2,6.648304,0,0,0,0,0,0,0,0,0,0,0,0,19.25217
2,7.890358,0,0,0,0,0,0,0,0,0,0,0,0,17.40989
2,6.238232,0,0,0,0,0,0,0,0,0,0,0,0,22.313
2,7.152699,0,0,0,0,0,0,0,0,0,0,0,0,18.33102
2,7.67352,0,0,0,0,0,0,0,0,0,0,0,0,20.12432
2,9.530411,0,0,0,0,0,0,0,0,0,0,0,0,22.48458
2,3.803255,0,0,0,0,0,0,0,0,0,0,0,0,17.08727
2,7.94966,0,0,0,0,0,0,0,0,0,0,0,0,17.83284
2,4.453917,0,0,0,0,0,0,0,0,0,0,0,0,13.83868
2,7.423015,0,0,0,0,0,0,0,0,0,0,0,0,18.80243
2,6.76674,0,0,0,0,0,0,0,0,0,0,0,0,20.3834
2,4.442489,0,0,0,0,0,0,0,0,0,0,0,0,22.56892
2,7.13936,0,0,0,0,0,0,0,0,0,0,0,0,20.01718
2,5.711185,0,0,0,0,0,0,0,0,0,0,0,0,20.74208
2,6.438643,0,0,0,0,0,0,0,0,0,0,0,0,19.69789
2,5.098031,0,0,0,0,0,0,0,0,0,0,0,0,21.8438
2,8.441018,0,0,0,0,0,0,0,0,0,0,0,0,21.41118
2,6.412412,0,0,0,0,0,0,0,0,0,0,0,0,21.06719
2,7.913054,0,0,0,0,0,0,0,0,0,0,0,0,19.24428
2,9.488718,0,0,0,0,0,0,0,0,0,0,0,0,19.47461
2,11.13345,0,0,0,0,0,0,0,0,0,0,0,0,15.7621
2,5.81999,0,0,0,0,0,0,0,0,0,0,0,0,17.84331
2,7.886274,0,0,0,0,0,0,0,0,0,0,0,0,14.86202
2,9.224279,0,0,0,0,0,0,0,0,0,0,0,0,16.52492
2,7.098739,0,0,0,0,0,0,0,0,0,0,0,0,22.62944
2,8.126115,0,0,0,0,0,0,0,0,0,0,0,0,15.1234
2,5.716872,0,0,0,0,0,0,0,0,0,0,0,0,20.5403
2,5.570827,0,0,0,0,0,0,0,0,0,0,0,0,22.5072
2,4.205983,0,0,0,0,0,0,0,0,0,0,0,0,22.6201
2,10.10352,0,0,0,0,0,0,0,0,0,0,0,0,23.01124
2,7.527737,0,0,0,0,0,0,0,0,0,0,0,0,16.39795
2,5.921773,0,0,0,0,0,0,0,0,0,0,0,0,15.12029
2,8.9714,0,0,0,0,0,0,0,0,0,0,0,0,19.25084
2,7.451139,0,0,0,0,0,0,0,0,0,0,0,0,20.65705
2,6.046874,0,0,0,0,0,0,0,0,0,0,0,0,16.99324
2,4.909729,0,0,0,0,0,0,0,0,0,0,0,0,22.20006
2,7.716758,0,0,0,0,0,0,0,0,0,0,0,0,14.53413
2,5.462016,0,0,0,0,0,0,0,0,0,0,0,0,23.19411
2,5.874927,0,0,0,0,0,0,0,0,0,0,0,0,20.59792
2,9.076594,0,0,0,0,0,0,0,0,0,0,0,0,19.0831
2,5.164679,0,0,0,0,0,0,0,0,0,0,0,0,22.61221
2,7.033955,0,0,0,0,0,0,0,0,0,0,0,0,21.76539
2,9.018497,0,0,0,0,0,0,0,0,0,0,0,0,21.3074
2,4.22283,0,0,0,0,0,0,0,0,0,0,0,0,23.35784
2,4.837571,0,0,0,0,0,0,0,0,0,0,0,0,19.64644
2,6.395733,0,0,0,0,0,0,0,0,0,0,0,0,20.53752
2,7.781418,0,0,0,0,0,0,0,0,0,0,0,0,21.35186
2,13.46432,0,0,0,0,0,0,0,0,0,0,0,0,14.26148
2,6.870517,0,0,0,0,0,0,0,0,0,0,0,0,21.60219
2,6.41954,0,0,0,0,0,0,0,0,0,0,0,0,22.64524
2,8.497243,0,0,0,0,0,0,0,0,0,0,0,0,16.52081
2,7.773168,0,0,0,0,0,0,0,0,0,0,0,0,22.093
2,4.121947,0,0,0,0,0,0,0,0,0,0,0,0,19.28901
2,7.079154,0,0,0,0,0,0,0,0,0,0,0,0,18.98518
2,3.612031,0,0,0,0,0,0,0,0,0,0,0,0,23.41134
2,4.243093,0,0,0,0,0,0,0,0,0,0,0,0,21.62767
2,6.425385,0,0,0,0,0,0,0,0,0,0,0,0,23.86081
2,5.801915,0,0,0,0,0,0,0,0,0,0,0,0,25.91702
2,5.389679,0,0,0,0,0,0,0,0,0,0,0,0,19.07727
2,5.376305,0,0,0,0,0,0,0,0,0,0,0,0,19.05161
2,6.269598,0,0,0,0,0,0,0,0,0,0,0,0,19.97756
2,5.31898,0,0,0,0,0,0,0,0,0,0,0,0,19.69349
2,5.430289,0,0,0,0,0,0,0,0,0,0,0,0,21.91378
2,6.351462,0,0,0,0,0,0,0,0,0,0,0,0,19.34993
2,3.69431,0,0,0,0,0,0,0,0,0,0,0,0,16.78365
2,7.537311,0,0,0,0,0,0,0,0,0,0,0,0,17.9512
2,5.123957,0,0,0,0,0,0,0,0,0,0,0,0,23.15549
2,5.280893,0,0,0,0,0,0,0,0,0,0,0,0,21.55708
2,8.158583,0,0,0,0,0,0,0,0,0,0,0,0,24.50344
2,7.453512,0,0,0,0,0,0,0,0,0,0,0,0,25.22247
2,4.298725,0,0,0,0,0,0,0,0,0,0,0,0,18.48749
2,10.30071,0,0,0,0,0,0,0,0,0,0,0,0,17.28078
2,10.64776,0,0,0,0,0,0,0,0,0,0,0,0,21.45442
2,6.215267,0,0,0,0,0,0,0,0,0,0,0,0,20.20054
2,5.840171,0,0,0,0,0,0,0,0,0,0,0,0,21.73143
2,5.686475,0,0,0,0,0,0,0,0,0,0,0,0,16.54173
2,5.654413,0,0,0,0,0,0,0,0,0,0,0,0,23.18486
2,5.446906,0,0,0,0,0,0,0,0,0,0,0,0,18.81734
2,4.973394,0,0,0,0,0,0,0,0,0,0,0,0,21.54016
2,8.263464,0,0,0,0,0,0,0,0,0,0,0,0,20.95572
2,9.71804,0,0,0,0,0,0,0,0,0,0,0,0,16.00162
2,7.375675,0,0,0,0,0,0,0,0,0,0,0,0,23.39093
2,8.06427,0,0,0,0,0,0,0,0,0,0,0,0,19.57173
2,9.927243,0,0,0,0,0,0,0,0,0,0,0,0,24.92957
2,4.798064,0,0,0,0,0,0,0,0,0,0,0,0,23.68962
2,6.389568,0,0,0,0,0,0,0,0,0,0,0,0,20.22023
2,10.33259,0,0,0,0,0,0,0,0,0,0,0,0,12.75079
2,12.7842,0,0,0,0,0,0,0,0,0,0,0,0,21.36215
2,6.406815,0,0,0,0,0,0,0,0,0,0,0,0,18.90031
2,7.101605,0,0,0,0,0,0,0,0,0,0,0,0,23.85937
2,12.40594,0,0,0,0,0,0,0,0,0,0,0,0,20.27366
2,9.834114,0,0,0,0,0,0,0,0,0,0,0,0,25.34461
2,11.78115,0,0,0,0,0,0,0,0,0,0,0,0,22.56065
2,4.965962,0,0,0,0,0,0,0,0,0,0,0,0,21.73729
2,10.91461,0,0,0,0,0,0,0,0,0,0,0,0,20.19117
2,8.06257,0,0,0,0,0,0,0,0,0,0,0,0,18.07333
2,13.63686,0,0,0,0,0,0,0,0,0,0,0,0,20.71311
2,4.401594,0,0,0,0,0,0,0,0,0,0,0,0,22.44535
2,10.27377,0,0,0,0,0,0,0,0,0,0,0,0,19.78328
2,7.428669,0,0,0,0,0,0,0,0,0,0,0,0,21.94722
2,7.238427,0,0,0,0,0,0,0,0,0,0,0,0,23.11497
2,8.624962,0,0,0,0,0,0,0,0,0,0,0,0,19.46523
2,5.708598,0,0,0,0,0,0,0,0,0,0,0,0,17.96224
2,6.664872,0,0,0,0,0,0,0,0,0,0,0,0,21.9076
2,10.50718,0,0,0,0,0,0,0,0,0,0,0,0,23.74623
2,14.11588,0,0,0,0,0,0,0,0,0,0,0,0,21.17102
2,10.99503,0,0,0,0,0,0,0,0,0,0,0,0,17.99257
2,6.762622,0,0,0,0,0,0,0,0,0,0,0,0,21.64115
2,6.73523,0,0,0,0,0,0,0,0,0,0,0,0,17.76722
2,6.926214,0,0,0,0,0,0,0,0,0,0,0,0,20.06451
2,8.555014,0,0,0,0,0,0,0,0,0,0,0,0,23.43125
2,14.07017,0,0,0,0,0,0,0,0,0,0,0,0,21.50735
2,6.703859,0,0,0,0,0,0,0,0,0,0,0,0,20.11679
2,10.66512,0,0,0,0,0,0,0,0,0,0,0,0,18.39081
2,8.080774,0,0,0,0,0,0,0,0,0,0,0,0,20.41857
2,8.661334,0,0,0,0,0,0,0,0,0,0,0,0,22.24693
2,10.0553,0,0,0,0,0,0,0,0,0,0,0,0,20.61641
2,5.886846,0,0,0,0,0,0,0,0,0,0,0,0,27.14309
2,4.316793,0,0,0,0,0,0,0,0,0,0,0,0,20.14273
2,8.683915,0,0,0,0,0,0,0,0,0,0,0,0,24.87654
2,7.701661,0,0,0,0,0,0,0,0,0,0,0,0,23.07608
2,7.225012,0,0,0,0,0,0,0,0,0,0,0,0,21.23755
2,4.50509,0,0,0,0,0,0,0,0,0,0,0,0,21.65001
2,9.225909,0,0,0,0,0,0,0,0,0,0,0,0,26.30679
2,6.644179,0,0,0,0,0,0,0,0,0,0,0,0,23.06762
2,6.625952,0,0,0,0,0,0,0,0,0,0,0,0,19.30581
2,7.508158,0,0,0,0,0,0,0,0,0,0,0,0,17.93744
2,4.604373,0,0,0,0,0,0,0,0,0,0,0,0,14.21138
2,5.342091,0,0,0,0,0,0,0,0,0,0,0,0,13.9633
2,11.45546,0,0,0,0,0,0,0,0,0,0,0,0,23.85843
2,5.9159,0,0,0,0,0,0,0,0,0,0,0,0,23.92174
2,9.379303,0,0,0,0,0,0,0,0,0,0,0,0,20.48492
2,12.40718,0,0,0,0,0,0,0,0,0,0,0,0,25.27975
2,10.64806,0,0,0,0,0,0,0,0,0,0,0,0,22.46292
2,8.338137,0,0,0,0,0,0,0,0,0,0,0,0,22.18917
2,6.051133,0,0,0,0,0,0,0,0,0,0,0,0,21.00745
2,11.58581,0,0,0,0,0,0,0,0,0,0,0,0,18.9628
2,7.473079,0,0,0,0,0,0,0,0,0,0,0,0,21.46132
2,8.169428,0,0,0,0,0,0,0,0,0,0,0,0,20.73353
2,7.554238,0,0,0,0,0,0,0,0,0,0,0,0,19.14485
2,9.546273,0,0,0,0,0,0,0,0,0,0,0,0,19.86937
2,17.1531,0,0,0,0,0,0,0,0,0,0,0,0,20.67619
2,9.469175,0,0,0,0,0,0,0,0,0,0,0,0,21.28105
2,7.278774,0,0,0,0,0,0,0,0,0,0,0,0,20.56676
2,9.542974,0,0,0,0,0,0,0,0,0,0,0,0,21.44264
2,7.510897,0,0,0,0,0,0,0,0,0,0,0,0,18.80112
2,12.23778,0,0,0,0,0,0,0,0,0,0,0,0,15.61687
2,6.726139,0,0,0,0,0,0,0,0,0,0,0,0,25.04829
2,11.91768,0,0,0,0,0,0,0,0,0,0,0,0,22.60821
2,7.975176,0,0,0,0,0,0,0,0,0,0,0,0,21.36376
2,8.668473,0,0,0,0,0,0,0,0,0,0,0,0,20.9025
2,12.89208,0,0,0,0,0,0,0,0,0,0,0,0,23.4692
2,3.5953,0,0,0,0,0,0,0,0,0,0,0,0,18.21763
2,8.604173,0,0,0,0,0,0,0,0,0,0,0,0,21.3974
2,9.4762,0,0,0,0,0,0,0,0,0,0,0,0,18.95292
2,9.963962,0,0,0,0,0,0,0,0,0,0,0,0,18.3083
2,10.47076,0,0,0,0,0,0,0,0,0,0,0,0,24.48688
2,8.711304,0,0,0,0,0,0,0,0,0,0,0,0,20.94755
2,5.967918,0,0,0,0,0,0,0,0,0,0,0,0,13.83502
2,10.77076,0,0,0,0,0,0,0,0,0,0,0,0,20.63829
2,7.485076,0,0,0,0,0,0,0,0,0,0,0,0,24.22865
2,10.48947,0,0,0,0,0,0,0,0,0,0,0,0,21.91582
2,8.647006,0,0,0,0,0,0,0,0,0,0,0,0,20.66876
2,8.337899,0,0,0,0,0,0,0,0,0,0,0,0,26.59446
2,6.396919,0,0,0,0,0,0,0,0,0,0,0,0,26.46743
2,4.248356,0,0,0,0,0,0,0,0,0,0,0,0,18.81863
2,12.98429,0,0,0,0,0,0,0,0,0,0,0,0,18.02168
2,8.832673,0,0,0,0,0,0,0,0,0,0,0,0,22.08134
2,5.885335,0,0,0,0,0,0,0,0,0,0,0,0,21.35282
2,3.635796,0,0,0,0,0,0,0,0,0,0,0,0,21.20671
2,7.642756,0,0,0,0,0,0,0,0,0,0,0,0,25.10519
2,9.173002,0,0,0,0,0,0,0,0,0,0,0,0,24.31509
2,9.245542,0,0,0,0,0,0,0,0,0,0,0,0,20.11775
2,13.72539,0,0,0,0,0,0,0,0,0,0,0,0,23.35627
2,14.01662,0,0,0,0,0,0,0,0,0,0,0,0,21.19255
2,10.53432,0,0,0,0,0,0,0,0,0,0,0,0,23.82439
2,6.407225,0,0,0,0,0,0,0,0,0,0,0,0,24.32895
2,16.22227,0,0,0,0,0,0,0,0,0,0,0,0,24.10178
2,10.73253,0,0,0,0,0,0,0,0,0,0,0,0,17.0041
2,8.063369,0,0,0,0,0,0,0,0,0,0,0,0,23.58037
2,6.748095,0,0,0,0,0,0,0,0,0,0,0,0,20.69207
2,13.33118,0,0,0,0,0,0,0,0,0,0,0,0,22.52976
2,8.641303,0,0,0,0,0,0,0,0,0,0,0,0,24.16616
2,7.827195,0,0,0,0,0,0,0,0,0,0,0,0,20.02855
2,11.75106,0,0,0,0,0,0,0,0,0,0,0,0,23.58499
2,9.42643,0,0,0,0,0,0,0,0,0,0,0,0,23.982
2,9.75614,0,0,0,0,0,0,0,0,0,0,0,0,20.33465
2,11.73874,0,0,0,0,0,0,0,0,0,0,0,0,17.96552
2,7.752172,0,0,0,0,0,0,0,0,0,0,0,0,18.53962
2,10.05024,0,0,0,0,0,0,0,0,0,0,0,0,21.94457
2,7.006588,0,0,0,0,0,0,0,0,0,0,0,0,21.84696
2,11.18546,0,0,0,0,0,0,0,0,0,0,0,0,27.73243
2,9.22617,0,0,0,0,0,0,0,0,0,0,0,0,24.22325
2,14.14306,0,0,0,0,0,0,0,0,0,0,0,0,23.94577
2,13.68002,0,0,0,0,0,0,0,0,0,0,0,0,25.75536
2,15.80003,0,0,0,0,0,0,0,0,0,0,0,0,24.9721
2,9.312391,0,0,0,0,0,0,0,0,0,0,0,0,21.77379
2,8.081902,0,0,0,0,0,0,0,0,0,0,0,0,15.63746
2,10.05267,0,0,0,0,0,0,0,0,0,0,0,0,22.61279
2,8.126559,0,0,0,0,0,0,0,0,0,0,0,0,22.73109
2,8.126833,0,0,0,0,0,0,0,0,0,0,0,0,26.5644
2,12.80413,0,0,0,0,0,0,0,0,0,0,0,0,19.5832
2,8.206644,0,0,0,0,0,0,0,0,0,0,0,0,16.81981
2,12.25949,0,0,0,0,0,0,0,0,0,0,0,0,26.66242
2,11.00433,0,0,0,0,0,0,0,0,0,0,0,0,22.7224
2,9.289522,0,0,0,0,0,0,0,0,0,0,0,0,21.12218
2,11.61839,0,0,0,0,0,0,0,0,0,0,0,0,24.42696
2,12.28369,0,0,0,0,0,0,0,0,0,0,0,0,23.02897
2,13.18941,0,0,0,0,0,0,0,0,0,0,0,0,25.69279
2,6.598188,0,0,0,0,0,0,0,0,0,0,0,0,19.67213
2,14.87862,0,0,0,0,0,0,0,0,0,0,0,0,26.72571
2,14.06834,0,0,0,0,0,0,0,0,0,0,0,0,22.89542
2,15.13731,0,0,0,0,0,0,0,0,0,0,0,0,19.19312
2,13.11444,0,0,0,0,0,0,0,0,0,0,0,0,25.238
2,12.99947,0,0,0,0,0,0,0,0,0,0,0,0,23.82997
2,12.29653,0,0,0,0,0,0,0,0,0,0,0,0,24.18101
2,13.71829,0,0,0,0,0,0,0,0,0,0,0,0,29.50646
2,10.25411,0,0,0,0,0,0,0,0,0,0,0,0,21.00218
2,9.187949,0,0,0,0,0,0,0,0,0,0,0,0,25.56246
2,12.22047,0,0,0,0,0,0,0,0,0,0,0,0,26.58601
2,9.14521,0,0,0,0,0,0,0,0,0,0,0,0,20.24815
2,9.812108,0,0,0,0,0,0,0,0,0,0,0,0,23.35055
2,12.60804,0,0,0,0,0,0,0,0,0,0,0,0,25.78819
2,11.00518,0,0,0,0,0,0,0,0,0,0,0,0,21.8245
2,9.395634,0,0,0,0,0,0,0,0,0,0,0,0,22.30982
2,12.9134,0,0,0,0,0,0,0,0,0,0,0,0,22.97161
2,13.77873,0,0,0,0,0,0,0,0,0,0,0,0,24.92669
2,10.94684,0,0,0,0,0,0,0,0,0,0,0,0,18.46984
2,11.88937,0,0,0,0,0,0,0,0,0,0,0,0,18.10758
2,10.47748,0,0,0,0,0,0,0,0,0,0,0,0,20.68421
2,10.42224,0,0,0,0,0,0,0,0,0,0,0,0,24.39551
2,10.68853,0,0,0,0,0,0,0,0,0,0,0,0,23.35229
2,11.32248,0,0,0,0,0,0,0,0,0,0,0,0,19.3251
2,8.276827,0,0,0,0,0,0,0,0,0,0,0,0,24.54168
2,11.76221,0,0,0,0,0,0,0,0,0,0,0,0,21.17286
2,13.21554,0,0,0,0,0,0,0,0,0,0,0,0,19.36928
2,14.81655,0,0,0,0,0,0,0,0,0,0,0,0,25.52311
2,14.80409,0,0,0,0,0,0,0,0,0,0,0,0,23.98152
2,13.3094,0,0,0,0,0,0,0,0,0,0,0,0,25.99301
2,13.98836,0,0,0,0,0,0,0,0,0,0,0,0,18.60248
2,9.463281,0,0,0,0,0,0,0,0,0,0,0,0,21.92653
2,14.74119,0,0,0,0,0,0,0,0,0,0,0,0,26.00553
2,9.670056,0,0,0,0,0,0,0,0,0,0,0,0,21.81614
2,12.66053,0,0,0,0,0,0,0,0,0,0,0,0,23.13211
2,9.979102,0,0,0,0,0,0,0,0,0,0,0,0,21.53698
2,14.59294,0,0,0,0,0,0,0,0,0,0,0,0,28.39893
2,14.02137,0,0,0,0,0,0,0,0,0,0,0,0,23.1101
2,8.565305,0,0,0,0,0,0,0,0,0,0,0,0,18.93798
2,9.865541,0,0,0,0,0,0,0,0,0,0,0,0,20.18504
2,9.986362,0,0,0,0,0,0,0,0,0,0,0,0,24.02027
2,13.37749,0,0,0,0,0,0,0,0,0,0,0,0,22.1015
2,11.53581,0,0,0,0,0,0,0,0,0,0,0,0,24.83375
2,10.91848,0,0,0,0,0,0,0,0,0,0,0,0,25.11794
2,14.08124,0,0,0,0,0,0,0,0,0,0,0,0,21.01576
2,21.12265,0,0,0,0,0,0,0,0,0,0,0,0,29.42806
2,14.85922,0,0,0,0,0,0,0,0,0,0,0,0,28.58069
2,11.89301,0,0,0,0,0,0,0,0,0,0,0,0,15.61732
2,18.81705,0,0,0,0,0,0,0,0,0,0,0,0,22.53742
2,10.48636,0,0,0,0,0,0,0,0,0,0,0,0,23.89224
2,15.71899,0,0,0,0,0,0,0,0,0,0,0,0,22.92837
2,15.24346,0,0,0,0,0,0,0,0,0,0,0,0,29.18941
2,16.5178,0,0,0,0,0,0,0,0,0,0,0,0,24.4847
2,12.54328,0,0,0,0,0,0,0,0,0,0,0,0,21.02924
2,15.58204,0,0,0,0,0,0,0,0,0,0,0,0,20.02363
2,6.128884,0,0,0,0,0,0,0,0,0,0,0,0,22.84741
2,15.44019,0,0,0,0,0,0,0,0,0,0,0,0,30.41858
2,10.04863,0,0,0,0,0,0,0,0,0,0,0,0,21.667
2,15.37228,0,0,0,0,0,0,0,0,0,0,0,0,29.54568
2,17.06852,0,0,0,0,0,0,0,0,0,0,0,0,29.16834
2,14.98599,0,0,0,0,0,0,0,0,0,0,0,0,26.90207
2,10.22851,0,0,0,0,0,0,0,0,0,0,0,0,27.32158
2,18.11665,0,0,0,0,0,0,0,0,0,0,0,0,29.91516
2,12.27415,0,0,0,0,0,0,0,0,0,0,0,0,22.56545
2,16.37641,0,0,0,0,0,0,0,0,0,0,0,0,29.29616
2,18.0943,0,0,0,0,0,0,0,0,0,0,0,0,27.70184
2,13.58906,0,0,0,0,0,0,0,0,0,0,0,0,25.02711
2,12.20942,0,0,0,0,0,0,0,0,0,0,0,0,26.00783
2,10.17389,0,0,0,0,0,0,0,0,0,0,0,0,20.86413
2,14.75716,0,0,0,0,0,0,0,0,0,0,0,0,24.25993
2,16.11227,0,0,0,0,0,0,0,0,0,0,0,0,29.87496
2,17.95164,0,0,0,0,0,0,0,0,0,0,0,0,27.83274
2,17.52966,0,0,0,0,0,0,0,0,0,0,0,0,27.70625
2,11.62721,0,0,0,0,0,0,0,0,0,0,0,0,21.52035
2,7.923542,0,0,0,0,0,0,0,0,0,0,0,0,16.3923
2,16.50891,0,0,0,0,0,0,0,0,0,0,0,0,28.71459
2,10.77098,0,0,0,0,0,0,0,0,0,0,0,0,28.75159
2,11.99412,0,0,0,0,0,0,0,0,0,0,0,0,28.03472
2,9.798483,0,0,0,0,0,0,0,0,0,0,0,0,21.55447
2,18.34754,0,0,0,0,0,0,0,0,0,0,0,0,24.96768
2,15.26965,0,0,0,0,0,0,0,0,0,0,0,0,27.86776
2,21.11203,0,0,0,0,0,0,0,0,0,0,0,0,32.30928
2,5.581824,0,0,0,0,0,0,0,0,0,0,0,0,28.95267
2,15.84292,0,0,0,0,0,0,0,0,0,0,0,0,22.74133
2,7.561025,0,0,0,0,0,0,0,0,0,0,0,0,20.4298
2,14.9208,0,0,0,0,0,0,0,0,0,0,0,0,22.46295
2,12.58604,0,0,0,0,0,0,0,0,0,0,0,0,22.82819
2,16.60429,0,0,0,0,0,0,0,0,0,0,0,0,21.90541
2,16.08358,0,0,0,0,0,0,0,0,0,0,0,0,27.32082
2,14.35229,0,0,0,0,0,0,0,0,0,0,0,0,23.95852
2,13.693,0,0,0,0,0,0,0,0,0,0,0,0,22.31041
2,13.9585,0,0,0,0,0,0,0,0,0,0,0,0,22.99211
2,12.80218,0,0,0,0,0,0,0,0,0,0,0,0,25.76443
2,14.18082,0,0,0,0,0,0,0,0,0,0,0,0,25.77994
2,11.43028,0,0,0,0,0,0,0,0,0,0,0,0,22.52023
2,12.79518,0,0,0,0,0,0,0,0,0,0,0,0,22.63336
2,14.27413,0,0,0,0,0,0,0,0,0,0,0,0,22.5092
2,17.80838,0,0,0,0,0,0,0,0,0,0,0,0,29.26686
2,17.0297,0,0,0,0,0,0,0,0,0,0,0,0,27.96142
2,17.34395,0,0,0,0,0,0,0,0,0,0,0,0,27.59415
2,12.58962,0,0,0,0,0,0,0,0,0,0,0,0,26.973
2,11.47692,0,0,0,0,0,0,0,0,0,0,0,0,23.19384
2,12.46533,0,0,0,0,0,0,0,0,0,0,0,0,25.85044
2,16.23661,0,0,0,0,0,0,0,0,0,0,0,0,24.04126
2,15.74323,0,0,0,0,0,0,0,0,0,0,0,0,24.42919
2,13.89216,0,0,0,0,0,0,0,0,0,0,0,0,20.19487
2,15.85789,0,0,0,0,0,0,0,0,0,0,0,0,23.30672
2,13.73231,0,0,0,0,0,0,0,0,0,0,0,0,27.48262
2,10.27773,0,0,0,0,0,0,0,0,0,0,0,0,26.35708
2,6.015689,0,0,0,0,0,0,0,0,0,0,0,0,26.13689
2,10.4906,0,0,0,0,0,0,0,0,0,0,0,0,27.17722
2,10.47974,0,0,0,0,0,0,0,0,0,0,0,0,26.3231
2,12.91238,0,0,0,0,0,0,0,0,0,0,0,0,25.79523
2,12.17881,0,0,0,0,0,0,0,0,0,0,0,0,24.29908
2,13.64663,0,0,0,0,0,0,0,0,0,0,0,0,27.38664
2,13.90394,0,0,0,0,0,0,0,0,0,0,0,0,23.94692
2,13.00463,0,0,0,0,0,0,0,0,0,0,0,0,22.13285
2,15.84557,0,0,0,0,0,0,0,0,0,0,0,0,25.309
2,7.423388,0,0,0,0,0,0,0,0,0,0,0,0,26.46502
2,13.87453,0,0,0,0,0,0,0,0,0,0,0,0,24.81374
2,12.06172,0,0,0,0,0,0,0,0,0,0,0,0,22.48243
2,14.88757,0,0,0,0,0,0,0,0,0,0,0,0,23.7484
2,9.199456,0,0,0,0,0,0,0,0,0,0,0,0,26.38333
2,12.6014,0,0,0,0,0,0,0,0,0,0,0,0,25.40851
2,16.96865,0,0,0,0,0,0,0,0,0,0,0,0,25.47188
2,17.56108,0,0,0,0,0,0,0,0,0,0,0,0,25.5615
2,12.30098,0,0,0,0,0,0,0,0,0,0,0,0,23.84501
2,16.85157,0,0,0,0,0,0,0,0,0,0,0,0,26.88702
2,11.75233,0,0,0,0,0,0,0,0,0,0,0,0,27.1162
2,14.14769,0,0,0,0,0,0,0,0,0,0,0,0,26.56862
2,15.75272,0,0,0,0,0,0,0,0,0,0,0,0,26.27988
2,16.07428,0,0,0,0,0,0,0,0,0,0,0,0,25.09625
2,7.849942,0,0,0,0,0,0,0,0,0,0,0,0,24.53124
2,10.99977,0,0,0,0,0,0,0,0,0,0,0,0,25.04536
2,15.29224,0,0,0,0,0,0,0,0,0,0,0,0,24.7824
2,18.14333,0,0,0,0,0,0,0,0,0,0,0,0,26.53976
2,17.02598,0,0,0,0,0,0,0,0,0,0,0,0,23.366
2,15.62342,0,0,0,0,0,0,0,0,0,0,0,0,22.55588
2,13.62791,0,0,0,0,0,0,0,0,0,0,0,0,26.22689
2,13.39121,0,0,0,0,0,0,0,0,0,0,0,0,23.1028
2,15.82333,0,0,0,0,0,0,0,0,0,0,0,0,23.5557
2,10.62666,0,0,0,0,0,0,0,0,0,0,0,0,25.02875
2,12.54237,0,0,0,0,0,0,0,0,0,0,0,0,25.85411
2,13.66674,0,0,0,0,0,0,0,0,0,0,0,0,24.6602
2,11.31521,0,0,0,0,0,0,0,0,0,0,0,0,25.11153
2,12.50797,0,0,0,0,0,0,0,0,0,0,0,0,25.44329
2,12.55568,0,0,0,0,0,0,0,0,0,0,0,0,24.10911
2,10.46757,0,0,0,0,0,0,0,0,0,0,0,0,25.01743
2,9.597827,0,0,0,0,0,0,0,0,0,0,0,0,25.21221
2,11.57017,0,0,0,0,0,0,0,0,0,0,0,0,26.02556
2,12.26097,0,0,0,0,0,0,0,0,0,0,0,0,20.24216
2,14.84299,0,0,0,0,0,0,0,0,0,0,0,0,21.67823
2,10.97221,0,0,0,0,0,0,0,0,0,0,0,0,26.3241
2,15.31383,0,0,0,0,0,0,0,0,0,0,0,0,26.41666
2,10.83529,0,0,0,0,0,0,0,0,0,0,0,0,28.34279
2,15.22748,0,0,0,0,0,0,0,0,0,0,0,0,23.91543
2,16.70434,0,0,0,0,0,0,0,0,0,0,0,0,27.18144
2,16.53649,0,0,0,0,0,0,0,0,0,0,0,0,24.59072
2,9.416481,0,0,0,0,0,0,0,0,0,0,0,0,24.93884
2,11.25878,0,0,0,0,0,0,0,0,0,0,0,0,25.88699
2,11.03188,0,0,0,0,0,0,0,0,0,0,0,0,21.64299
2,18.44836,0,0,0,0,0,0,0,0,0,0,0,0,23.58834
2,12.71073,0,0,0,0,0,0,0,0,0,0,0,0,26.31026
2,8.251244,0,0,0,0,0,0,0,0,0,0,0,0,23.84422
2,10.30162,0,0,0,0,0,0,0,0,0,0,0,0,23.58045
2,7.405264,0,0,0,0,0,0,0,0,0,0,0,0,25.60931
2,14.37967,0,0,0,0,0,0,0,0,0,0,0,0,26.4695
2,12.75397,0,0,0,0,0,0,0,0,0,0,0,0,25.13419
2,15.69753,0,0,0,0,0,0,0,0,0,0,0,0,25.3525
2,7.513549,0,0,0,0,0,0,0,0,0,0,0,0,24.62558
2,18.04731,0,0,0,0,0,0,0,0,0,0,0,0,26.17073
2,12.11044,0,0,0,0,0,0,0,0,0,0,0,0,26.85273
2,12.09803,0,0,0,0,0,0,0,0,0,0,0,0,26.65944
2,13.7773,0,0,0,0,0,0,0,0,0,0,0,0,26.15919
2,10.66375,0,0,0,0,0,0,0,0,0,0,0,0,26.65471
2,11.83257,0,0,0,0,0,0,0,0,0,0,0,0,24.73654
2,13.65586,0,0,0,0,0,0,0,0,0,0,0,0,24.91876
2,15.18233,0,0,0,0,0,0,0,0,0,0,0,0,24.32517
2,13.32269,0,0,0,0,0,0,0,0,0,0,0,0,24.61625
2,16.24504,0,0,0,0,0,0,0,0,0,0,0,0,22.75474
2,16.3561,0,0,0,0,0,0,0,0,0,0,0,0,25.96167
2,15.25575,0,0,0,0,0,0,0,0,0,0,0,0,26.80795
2,14.15678,0,0,0,0,0,0,0,0,0,0,0,0,23.74912
2,10.28527,0,0,0,0,0,0,0,0,0,0,0,0,22.72364
2,15.30067,0,0,0,0,0,0,0,0,0,0,0,0,25.00095
2,12.781,0,0,0,0,0,0,0,0,0,0,0,0,25.31819
2,19.06579,0,0,0,0,0,0,0,0,0,0,0,0,28.34178
2,12.70097,0,0,0,0,0,0,0,0,0,0,0,0,25.04023
2,15.17065,0,0,0,0,0,0,0,0,0,0,0,0,24.74607
2,12.71721,0,0,0,0,0,0,0,0,0,0,0,0,21.84756
2,15.39849,0,0,0,0,0,0,0,0,0,0,0,0,24.79669
2,15.44449,0,0,0,0,0,0,0,0,0,0,0,0,26.4324
2,15.45434,0,0,0,0,0,0,0,0,0,0,0,0,24.22862
2,15.66378,0,0,0,0,0,0,0,0,0,0,0,0,25.09503
2,9.968291,0,0,0,0,0,0,0,0,0,0,0,0,22.17159
2,13.26354,0,0,0,0,0,0,0,0,0,0,0,0,23.00572
2,11.24046,0,0,0,0,0,0,0,0,0,0,0,0,25.19353
2,14.46494,0,0,0,0,0,0,0,0,0,0,0,0,25.27023
2,16.58515,0,0,0,0,0,0,0,0,0,0,0,0,26.54204
2,16.48091,0,0,0,0,0,0,0,0,0,0,0,0,27.09089
2,12.96127,0,0,0,0,0,0,0,0,0,0,0,0,26.19838
2,8.929008,0,0,0,0,0,0,0,0,0,0,0,0,27.33492
2,16.25669,0,0,0,0,0,0,0,0,0,0,0,0,26.64744
2,18.00131,0,0,0,0,0,0,0,0,0,0,0,0,26.91109
2,11.09485,0,0,0,0,0,0,0,0,0,0,0,0,23.46235
2,9.205468,0,0,0,0,0,0,0,0,0,0,0,0,25.24027
2,11.30287,0,0,0,0,0,0,0,0,0,0,0,0,28.24099
2,9.912501,0,0,0,0,0,0,0,0,0,0,0,0,25.20375
2,12.39365,0,0,0,0,0,0,0,0,0,0,0,0,26.82795
2,8.590816,0,0,0,0,0,0,0,0,0,0,0,0,24.83611
2,10.4381,0,0,0,0,0,0,0,0,0,0,0,0,22.62232
2,12.64872,0,0,0,0,0,0,0,0,0,0,0,0,24.17264
2,12.78743,0,0,0,0,0,0,0,0,0,0,0,0,27.54935
2,9.012178,0,0,0,0,0,0,0,0,0,0,0,0,27.13763
2,12.68447,0,0,0,0,0,0,0,0,0,0,0,0,26.72642
2,11.09636,0,0,0,0,0,0,0,0,0,0,0,0,27.07133
2,14.43616,0,0,0,0,0,0,0,0,0,0,0,0,24.20407
2,6.860967,0,0,0,0,0,0,0,0,0,0,0,0,25.87754
2,8.573501,0,0,0,0,0,0,0,0,0,0,0,0,22.98613
2,13.02096,0,0,0,0,0,0,0,0,0,0,0,0,23.75931
2,10.88169,0,0,0,0,0,0,0,0,0,0,0,0,25.09373
2,15.97611,0,0,0,0,0,0,0,0,0,0,0,0,26.64999
2,11.31898,0,0,0,0,0,0,0,0,0,0,0,0,22.39879
2,9.37816,0,0,0,0,0,0,0,0,0,0,0,0,25.76204
2,13.11308,0,0,0,0,0,0,0,0,0,0,0,0,24.15812
2,15.75344,0,0,0,0,0,0,0,0,0,0,0,0,25.97916
2,12.11402,0,0,0,0,0,0,0,0,0,0,0,0,24.94183
2,8.437757,0,0,0,0,0,0,0,0,0,0,0,0,25.31505
2,16.67217,0,0,0,0,0,0,0,0,0,0,0,0,24.18968
2,10.39585,0,0,0,0,0,0,0,0,0,0,0,0,23.00281
2,13.09257,0,0,0,0,0,0,0,0,0,0,0,0,23.44293
2,9.147014,0,0,0,0,0,0,0,0,0,0,0,0,24.01978
2,14.47474,0,0,0,0,0,0,0,0,0,0,0,0,21.00137
2,16.33535,0,0,0,0,0,0,0,0,0,0,0,0,27.51573
2,12.21984,0,0,0,0,0,0,0,0,0,0,0,0,24.68855
2,10.51272,0,0,0,0,0,0,0,0,0,0,0,0,22.38166
2,17.66565,0,0,0,0,0,0,0,0,0,0,0,0,27.08916
2,19.47601,0,0,0,0,0,0,0,0,0,0,0,0,25.87196
2,8.516005,0,0,0,0,0,0,0,0,0,0,0,0,27.84772
2,8.712818,0,0,0,0,0,0,0,0,0,0,0,0,25.62724
2,11.18481,0,0,0,0,0,0,0,0,0,0,0,0,24.28067
2,19.29655,0,0,0,0,0,0,0,0,0,0,0,0,26.31561
2,12.62038,0,0,0,0,0,0,0,0,0,0,0,0,26.75834
2,12.58304,0,0,0,0,0,0,0,0,0,0,0,0,25.79554
2,14.60339,0,0,0,0,0,0,0,0,0,0,0,0,26.29932
2,13.45698,0,0,0,0,0,0,0,0,0,0,0,0,24.21062
2,9.439342,0,0,0,0,0,0,0,0,0,0,0,0,25.96823
2,10.54011,0,0,0,0,0,0,0,0,0,0,0,0,25.0982
2,11.39841,0,0,0,0,0,0,0,0,0,0,0,0,25.99339
2,13.22003,0,0,0,0,0,0,0,0,0,0,0,0,23.13067
2,8.180708,0,0,0,0,0,0,0,0,0,0,0,0,23.99545
2,13.44857,0,0,0,0,0,0,0,0,0,0,0,0,23.71934
2,17.03597,0,0,0,0,0,0,0,0,0,0,0,0,26.73117
2,11.8439,0,0,0,0,0,0,0,0,0,0,0,0,24.73661
2,15.14679,0,0,0,0,0,0,0,0,0,0,0,0,27.75034
2,17.65545,0,0,0,0,0,0,0,0,0,0,0,0,29.15313
2,15.09033,0,0,0,0,0,0,0,0,0,0,0,0,27.78962
2,12.28771,0,0,0,0,0,0,0,0,0,0,0,0,27.81006
2,16.295,0,0,0,0,0,0,0,0,0,0,0,0,27.8095
2,11.87333,0,0,0,0,0,0,0,0,0,0,0,0,24.96016
2,9.893803,0,0,0,0,0,0,0,0,0,0,0,0,26.34266
2,10.84718,0,0,0,0,0,0,0,0,0,0,0,0,24.7502
2,12.20937,0,0,0,0,0,0,0,0,0,0,0,0,27.23535
2,16.32648,0,0,0,0,0,0,0,0,0,0,0,0,26.96226
2,8.115108,0,0,0,0,0,0,0,0,0,0,0,0,25.64543
2,10.02591,0,0,0,0,0,0,0,0,0,0,0,0,25.31196
2,17.99305,0,0,0,0,0,0,0,0,0,0,0,0,31.47075
2,16.31352,0,0,0,0,0,0,0,0,0,0,0,0,27.06036
2,10.01849,0,0,0,0,0,0,0,0,0,0,0,0,23.88363
2,11.4049,0,0,0,0,0,0,0,0,0,0,0,0,26.57702
2,21.14528,0,0,0,0,0,0,0,0,0,0,0,0,26.42953
2,10.4779,0,0,0,0,0,0,0,0,0,0,0,0,21.91994
2,16.63879,0,0,0,0,0,0,0,0,0,0,0,0,25.05734
2,13.56555,0,0,0,0,0,0,0,0,0,0,0,0,28.04021
2,22.64384,0,0,0,0,0,0,0,0,0,0,0,0,24.58457
2,12.80001,0,0,0,0,0,0,0,0,0,0,0,0,28.84463
2,12.40944,0,0,0,0,0,0,0,0,0,0,0,0,27.14464
2,18.21647,0,0,0,0,0,0,0,0,0,0,0,0,27.94376
2,16.82539,0,0,0,0,0,0,0,0,0,0,0,0,27.30057
2,15.16946,0,0,0,0,0,0,0,0,0,0,0,0,24.79559
2,16.95887,0,0,0,0,0,0,0,0,0,0,0,0,27.18285
2,13.2327,0,0,0,0,0,0,0,0,0,0,0,0,24.86498
2,8.9629,0,0,0,0,0,0,0,0,0,0,0,0,27.06977
2,15.93815,0,0,0,0,0,0,0,0,0,0,0,0,26.71574
2,15.95432,0,0,0,0,0,0,0,0,0,0,0,0,29.65658
2,14.84437,0,0,0,0,0,0,0,0,0,0,0,0,24.68271
2,6.917746,0,0,0,0,0,0,0,0,0,0,0,0,28.78283
2,19.54845,0,0,0,0,0,0,0,0,0,0,0,0,28.72474
2,17.15797,0,0,0,0,0,0,0,0,0,0,0,0,25.77641
2,17.78519,0,0,0,0,0,0,0,0,0,0,0,0,27.76646
2,6.459856,0,0,0,0,0,0,0,0,0,0,0,0,26.98924
2,12.05258,0,0,0,0,0,0,0,0,0,0,0,0,26.62282
2,13.63767,0,0,0,0,0,0,0,0,0,0,0,0,23.62511
2,10.14409,0,0,0,0,0,0,0,0,0,0,0,0,28.05313
2,15.94124,0,0,0,0,0,0,0,0,0,0,0,0,27.53782
2,15.06942,0,0,0,0,0,0,0,0,0,0,0,0,26.64367
2,10.09903,0,0,0,0,0,0,0,0,0,0,0,0,27.00026
2,14.63136,0,0,0,0,0,0,0,0,0,0,0,0,26.92491
2,11.04727,0,0,0,0,0,0,0,0,0,0,0,0,25.04881
2,11.07308,0,0,0,0,0,0,0,0,0,0,0,0,27.05086
2,19.97423,0,0,0,0,0,0,0,0,0,0,0,0,25.44657
2,17.05906,0,0,0,0,0,0,0,0,0,0,0,0,28.15361
2,12.3778,0,0,0,0,0,0,0,0,0,0,0,0,26.12964
2,10.66358,0,0,0,0,0,0,0,0,0,0,0,0,27.3018
2,13.68917,0,0,0,0,0,0,0,0,0,0,0,0,25.6609
2,12.24759,0,0,0,0,0,0,0,0,0,0,0,0,27.70228
2,9.93161,0,0,0,0,0,0,0,0,0,0,0,0,27.75354
2,14.68471,0,0,0,0,0,0,0,0,0,0,0,0,27.93187
2,13.88823,0,0,0,0,0,0,0,0,0,0,0,0,28.51269
2,11.05945,0,0,0,0,0,0,0,0,0,0,0,0,26.87155
2,18.07303,0,0,0,0,0,0,0,0,0,0,0,0,28.68457
2,17.83245,0,0,0,0,0,0,0,0,0,0,0,0,29.56646
2,12.17159,0,0,0,0,0,0,0,0,0,0,0,0,27.97032
2,10.26446,0,0,0,0,0,0,0,0,0,0,0,0,24.96421
2,14.9963,0,0,0,0,0,0,0,0,0,0,0,0,25.0412
2,11.5401,0,0,0,0,0,0,0,0,0,0,0,0,24.2926
2,10.74847,0,0,0,0,0,0,0,0,0,0,0,0,26.98764
2,16.01665,0,0,0,0,0,0,0,0,0,0,0,0,26.16703
2,11.96114,0,0,0,0,0,0,0,0,0,0,0,0,28.34752
2,10.59543,0,0,0,0,0,0,0,0,0,0,0,0,27.87175
2,13.6287,0,0,0,0,0,0,0,0,0,0,0,0,27.49043
2,12.70545,0,0,0,0,0,0,0,0,0,0,0,0,24.46357
2,14.75402,0,0,0,0,0,0,0,0,0,0,0,0,27.68774
2,10.11728,0,0,0,0,0,0,0,0,0,0,0,0,25.94597
2,18.22971,0,0,0,0,0,0,0,0,0,0,0,0,27.74214
2,13.16325,0,0,0,0,0,0,0,0,0,0,0,0,25.78953
2,14.53744,0,0,0,0,0,0,0,0,0,0,0,0,27.31187
2,17.77,0,0,0,0,0,0,0,0,0,0,0,0,29.56058
2,6.510779,0,0,0,0,0,0,0,0,0,0,0,0,24.75225
2,16.76718,0,0,0,0,0,0,0,0,0,0,0,0,27.36459
2,13.77176,0,0,0,0,0,0,0,0,0,0,0,0,24.37637
2,14.53824,0,0,0,0,0,0,0,0,0,0,0,0,26.98597
2,14.03759,0,0,0,0,0,0,0,0,0,0,0,0,29.48862
2,13.70929,0,0,0,0,0,0,0,0,0,0,0,0,25.59608
2,8.929015,0,0,0,0,0,0,0,0,0,0,0,0,29.22657
2,12.3513,0,0,0,0,0,0,0,0,0,0,0,0,23.1597
2,14.51317,0,0,0,0,0,0,0,0,0,0,0,0,28.43073
2,10.40725,0,0,0,0,0,0,0,0,0,0,0,0,25.41446
2,15.42831,0,0,0,0,0,0,0,0,0,0,0,0,24.5263
2,19.9574,0,0,0,0,0,0,0,0,0,0,0,0,26.82532
2,11.77711,0,0,0,0,0,0,0,0,0,0,0,0,25.41232
2,6.753353,0,0,0,0,0,0,0,0,0,0,0,0,26.56903
2,15.34375,0,0,0,0,0,0,0,0,0,0,0,0,27.5556
2,16.19631,0,0,0,0,0,0,0,0,0,0,0,0,26.77848
2,13.19386,0,0,0,0,0,0,0,0,0,0,0,0,29.29164
2,15.15797,0,0,0,0,0,0,0,0,0,0,0,0,25.39219
2,17.4437,0,0,0,0,0,0,0,0,0,0,0,0,28.82048
2,17.65253,0,0,0,0,0,0,0,0,0,0,0,0,26.74648
2,15.15684,0,0,0,0,0,0,0,0,0,0,0,0,24.36749
2,15.11953,0,0,0,0,0,0,0,0,0,0,0,0,26.37422
2,14.24783,0,0,0,0,0,0,0,0,0,0,0,0,27.07706
2,13.27448,0,0,0,0,0,0,0,0,0,0,0,0,25.65828
2,11.63968,0,0,0,0,0,0,0,0,0,0,0,0,25.20316
2,14.1884,0,0,0,0,0,0,0,0,0,0,0,0,25.80783
2,10.23506,0,0,0,0,0,0,0,0,0,0,0,0,27.17357
2,18.78009,0,0,0,0,0,0,0,0,0,0,0,0,26.72725
2,17.39416,0,0,0,0,0,0,0,0,0,0,0,0,27.65071
2,11.91827,0,0,0,0,0,0,0,0,0,0,0,0,25.51481
2,10.27702,0,0,0,0,0,0,0,0,0,0,0,0,26.01387
2,8.017776,0,0,0,0,0,0,0,0,0,0,0,0,28.20685
2,12.13165,0,0,0,0,0,0,0,0,0,0,0,0,27.25206
2,21.4464,0,0,0,0,0,0,0,0,0,0,0,0,27.55605
2,10.0739,0,0,0,0,0,0,0,0,0,0,0,0,25.22078
2,17.99303,0,0,0,0,0,0,0,0,0,0,0,0,27.54213
2,17.39514,0,0,0,0,0,0,0,0,0,0,0,0,25.68825
2,14.55959,0,0,0,0,0,0,0,0,0,0,0,0,24.8766
2,13.54459,0,0,0,0,0,0,0,0,0,0,0,0,27.59732
2,14.70463,0,0,0,0,0,0,0,0,0,0,0,0,27.25308
2,12.75094,0,0,0,0,0,0,0,0,0,0,0,0,25.52425
2,18.34533,0,0,0,0,0,0,0,0,0,0,0,0,28.46923
2,18.65317,0,0,0,0,0,0,0,0,0,0,0,0,28.34846
2,12.83114,0,0,0,0,0,0,0,0,0,0,0,0,31.44213
2,13.65675,0,0,0,0,0,0,0,0,0,0,0,0,23.99073
2,9.191488,0,0,0,0,0,0,0,0,0,0,0,0,27.48782
2,10.05857,0,0,0,0,0,0,0,0,0,0,0,0,24.76659
2,13.94,0,0,0,0,0,0,0,0,0,0,0,0,25.62958
2,12.73281,0,0,0,0,0,0,0,0,0,0,0,0,26.9191
2,8.447609,0,0,0,0,0,0,0,0,0,0,0,0,27.58356
2,17.29087,0,0,0,0,0,0,0,0,0,0,0,0,28.6405
2,14.24332,0,0,0,0,0,0,0,0,0,0,0,0,26.92275
2,18.62748,0,0,0,0,0,0,0,0,0,0,0,0,25.73453
2,9.453406,0,0,0,0,0,0,0,0,0,0,0,0,27.67768
2,16.43214,0,0,0,0,0,0,0,0,0,0,0,0,27.96023
2,18.61115,0,0,0,0,0,0,0,0,0,0,0,0,30.27849
2,14.26455,0,0,0,0,0,0,0,0,0,0,0,0,26.61166
2,13.09889,0,0,0,0,0,0,0,0,0,0,0,0,24.14388
2,20.47206,0,0,0,0,0,0,0,0,0,0,0,0,30.1934
2,10.25903,0,0,0,0,0,0,0,0,0,0,0,0,25.27977
2,13.73637,0,0,0,0,0,0,0,0,0,0,0,0,25.39053
2,13.6729,0,0,0,0,0,0,0,0,0,0,0,0,29.24043
2,14.74959,0,0,0,0,0,0,0,0,0,0,0,0,27.96671
2,9.361446,0,0,0,0,0,0,0,0,0,0,0,0,28.776
2,13.24173,0,0,0,0,0,0,0,0,0,0,0,0,27.51742
2,9.993994,0,0,0,0,0,0,0,0,0,0,0,0,26.11272
2,19.73598,0,0,0,0,0,0,0,0,0,0,0,0,26.24146
2,12.76262,0,0,0,0,0,0,0,0,0,0,0,0,26.54227
2,19.40126,0,0,0,0,0,0,0,0,0,0,0,0,25.10075
2,17.03034,0,0,0,0,0,0,0,0,0,0,0,0,26.10993
2,8.513875,0,0,0,0,0,0,0,0,0,0,0,0,26.33817
2,16.26916,0,0,0,0,0,0,0,0,0,0,0,0,25.2163
2,16.32716,0,0,0,0,0,0,0,0,0,0,0,0,26.04929
2,22.22505,0,0,0,0,0,0,0,0,0,0,0,0,31.00738
2,17.25697,0,0,0,0,0,0,0,0,0,0,0,0,29.73524
2,6.584234,0,0,0,0,0,0,0,0,0,0,0,0,28.81049
2,22.88359,0,0,0,0,0,0,0,0,0,0,0,0,27.72037
2,9.640426,0,0,0,0,0,0,0,0,0,0,0,0,28.66103
2,12.37374,0,0,0,0,0,0,0,0,0,0,0,0,27.87799
2,12.5091,0,0,0,0,0,0,0,0,0,0,0,0,27.75998
2,13.96054,0,0,0,0,0,0,0,0,0,0,0,0,28.0744
2,10.24954,0,0,0,0,0,0,0,0,0,0,0,0,28.92327
2,19.06323,0,0,0,0,0,0,0,0,0,0,0,0,26.35191
2,17.787,0,0,0,0,0,0,0,0,0,0,0,0,24.08405
2,11.00611,0,0,0,0,0,0,0,0,0,0,0,0,28.25036
2,11.12571,0,0,0,0,0,0,0,0,0,0,0,0,29.69781
2,10.85568,0,0,0,0,0,0,0,0,0,0,0,0,28.94737
2,14.75967,0,0,0,0,0,0,0,0,0,0,0,0,26.74372
2,18.37181,0,0,0,0,0,0,0,0,0,0,0,0,23.8262
2,18.35718,0,0,0,0,0,0,0,0,0,0,0,0,27.90394
2,10.44184,0,0,0,0,0,0,0,0,0,0,0,0,26.82269
2,12.99594,0,0,0,0,0,0,0,0,0,0,0,0,29.81991
2,14.65905,0,0,0,0,0,0,0,0,0,0,0,0,24.80182
2,19.30003,0,0,0,0,0,0,0,0,0,0,0,0,29.45838
2,14.05024,0,0,0,0,0,0,0,0,0,0,0,0,27.42062
2,17.33309,0,0,0,0,0,0,0,0,0,0,0,0,29.47487
2,11.08421,0,0,0,0,0,0,0,0,0,0,0,0,27.82929
2,12.72429,0,0,0,0,0,0,0,0,0,0,0,0,30.09154
2,20.47509,0,0,0,0,0,0,0,0,0,0,0,0,25.1257
2,10.82909,0,0,0,0,0,0,0,0,0,0,0,0,28.06984
2,10.70632,0,0,0,0,0,0,0,0,0,0,0,0,27.50553
2,14.39069,0,0,0,0,0,0,0,0,0,0,0,0,26.66643
2,14.3652,0,0,0,0,0,0,0,0,0,0,0,0,27.7661
2,10.13189,0,0,0,0,0,0,0,0,0,0,0,0,31.85164
2,10.20053,0,0,0,0,0,0,0,0,0,0,0,0,30.22325
2,15.38733,0,0,0,0,0,0,0,0,0,0,0,0,29.19287
2,12.61292,0,0,0,0,0,0,0,0,0,0,0,0,26.82715
2,15.77166,0,0,0,0,0,0,0,0,0,0,0,0,31.11504
2,17.46964,0,0,0,0,0,0,0,0,0,0,0,0,29.49262
2,15.8852,0,0,0,0,0,0,0,0,0,0,0,0,25.12593
2,16.03418,0,0,0,0,0,0,0,0,0,0,0,0,28.87665
2,13.14405,0,0,0,0,0,0,0,0,0,0,0,0,26.48651
2,15.65086,0,0,0,0,0,0,0,0,0,0,0,0,28.4934
2,13.78138,0,0,0,0,0,0,0,0,0,0,0,0,29.52646
2,21.4754,0,0,0,0,0,0,0,0,0,0,0,0,29.68636
2,12.60252,0,0,0,0,0,0,0,0,0,0,0,0,28.95165
2,8.572146,0,0,0,0,0,0,0,0,0,0,0,0,26.35868
2,22.12698,0,0,0,0,0,0,0,0,0,0,0,0,26.37534
2,16.46704,0,0,0,0,0,0,0,0,0,0,0,0,27.85692
2,14.13545,0,0,0,0,0,0,0,0,0,0,0,0,28.56449
2,17.91065,0,0,0,0,0,0,0,0,0,0,0,0,27.80442
2,17.36215,0,0,0,0,0,0,0,0,0,0,0,0,29.85948
2,15.63831,0,0,0,0,0,0,0,0,0,0,0,0,28.48355
2,17.40345,0,0,0,0,0,0,0,0,0,0,0,0,29.24173
2,16.76616,0,0,0,0,0,0,0,0,0,0,0,0,27.6866
2,16.88625,0,0,0,0,0,0,0,0,0,0,0,0,28.351
2,13.25193,0,0,0,0,0,0,0,0,0,0,0,0,28.53249
2,13.37807,0,0,0,0,0,0,0,0,0,0,0,0,26.70759
2,15.52496,0,0,0,0,0,0,0,0,0,0,0,0,25.11143
2,20.02275,0,0,0,0,0,0,0,0,0,0,0,0,27.55164
2,15.36789,0,0,0,0,0,0,0,0,0,0,0,0,31.67703
2,9.941797,0,0,0,0,0,0,0,0,0,0,0,0,27.29771
2,12.0112,0,0,0,0,0,0,0,0,0,0,0,0,26.13461
2,14.003,0,0,0,0,0,0,0,0,0,0,0,0,29.31115
2,11.54669,0,0,0,0,0,0,0,0,0,0,0,0,25.7203
2,9.817776,0,0,0,0,0,0,0,0,0,0,0,0,23.6161
2,7.952807,0,0,0,0,0,0,0,0,0,0,0,0,28.86772
2,10.05873,0,0,0,0,0,0,0,0,0,0,0,0,30.79246
2,14.99674,0,0,0,0,0,0,0,0,0,0,0,0,25.97631
2,12.41658,0,0,0,0,0,0,0,0,0,0,0,0,25.79853
2,15.05542,0,0,0,0,0,0,0,0,0,0,0,0,27.89036
2,18.66956,0,0,0,0,0,0,0,0,0,0,0,0,29.71063
2,12.1687,0,0,0,0,0,0,0,0,0,0,0,0,25.32964
2,16.18963,0,0,0,0,0,0,0,0,0,0,0,0,28.51189
2,16.42722,0,0,0,0,0,0,0,0,0,0,0,0,25.91967
2,16.33412,0,0,0,0,0,0,0,0,0,0,0,0,29.96534
2,24.69027,0,0,0,0,0,0,0,0,0,0,0,0,30.09238
2,13.76392,0,0,0,0,0,0,0,0,0,0,0,0,28.35602
2,17.36346,0,0,0,0,0,0,0,0,0,0,0,0,26.43028
2,8.112713,0,0,0,0,0,0,0,0,0,0,0,0,27.08775
2,11.59467,0,0,0,0,0,0,0,0,0,0,0,0,26.53635
2,15.77254,0,0,0,0,0,0,0,0,0,0,0,0,27.29851
2,16.87339,0,0,0,0,0,0,0,0,0,0,0,0,27.89456
2,14.57309,0,0,0,0,0,0,0,0,0,0,0,0,25.84502
2,14.78705,0,0,0,0,0,0,0,0,0,0,0,0,25.45159
2,11.57146,0,0,0,0,0,0,0,0,0,0,0,0,24.53943
2,17.53245,0,0,0,0,0,0,0,0,0,0,0,0,31.17149
2,14.14642,0,0,0,0,0,0,0,0,0,0,0,0,26.21206
2,9.018061,0,0,0,0,0,0,0,0,0,0,0,0,25.75771
2,15.0071,0,0,0,0,0,0,0,0,0,0,0,0,25.32687
2,11.98965,0,0,0,0,0,0,0,0,0,0,0,0,26.67579
2,13.25661,0,0,0,0,0,0,0,0,0,0,0,0,27.07408
2,14.89648,0,0,0,0,0,0,0,0,0,0,0,0,28.54589
2,14.46243,0,0,0,0,0,0,0,0,0,0,0,0,27.22669
2,17.70852,0,0,0,0,0,0,0,0,0,0,0,0,28.3459
2,19.00133,0,0,0,0,0,0,0,0,0,0,0,0,27.99378
2,17.10034,0,0,0,0,0,0,0,0,0,0,0,0,29.0909
2,11.66759,0,0,0,0,0,0,0,0,0,0,0,0,26.51212
2,15.00543,0,0,0,0,0,0,0,0,0,0,0,0,27.19811
2,14.89764,0,0,0,0,0,0,0,0,0,0,0,0,26.87982
2,13.38772,0,0,0,0,0,0,0,0,0,0,0,0,28.01857
2,11.64152,0,0,0,0,0,0,0,0,0,0,0,0,25.53215
2,14.4893,0,0,0,0,0,0,0,0,0,0,0,0,26.89361
2,23.03725,0,0,0,0,0,0,0,0,0,0,0,0,30.37658
2,11.31159,0,0,0,0,0,0,0,0,0,0,0,0,29.67761
2,10.77015,0,0,0,0,0,0,0,0,0,0,0,0,25.5566
2,15.91569,0,0,0,0,0,0,0,0,0,0,0,0,26.06949
2,8.444369,0,0,0,0,0,0,0,0,0,0,0,0,28.96287
2,13.88398,0,0,0,0,0,0,0,0,0,0,0,0,28.3814
2,14.21695,0,0,0,0,0,0,0,0,0,0,0,0,27.2355
2,12.67485,0,0,0,0,0,0,0,0,0,0,0,0,27.23554
2,10.59596,0,0,0,0,0,0,0,0,0,0,0,0,25.84534
2,15.94215,0,0,0,0,0,0,0,0,0,0,0,0,28.23827
2,14.68476,0,0,0,0,0,0,0,0,0,0,0,0,25.22243
2,9.449178,0,0,0,0,0,0,0,0,0,0,0,0,27.00683
2,22.57577,0,0,0,0,0,0,0,0,0,0,0,0,27.97598
2,13.04673,0,0,0,0,0,0,0,0,0,0,0,0,26.75983
2,7.634848,0,0,0,0,0,0,0,0,0,0,0,0,27.3891
2,13.38805,0,0,0,0,0,0,0,0,0,0,0,0,25.29284
2,10.71719,0,0,0,0,0,0,0,0,0,0,0,0,25.593
2,14.91783,0,0,0,0,0,0,0,0,0,0,0,0,24.3182
2,14.39943,0,0,0,0,0,0,0,0,0,0,0,0,31.2468
2,15.66393,0,0,0,0,0,0,0,0,0,0,0,0,27.65152
2,18.94597,0,0,0,0,0,0,0,0,0,0,0,0,25.10547
2,16.48164,0,0,0,0,0,0,0,0,0,0,0,0,25.19949
2,17.77147,0,0,0,0,0,0,0,0,0,0,0,0,32.12491
2,14.9216,0,0,0,0,0,0,0,0,0,0,0,0,27.15926
2,20.83458,0,0,0,0,0,0,0,0,0,0,0,0,27.83044
2,12.7116,0,0,0,0,0,0,0,0,0,0,0,0,24.16826
2,13.21669,0,0,0,0,0,0,0,0,0,0,0,0,30.34993
2,14.49053,0,0,0,0,0,0,0,0,0,0,0,0,25.71495
2,14.25663,0,0,0,0,0,0,0,0,0,0,0,0,31.14631
2,16.93633,0,0,0,0,0,0,0,0,0,0,0,0,27.90923
2,17.48256,0,0,0,0,0,0,0,0,0,0,0,0,31.40413
2,8.68333,0,0,0,0,0,0,0,0,0,0,0,0,26.1793
2,13.5178,0,0,0,0,0,0,0,0,0,0,0,0,29.07296
2,16.41735,0,0,0,0,0,0,0,0,0,0,0,0,25.77586
2,14.92289,0,0,0,0,0,0,0,0,0,0,0,0,28.70908
2,14.26496,0,0,0,0,0,0,0,0,0,0,0,0,25.47126
2,15.10757,0,0,0,0,0,0,0,0,0,0,0,0,27.54612
2,17.28818,0,0,0,0,0,0,0,0,0,0,0,0,28.99171
2,15.83893,0,0,0,0,0,0,0,0,0,0,0,0,30.47358
2,13.7868,0,0,0,0,0,0,0,0,0,0,0,0,27.45335
2,13.42234,0,0,0,0,0,0,0,0,0,0,0,0,30.72897
2,13.67535,0,0,0,0,0,0,0,0,0,0,0,0,27.7104
2,14.59923,0,0,0,0,0,0,0,0,0,0,0,0,28.92394
2,13.42379,0,0,0,0,0,0,0,0,0,0,0,0,26.87629
2,15.08709,0,0,0,0,0,0,0,0,0,0,0,0,24.31354
2,14.16595,0,0,0,0,0,0,0,0,0,0,0,0,29.84262
2,13.24561,0,0,0,0,0,0,0,0,0,0,0,0,26.66985
2,12.99256,0,0,0,0,0,0,0,0,0,0,0,0,27.08875
2,14.94875,0,0,0,0,0,0,0,0,0,0,0,0,26.27915
2,11.4777,0,0,0,0,0,0,0,0,0,0,0,0,26.99756
2,10.11671,0,0,0,0,0,0,0,0,0,0,0,0,26.23996
2,13.4128,0,0,0,0,0,0,0,0,0,0,0,0,26.93285
2,12.39878,0,0,0,0,0,0,0,0,0,0,0,0,28.40829
2,15.06968,0,0,0,0,0,0,0,0,0,0,0,0,29.56441
2,17.98353,0,0,0,0,0,0,0,0,0,0,0,0,28.67862
2,11.5478,0,0,0,0,0,0,0,0,0,0,0,0,25.56864
2,15.731,0,0,0,0,0,0,0,0,0,0,0,0,29.72298
2,15.55334,0,0,0,0,0,0,0,0,0,0,0,0,30.09987
2,7.710562,0,0,0,0,0,0,0,0,0,0,0,0,26.03112
2,19.68488,0,0,0,0,0,0,0,0,0,0,0,0,27.62449
2,17.01723,0,0,0,0,0,0,0,0,0,0,0,0,28.32282
2,11.62786,0,0,0,0,0,0,0,0,0,0,0,0,25.78885
2,15.91964,0,0,0,0,0,0,0,0,0,0,0,0,27.17078
2,13.7613,0,0,0,0,0,0,0,0,0,0,0,0,27.35903
2,16.62948,0,0,0,0,0,0,0,0,0,0,0,0,27.8908
2,13.79508,0,0,0,0,0,0,0,0,0,0,0,0,28.62599
2,18.39479,0,0,0,0,0,0,0,0,0,0,0,0,29.03304
2,13.58273,0,0,0,0,0,0,0,0,0,0,0,0,26.64812
2,15.07944,0,0,0,0,0,0,0,0,0,0,0,0,28.25926
2,12.6659,0,0,0,0,0,0,0,0,0,0,0,0,28.6938
2,13.53017,0,0,0,0,0,0,0,0,0,0,0,0,26.01174
2,16.68451,0,0,0,0,0,0,0,0,0,0,0,0,30.2628
2,10.88802,0,0,0,0,0,0,0,0,0,0,0,0,28.05735
2,12.20527,0,0,0,0,0,0,0,0,0,0,0,0,27.89218
2,16.97147,0,0,0,0,0,0,0,0,0,0,0,0,26.50802
2,13.76658,0,0,0,0,0,0,0,0,0,0,0,0,24.38308
2,19.78536,0,0,0,0,0,0,0,0,0,0,0,0,26.75814
2,10.82308,0,0,0,0,0,0,0,0,0,0,0,0,28.1492
2,13.95214,0,0,0,0,0,0,0,0,0,0,0,0,26.88927
2,12.11254,0,0,0,0,0,0,0,0,0,0,0,0,23.98524
2,17.69106,0,0,0,0,0,0,0,0,0,0,0,0,28.20586
2,11.56826,0,0,0,0,0,0,0,0,0,0,0,0,26.88699
2,14.49999,0,0,0,0,0,0,0,0,0,0,0,0,26.49238
2,12.02478,0,0,0,0,0,0,0,0,0,0,0,0,27.48158
2,10.93029,0,0,0,0,0,0,0,0,0,0,0,0,29.31345
2,15.83025,0,0,0,0,0,0,0,0,0,0,0,0,27.98015
2,15.82292,0,0,0,0,0,0,0,0,0,0,0,0,26.68803
2,21.52645,0,0,0,0,0,0,0,0,0,0,0,0,33.14693
2,16.66692,0,0,0,0,0,0,0,0,0,0,0,0,26.86505
2,19.64017,0,0,0,0,0,0,0,0,0,0,0,0,27.77118
2,11.55564,0,0,0,0,0,0,0,0,0,0,0,0,26.00838
2,20.77132,0,0,0,0,0,0,0,0,0,0,0,0,26.65278
2,21.42572,0,0,0,0,0,0,0,0,0,0,0,0,26.98075
2,16.64918,0,0,0,0,0,0,0,0,0,0,0,0,26.02938
2,19.22022,0,0,0,0,0,0,0,0,0,0,0,0,26.19884
2,20.21493,0,0,0,0,0,0,0,0,0,0,0,0,28.10159
2,12.74515,0,0,0,0,0,0,0,0,0,0,0,0,27.56273
2,16.39092,0,0,0,0,0,0,0,0,0,0,0,0,29.95586
2,15.37253,0,0,0,0,0,0,0,0,0,0,0,0,26.51883
2,9.496711,0,0,0,0,0,0,0,0,0,0,0,0,27.94942
2,7.753551,0,0,0,0,0,0,0,0,0,0,0,0,28.71684
2,16.23276,0,0,0,0,0,0,0,0,0,0,0,0,27.67707
2,16.48558,0,0,0,0,0,0,0,0,0,0,0,0,26.45248
2,17.17945,0,0,0,0,0,0,0,0,0,0,0,0,26.91203
2,14.93032,0,0,0,0,0,0,0,0,0,0,0,0,25.84431
2,13.3815,0,0,0,0,0,0,0,0,0,0,0,0,27.10966
2,15.80671,0,0,0,0,0,0,0,0,0,0,0,0,27.06343
2,14.86634,0,0,0,0,0,0,0,0,0,0,0,0,26.91065
2,15.84317,0,0,0,0,0,0,0,0,0,0,0,0,27.16411
2,13.22622,0,0,0,0,0,0,0,0,0,0,0,0,28.03473
2,16.25448,0,0,0,0,0,0,0,0,0,0,0,0,30.09363
2,11.85671,0,0,0,0,0,0,0,0,0,0,0,0,25.6009
2,17.85443,0,0,0,0,0,0,0,0,0,0,0,0,28.19825
2,12.75685,0,0,0,0,0,0,0,0,0,0,0,0,27.88158
2,11.9516,0,0,0,0,0,0,0,0,0,0,0,0,27.7981
2,14.46628,0,0,0,0,0,0,0,0,0,0,0,0,28.59609
2,15.06394,0,0,0,0,0,0,0,0,0,0,0,0,29.71702
2,14.8199,0,0,0,0,0,0,0,0,0,0,0,0,23.8965
2,9.442724,0,0,0,0,0,0,0,0,0,0,0,0,26.19225
2,15.22527,0,0,0,0,0,0,0,0,0,0,0,0,26.16552
2,9.79987,0,0,0,0,0,0,0,0,0,0,0,0,27.33904
2,9.475566,0,0,0,0,0,0,0,0,0,0,0,0,27.28909
2,12.27135,0,0,0,0,0,0,0,0,0,0,0,0,24.4662
2,16.4195,0,0,0,0,0,0,0,0,0,0,0,0,27.30944
2,14.36592,0,0,0,0,0,0,0,0,0,0,0,0,27.99659
2,11.80317,0,0,0,0,0,0,0,0,0,0,0,0,29.70506
2,16.73163,0,0,0,0,0,0,0,0,0,0,0,0,27.08043
2,16.02293,0,0,0,0,0,0,0,0,0,0,0,0,28.04317
2,17.13107,0,0,0,0,0,0,0,0,0,0,0,0,25.70984
2,15.18326,0,0,0,0,0,0,0,0,0,0,0,0,24.44691
2,11.78386,0,0,0,0,0,0,0,0,0,0,0,0,28.3221
2,16.56681,0,0,0,0,0,0,0,0,0,0,0,0,27.13775
2,13.85777,0,0,0,0,0,0,0,0,0,0,0,0,28.32396
2,12.31578,0,0,0,0,0,0,0,0,0,0,0,0,27.21631
2,12.11441,0,0,0,0,0,0,0,0,0,0,0,0,29.28118
2,10.12482,0,0,0,0,0,0,0,0,0,0,0,0,28.03408
2,17.32384,0,0,0,0,0,0,0,0,0,0,0,0,27.99596
2,16.39453,0,0,0,0,0,0,0,0,0,0,0,0,29.10828
2,16.05114,0,0,0,0,0,0,0,0,0,0,0,0,26.68777
2,19.89446,0,0,0,0,0,0,0,0,0,0,0,0,25.00081
2,13.66757,0,0,0,0,0,0,0,0,0,0,0,0,23.90067
2,18.20721,0,0,0,0,0,0,0,0,0,0,0,0,30.80323
2,13.85385,0,0,0,0,0,0,0,0,0,0,0,0,28.78959
2,12.70715,0,0,0,0,0,0,0,0,0,0,0,0,28.75362
2,18.89169,0,0,0,0,0,0,0,0,0,0,0,0,26.94915
2,14.56049,0,0,0,0,0,0,0,0,0,0,0,0,27.41513
2,16.0523,0,0,0,0,0,0,0,0,0,0,0,0,27.1629
2,14.51769,0,0,0,0,0,0,0,0,0,0,0,0,26.09246
2,15.03787,0,0,0,0,0,0,0,0,0,0,0,0,26.82746
2,12.58426,0,0,0,0,0,0,0,0,0,0,0,0,25.34076
2,15.44374,0,0,0,0,0,0,0,0,0,0,0,0,27.08098
2,16.11574,0,0,0,0,0,0,0,0,0,0,0,0,25.92484
2,12.68604,0,0,0,0,0,0,0,0,0,0,0,0,23.83493
2,9.135439,0,0,0,0,0,0,0,0,0,0,0,0,25.70217
2,17.92097,0,0,0,0,0,0,0,0,0,0,0,0,27.72649
2,13.93497,0,0,0,0,0,0,0,0,0,0,0,0,26.93119
2,20.43822,0,0,0,0,0,0,0,0,0,0,0,0,28.60236
2,17.8329,0,0,0,0,0,0,0,0,0,0,0,0,27.16624
2,16.29809,0,0,0,0,0,0,0,0,0,0,0,0,25.76532
2,12.54633,0,0,0,0,0,0,0,0,0,0,0,0,25.95991
2,13.0064,0,0,0,0,0,0,0,0,0,0,0,0,27.39974
2,12.19132,0,0,0,0,0,0,0,0,0,0,0,0,25.16658
2,16.0781,0,0,0,0,0,0,0,0,0,0,0,0,27.45747
2,12.4709,0,0,0,0,0,0,0,0,0,0,0,0,24.83755
2,9.439265,0,0,0,0,0,0,0,0,0,0,0,0,25.56348
2,13.51249,0,0,0,0,0,0,0,0,0,0,0,0,25.44616
2,15.67569,0,0,0,0,0,0,0,0,0,0,0,0,28.29045
2,10.43152,0,0,0,0,0,0,0,0,0,0,0,0,24.72297
2,13.35782,0,0,0,0,0,0,0,0,0,0,0,0,25.18561
2,17.97865,0,0,0,0,0,0,0,0,0,0,0,0,29.02725
2,11.03404,0,0,0,0,0,0,0,0,0,0,0,0,29.6275
2,16.156,0,0,0,0,0,0,0,0,0,0,0,0,25.71449
2,16.27484,0,0,0,0,0,0,0,0,0,0,0,0,29.56195
2,11.05714,0,0,0,0,0,0,0,0,0,0,0,0,28.36038
2,13.14581,0,0,0,0,0,0,0,0,0,0,0,0,27.55025
2,12.13714,0,0,0,0,0,0,0,0,0,0,0,0,29.86314
2,17.26461,0,0,0,0,0,0,0,0,0,0,0,0,28.70334
2,18.02856,0,0,0,0,0,0,0,0,0,0,0,0,27.96625
2,14.25187,0,0,0,0,0,0,0,0,0,0,0,0,26.37016
2,14.14597,0,0,0,0,0,0,0,0,0,0,0,0,26.95947
2,18.76043,0,0,0,0,0,0,0,0,0,0,0,0,27.83242
2,16.4758,0,0,0,0,0,0,0,0,0,0,0,0,29.16886
2,16.06366,0,0,0,0,0,0,0,0,0,0,0,0,28.10517
2,14.61226,0,0,0,0,0,0,0,0,0,0,0,0,28.26259
2,11.68874,0,0,0,0,0,0,0,0,0,0,0,0,28.00925
2,18.5476,0,0,0,0,0,0,0,0,0,0,0,0,25.68926
2,21.87961,0,0,0,0,0,0,0,0,0,0,0,0,28.3483
2,17.3915,0,0,0,0,0,0,0,0,0,0,0,0,29.11958
2,18.47035,0,0,0,0,0,0,0,0,0,0,0,0,27.20785
2,18.42446,0,0,0,0,0,0,0,0,0,0,0,0,27.3391
2,22.40723,0,0,0,0,0,0,0,0,0,0,0,0,30.66281
2,16.03639,0,0,0,0,0,0,0,0,0,0,0,0,29.96734
2,14.9583,0,0,0,0,0,0,0,0,0,0,0,0,25.56297
2,17.01932,0,0,0,0,0,0,0,0,0,0,0,0,27.25583
2,17.99707,0,0,0,0,0,0,0,0,0,0,0,0,26.95441
2,18.48681,0,0,0,0,0,0,0,0,0,0,0,0,27.2576
2,19.2412,0,0,0,0,0,0,0,0,0,0,0,0,28.24992
2,16.02609,0,0,0,0,0,0,0,0,0,0,0,0,25.63125
2,15.32932,0,0,0,0,0,0,0,0,0,0,0,0,28.15306
2,16.72411,0,0,0,0,0,0,0,0,0,0,0,0,27.10835
2,15.00347,0,0,0,0,0,0,0,0,0,0,0,0,28.30426
2,15.92044,0,0,0,0,0,0,0,0,0,0,0,0,26.3189
2,13.17321,0,0,0,0,0,0,0,0,0,0,0,0,30.1556
2,21.10621,0,0,0,0,0,0,0,0,0,0,0,0,29.84383
2,17.21869,0,0,0,0,0,0,0,0,0,0,0,0,29.13923
2,13.40897,0,0,0,0,0,0,0,0,0,0,0,0,26.31008
2,12.47678,0,0,0,0,0,0,0,0,0,0,0,0,27.76147
2,14.26266,0,0,0,0,0,0,0,0,0,0,0,0,26.16567
2,12.27315,0,0,0,0,0,0,0,0,0,0,0,0,26.85543
2,11.85003,0,0,0,0,0,0,0,0,0,0,0,0,26.88864
2,14.73986,0,0,0,0,0,0,0,0,0,0,0,0,27.43009
2,14.81719,0,0,0,0,0,0,0,0,0,0,0,0,29.00897
2,6.892511,0,0,0,0,0,0,0,0,0,0,0,0,27.98499
2,15.26383,0,0,0,0,0,0,0,0,0,0,0,0,26.7805
2,9.746617,0,0,0,0,0,0,0,0,0,0,0,0,30.01748
2,13.76704,0,0,0,0,0,0,0,0,0,0,0,0,26.73404
2,14.47066,0,0,0,0,0,0,0,0,0,0,0,0,29.38215
2,12.09713,0,0,0,0,0,0,0,0,0,0,0,0,27.22297
2,8.313355,0,0,0,0,0,0,0,0,0,0,0,0,26.06145
2,14.82101,0,0,0,0,0,0,0,0,0,0,0,0,29.10482
2,11.09663,0,0,0,0,0,0,0,0,0,0,0,0,29.14372
2,16.27832,0,0,0,0,0,0,0,0,0,0,0,0,30.18281
2,17.63681,0,0,0,0,0,0,0,0,0,0,0,0,29.57862
2,14.04955,0,0,0,0,0,0,0,0,0,0,0,0,28.27348
2,15.3572,0,0,0,0,0,0,0,0,0,0,0,0,27.89884
2,14.47539,0,0,0,0,0,0,0,0,0,0,0,0,29.05861
2,18.45402,0,0,0,0,0,0,0,0,0,0,0,0,37.19437
2,19.70861,0,0,0,0,0,0,0,0,0,0,0,0,30.82453
2,12.67601,0,0,0,0,0,0,0,0,0,0,0,0,28.33166
2,14.60887,0,0,0,0,0,0,0,0,0,0,0,0,25.26048
2,14.05646,0,0,0,0,0,0,0,0,0,0,0,0,29.47335
2,19.0361,0,0,0,0,0,0,0,0,0,0,0,0,29.6967
2,21.78274,0,0,0,0,0,0,0,0,0,0,0,0,26.20535
2,10.51828,0,0,0,0,0,0,0,0,0,0,0,0,28.26005
2,11.96477,0,0,0,0,0,0,0,0,0,0,0,0,30.44788
2,21.36716,0,0,0,0,0,0,0,0,0,0,0,0,28.63491
2,14.1477,0,0,0,0,0,0,0,0,0,0,0,0,27.98535
2,15.35334,0,0,0,0,0,0,0,0,0,0,0,0,26.70003
2,15.02767,0,0,0,0,0,0,0,0,0,0,0,0,30.1288
2,18.26191,0,0,0,0,0,0,0,0,0,0,0,0,27.33931
2,12.9246,0,0,0,0,0,0,0,0,0,0,0,0,26.10655
2,17.98676,0,0,0,0,0,0,0,0,0,0,0,0,27.34179
2,12.19522,0,0,0,0,0,0,0,0,0,0,0,0,28.41441
2,23.5478,0,0,0,0,0,0,0,0,0,0,0,0,29.52602
2,11.81903,0,0,0,0,0,0,0,0,0,0,0,0,27.25963
2,23.7249,0,0,0,0,0,0,0,0,0,0,0,0,30.00812
2,15.68881,0,0,0,0,0,0,0,0,0,0,0,0,28.23505
2,9.536412,0,0,0,0,0,0,0,0,0,0,0,0,25.68088
2,15.84792,0,0,0,0,0,0,0,0,0,0,0,0,25.78221
2,16.09311,0,0,0,0,0,0,0,0,0,0,0,0,27.63232
2,14.14923,0,0,0,0,0,0,0,0,0,0,0,0,26.1057
2,15.21362,0,0,0,0,0,0,0,0,0,0,0,0,31.08692
2,12.37039,0,0,0,0,0,0,0,0,0,0,0,0,29.59706
2,17.70358,0,0,0,0,0,0,0,0,0,0,0,0,27.81899
2,23.79303,0,0,0,0,0,0,0,0,0,0,0,0,30.11086
2,15.69976,0,0,0,0,0,0,0,0,0,0,0,0,24.91597
2,20.70797,0,0,0,0,0,0,0,0,0,0,0,0,31.68482
2,11.45952,0,0,0,0,0,0,0,0,0,0,0,0,29.85181
2,15.32823,0,0,0,0,0,0,0,0,0,0,0,0,28.43559
2,15.26132,0,0,0,0,0,0,0,0,0,0,0,0,24.63732
2,16.69169,0,0,0,0,0,0,0,0,0,0,0,0,32.78147
2,18.54346,0,0,0,0,0,0,0,0,0,0,0,0,27.27108
2,15.22119,0,0,0,0,0,0,0,0,0,0,0,0,26.04155
2,16.34546,0,0,0,0,0,0,0,0,0,0,0,0,29.15769
2,11.01307,0,0,0,0,0,0,0,0,0,0,0,0,27.40146
2,18.58646,0,0,0,0,0,0,0,0,0,0,0,0,26.56095
2,15.24974,0,0,0,0,0,0,0,0,0,0,0,0,25.04034
2,11.89862,0,0,0,0,0,0,0,0,0,0,0,0,28.24362
2,18.22681,0,0,0,0,0,0,0,0,0,0,0,0,27.08294
2,11.25419,0,0,0,0,0,0,0,0,0,0,0,0,29.97655
2,14.99414,0,0,0,0,0,0,0,0,0,0,0,0,27.54894
2,13.03458,0,0,0,0,0,0,0,0,0,0,0,0,25.30478
2,19.79704,0,0,0,0,0,0,0,0,0,0,0,0,26.95149
2,20.12751,0,0,0,0,0,0,0,0,0,0,0,0,29.85211
2,14.16335,0,0,0,0,0,0,0,0,0,0,0,0,26.91287
2,13.74566,0,0,0,0,0,0,0,0,0,0,0,0,26.0843
2,17.2291,0,0,0,0,0,0,0,0,0,0,0,0,27.64249
2,14.58077,0,0,0,0,0,0,0,0,0,0,0,0,26.15076
2,15.52911,0,0,0,0,0,0,0,0,0,0,0,0,25.52801
2,16.68199,0,0,0,0,0,0,0,0,0,0,0,0,30.2503
2,12.00421,0,0,0,0,0,0,0,0,0,0,0,0,28.47746
2,12.61919,0,0,0,0,0,0,0,0,0,0,0,0,25.99399
2,11.59517,0,0,0,0,0,0,0,0,0,0,0,0,28.31571
2,15.83662,0,0,0,0,0,0,0,0,0,0,0,0,26.10008
2,13.04769,0,0,0,0,0,0,0,0,0,0,0,0,25.75505
2,17.49955,0,0,0,0,0,0,0,0,0,0,0,0,28.10113
2,20.70214,0,0,0,0,0,0,0,0,0,0,0,0,28.67955
2,16.328,0,0,0,0,0,0,0,0,0,0,0,0,29.52167
2,20.14836,0,0,0,0,0,0,0,0,0,0,0,0,26.52923
2,10.75224,0,0,0,0,0,0,0,0,0,0,0,0,28.19032
2,23.53651,0,0,0,0,0,0,0,0,0,0,0,0,28.66329
2,20.40188,0,0,0,0,0,0,0,0,0,0,0,0,29.53279
2,10.70563,0,0,0,0,0,0,0,0,0,0,0,0,26.01896
2,12.77906,0,0,0,0,0,0,0,0,0,0,0,0,25.58813
2,23.25472,0,0,0,0,0,0,0,0,0,0,0,0,30.47308
2,10.11157,0,0,0,0,0,0,0,0,0,0,0,0,25.7039
2,17.11386,0,0,0,0,0,0,0,0,0,0,0,0,28.8684
2,16.63414,0,0,0,0,0,0,0,0,0,0,0,0,26.3112
2,9.41785,0,0,0,0,0,0,0,0,0,0,0,0,27.98859
2,19.19322,0,0,0,0,0,0,0,0,0,0,0,0,29.87897
2,16.45897,0,0,0,0,0,0,0,0,0,0,0,0,31.00721
2,15.77626,0,0,0,0,0,0,0,0,0,0,0,0,25.30237
2,10.9862,0,0,0,0,0,0,0,0,0,0,0,0,24.22964
2,14.9422,0,0,0,0,0,0,0,0,0,0,0,0,27.77173
2,13.19639,0,0,0,0,0,0,0,0,0,0,0,0,27.99415
2,12.31712,0,0,0,0,0,0,0,0,0,0,0,0,26.78603
2,18.43159,0,0,0,0,0,0,0,0,0,0,0,0,29.91445
2,15.02194,0,0,0,0,0,0,0,0,0,0,0,0,26.43301
2,14.57098,0,0,0,0,0,0,0,0,0,0,0,0,27.00026
2,15.643,0,0,0,0,0,0,0,0,0,0,0,0,26.08079
2,17.47555,0,0,0,0,0,0,0,0,0,0,0,0,27.99726
2,15.35059,0,0,0,0,0,0,0,0,0,0,0,0,24.78185
2,14.91038,0,0,0,0,0,0,0,0,0,0,0,0,28.23525
2,15.76268,0,0,0,0,0,0,0,0,0,0,0,0,28.17492
2,14.51716,0,0,0,0,0,0,0,0,0,0,0,0,26.37379
2,20.40679,0,0,0,0,0,0,0,0,0,0,0,0,25.70148
2,10.88227,0,0,0,0,0,0,0,0,0,0,0,0,26.27143
2,15.92147,0,0,0,0,0,0,0,0,0,0,0,0,27.17873
2,14.21976,0,0,0,0,0,0,0,0,0,0,0,0,29.18508
2,16.36809,0,0,0,0,0,0,0,0,0,0,0,0,26.81302
2,13.46905,0,0,0,0,0,0,0,0,0,0,0,0,27.66347
2,16.9754,0,0,0,0,0,0,0,0,0,0,0,0,26.69794
2,14.3443,0,0,0,0,0,0,0,0,0,0,0,0,26.94191
2,15.00984,0,0,0,0,0,0,0,0,0,0,0,0,26.94176
2,15.69658,0,0,0,0,0,0,0,0,0,0,0,0,25.64509
2,22.34353,0,0,0,0,0,0,0,0,0,0,0,0,28.97575
2,22.0181,0,0,0,0,0,0,0,0,0,0,0,0,31.72925
2,10.76794,0,0,0,0,0,0,0,0,0,0,0,0,22.01638
2,14.56872,0,0,0,0,0,0,0,0,0,0,0,0,26.44033
2,18.29128,0,0,0,0,0,0,0,0,0,0,0,0,25.93459
2,16.33605,0,0,0,0,0,0,0,0,0,0,0,0,25.9819
2,18.40914,0,0,0,0,0,0,0,0,0,0,0,0,25.07003
2,18.77893,0,0,0,0,0,0,0,0,0,0,0,0,27.43867
2,12.35316,0,0,0,0,0,0,0,0,0,0,0,0,26.43354
2,17.08265,0,0,0,0,0,0,0,0,0,0,0,0,27.51059
2,9.497208,0,0,0,0,0,0,0,0,0,0,0,0,27.77734
2,17.09973,0,0,0,0,0,0,0,0,0,0,0,0,28.19124
2,10.92569,0,0,0,0,0,0,0,0,0,0,0,0,25.99176
2,18.75538,0,0,0,0,0,0,0,0,0,0,0,0,29.9111
2,12.66814,0,0,0,0,0,0,0,0,0,0,0,0,26.43304
2,15.06991,0,0,0,0,0,0,0,0,0,0,0,0,25.69259
2,27.76608,0,0,0,0,0,0,0,0,0,0,0,0,28.64776
2,16.24181,0,0,0,0,0,0,0,0,0,0,0,0,24.53437
2,12.37246,0,0,0,0,0,0,0,0,0,0,0,0,23.64525
2,26.45398,0,0,0,0,0,0,0,0,0,0,0,0,33.39082
2,12.06402,0,0,0,0,0,0,0,0,0,0,0,0,23.7021
2,14.33007,0,0,0,0,0,0,0,0,0,0,0,0,28.32187
2,21.02105,0,0,0,0,0,0,0,0,0,0,0,0,28.35945
2,15.5959,0,0,0,0,0,0,0,0,0,0,0,0,28.06084
2,15.72169,0,0,0,0,0,0,0,0,0,0,0,0,27.46269
2,18.37117,0,0,0,0,0,0,0,0,0,0,0,0,31.23326
2,17.91021,0,0,0,0,0,0,0,0,0,0,0,0,24.18144
2,16.17121,0,0,0,0,0,0,0,0,0,0,0,0,25.2266
2,16.4984,0,0,0,0,0,0,0,0,0,0,0,0,25.11472
2,14.96405,0,0,0,0,0,0,0,0,0,0,0,0,27.81254
2,11.43602,0,0,0,0,0,0,0,0,0,0,0,0,26.06132
2,19.12189,0,0,0,0,0,0,0,0,0,0,0,0,29.80564
2,14.95049,0,0,0,0,0,0,0,0,0,0,0,0,27.57587
2,15.58832,0,0,0,0,0,0,0,0,0,0,0,0,25.64557
2,11.30101,0,0,0,0,0,0,0,0,0,0,0,0,30.69942
2,16.65819,0,0,0,0,0,0,0,0,0,0,0,0,30.24975
2,14.08618,0,0,0,0,0,0,0,0,0,0,0,0,31.53088
2,14.83269,0,0,0,0,0,0,0,0,0,0,0,0,25.61512
2,11.04112,0,0,0,0,0,0,0,0,0,0,0,0,26.71416
2,26.97492,0,0,0,0,0,0,0,0,0,0,0,0,32.00412
2,15.85966,0,0,0,0,0,0,0,0,0,0,0,0,31.03594
2,12.94884,0,0,0,0,0,0,0,0,0,0,0,0,34.99729
2,15.93469,0,0,0,0,0,0,0,0,0,0,0,0,25.05049
2,20.67231,0,0,0,0,0,0,0,0,0,0,0,0,28.69311
2,14.72318,0,0,0,0,0,0,0,0,0,0,0,0,31.07757
2,15.86168,0,0,0,0,0,0,0,0,0,0,0,0,27.33045
2,18.03189,0,0,0,0,0,0,0,0,0,0,0,0,25.40718
2,20.72416,0,0,0,0,0,0,0,0,0,0,0,0,27.07733
2,10.6244,0,0,0,0,0,0,0,0,0,0,0,0,27.87862
2,20.0514,0,0,0,0,0,0,0,0,0,0,0,0,26.56833
2,14.21528,0,0,0,0,0,0,0,0,0,0,0,0,27.64459
2,14.70389,0,0,0,0,0,0,0,0,0,0,0,0,25.44424
2,13.81151,0,0,0,0,0,0,0,0,0,0,0,0,25.26504
2,21.25141,0,0,0,0,0,0,0,0,0,0,0,0,32.04374
2,20.74048,0,0,0,0,0,0,0,0,0,0,0,0,30.86751
2,22.41223,0,0,0,0,0,0,0,0,0,0,0,0,34.61481
2,17.3417,0,0,0,0,0,0,0,0,0,0,0,0,29.36549
2,20.23392,0,0,0,0,0,0,0,0,0,0,0,0,28.20586
2,21.84523,0,0,0,0,0,0,0,0,0,0,0,0,32.55525
2,15.96907,0,0,0,0,0,0,0,0,0,0,0,0,29.15255
2,16.00726,0,0,0,0,0,0,0,0,0,0,0,0,27.95799
2,19.44986,0,0,0,0,0,0,0,0,0,0,0,0,26.22617
2,18.93111,0,0,0,0,0,0,0,0,0,0,0,0,30.59083
2,24.07246,0,0,0,0,0,0,0,0,0,0,0,0,30.0981
2,24.28827,0,0,0,0,0,0,0,0,0,0,0,0,28.92854
2,16.1045,0,0,0,0,0,0,0,0,0,0,0,0,28.16835
2,17.64357,0,0,0,0,0,0,0,0,0,0,0,0,35.71445
2,8.455467,0,0,0,0,0,0,0,0,0,0,0,0,27.30261
2,22.36639,0,0,0,0,0,0,0,0,0,0,0,0,28.27927
2,19.16925,0,0,0,0,0,0,0,0,0,0,0,0,30.20983
2,19.26313,0,0,0,0,0,0,0,0,0,0,0,0,27.80395
2,13.20288,0,0,0,0,0,0,0,0,0,0,0,0,27.77504
2,18.17798,0,0,0,0,0,0,0,0,0,0,0,0,29.78854
2,18.07798,0,0,0,0,0,0,0,0,0,0,0,0,28.8079
2,18.14482,0,0,0,0,0,0,0,0,0,0,0,0,28.57066
2,12.05068,0,0,0,0,0,0,0,0,0,0,0,0,29.26915
2,19.55714,0,0,0,0,0,0,0,0,0,0,0,0,28.46158
2,16.13492,0,0,0,0,0,0,0,0,0,0,0,0,30.54135
2,16.45546,0,0,0,0,0,0,0,0,0,0,0,0,29.34865
2,18.70735,0,0,0,0,0,0,0,0,0,0,0,0,27.04925
2,16.47352,0,0,0,0,0,0,0,0,0,0,0,0,29.42974
2,19.21909,0,0,0,0,0,0,0,0,0,0,0,0,25.88012
2,18.21839,0,0,0,0,0,0,0,0,0,0,0,0,37.08369
2,16.47097,0,0,0,0,0,0,0,0,0,0,0,0,28.48047
2,13.05735,0,0,0,0,0,0,0,0,0,0,0,0,26.89928
2,16.73729,0,0,0,0,0,0,0,0,0,0,0,0,28.07228
2,17.73988,0,0,0,0,0,0,0,0,0,0,0,0,25.06417
2,14.11597,0,0,0,0,0,0,0,0,0,0,0,0,26.80569
2,17.93116,0,0,0,0,0,0,0,0,0,0,0,0,29.11698
2,25.81371,0,0,0,0,0,0,0,0,0,0,0,0,35.12171
2,18.60868,0,0,0,0,0,0,0,0,0,0,0,0,31.17689
2,20.82648,0,0,0,0,0,0,0,0,0,0,0,0,30.01158
2,13.77825,0,0,0,0,0,0,0,0,0,0,0,0,24.75652
2,13.82665,0,0,0,0,0,0,0,0,0,0,0,0,24.988
2,13.44367,0,0,0,0,0,0,0,0,0,0,0,0,26.79032
2,16.42892,0,0,0,0,0,0,0,0,0,0,0,0,24.14597
2,16.49851,0,0,0,0,0,0,0,0,0,0,0,0,29.83899
2,19.42521,0,0,0,0,0,0,0,0,0,0,0,0,28.579
2,13.39099,0,0,0,0,0,0,0,0,0,0,0,0,28.48022
2,17.12032,0,0,0,0,0,0,0,0,0,0,0,0,23.86568
2,12.26963,0,0,0,0,0,0,0,0,0,0,0,0,30.74096
2,19.76279,0,0,0,0,0,0,0,0,0,0,0,0,30.93081
2,13.40928,0,0,0,0,0,0,0,0,0,0,0,0,38.94723
2,16.69514,0,0,0,0,0,0,0,0,0,0,0,0,29.99509
2,24.89322,0,0,0,0,0,0,0,0,0,0,0,0,28.76622
2,11.32939,0,0,0,0,0,0,0,0,0,0,0,0,31.5094
2,22.31838,0,0,0,0,0,0,0,0,0,0,0,0,36.85495
2,16.99687,0,0,0,0,0,0,0,0,0,0,0,0,29.13629
2,7.758859,0,0,0,0,0,0,0,0,0,0,0,0,27.5002
2,14.00311,0,0,0,0,0,0,0,0,0,0,0,0,25.33029
2,22.35982,0,0,0,0,0,0,0,0,0,0,0,0,30.27818
2,12.9465,0,0,0,0,0,0,0,0,0,0,0,0,28.43061
2,18.17157,0,0,0,0,0,0,0,0,0,0,0,0,26.17191
2,20.32109,0,0,0,0,0,0,0,0,0,0,0,0,32.25152
2,17.59626,0,0,0,0,0,0,0,0,0,0,0,0,38.75882
2,18.48082,0,0,0,0,0,0,0,0,0,0,0,0,31.22265
2,21.51126,0,0,0,0,0,0,0,0,0,0,0,0,35.17027
2,20.84867,0,0,0,0,0,0,0,0,0,0,0,0,44.58533
2,19.94657,0,0,0,0,0,0,0,0,0,0,0,0,28.5952
2,17.15261,0,0,0,0,0,0,0,0,0,0,0,0,29.32322
2,12.51488,0,0,0,0,0,0,0,0,0,0,0,0,27.63603
2,10.64819,0,0,0,0,0,0,0,0,0,0,0,0,27.78431
2,18.62424,0,0,0,0,0,0,0,0,0,0,0,0,25.20928
2,26.34716,0,0,0,0,0,0,0,0,0,0,0,0,38.29389
2,12.19267,0,0,0,0,0,0,0,0,0,0,0,0,29.6418
2,15.07067,0,0,0,0,0,0,0,0,0,0,0,0,27.2749
2,21.12602,0,0,0,0,0,0,0,0,0,0,0,0,31.39706
2,17.23337,0,0,0,0,0,0,0,0,0,0,0,0,31.98087
2,23.11789,0,0,0,0,0,0,0,0,0,0,0,0,27.73431
2,13.73117,0,0,0,0,0,0,0,0,0,0,0,0,38.44635
2,20.12021,0,0,0,0,0,0,0,0,0,0,0,0,29.86723
2,16.19921,0,0,0,0,0,0,0,0,0,0,0,0,31.61478
2,11.90577,0,0,0,0,0,0,0,0,0,0,0,0,28.97718
2,18.70615,0,0,0,0,0,0,0,0,0,0,0,0,30.69026
2,25.3502,0,0,0,0,0,0,0,0,0,0,0,0,36.00698
2,19.27996,0,0,0,0,0,0,0,0,0,0,0,0,27.9778
2,23.73688,0,0,0,0,0,0,0,0,0,0,0,0,34.82812
2,21.73111,0,0,0,0,0,0,0,0,0,0,0,0,38.73235
2,15.90911,0,0,0,0,0,0,0,0,0,0,0,0,39.24762
2,12.85808,0,0,0,0,0,0,0,0,0,0,0,0,36.23008
2,14.53383,0,0,0,0,0,0,0,0,0,0,0,0,30.98556
2,20.12084,0,0,0,0,0,0,0,0,0,0,0,0,32.00464
2,16.30665,0,0,0,0,0,0,0,0,0,0,0,0,27.50119
2,21.0397,0,0,0,0,0,0,0,0,0,0,0,0,27.93187
2,16.65763,0,0,0,0,0,0,0,0,0,0,0,0,26.33427
2,24.24162,0,0,0,0,0,0,0,0,0,0,0,0,35.10908
2,23.65698,0,0,0,0,0,0,0,0,0,0,0,0,42.83447
2,12.54874,0,0,0,0,0,0,0,0,0,0,0,0,30.06653
2,14.65906,0,0,0,0,0,0,0,0,0,0,0,0,26.38425
2,20.32353,0,0,0,0,0,0,0,0,0,0,0,0,26.84504
2,23.31599,0,0,0,0,0,0,0,0,0,0,0,0,33.59126
2,18.06396,0,0,0,0,0,0,0,0,0,0,0,0,31.72585
2,21.65917,0,0,0,0,0,0,0,0,0,0,0,0,30.36431
2,15.2761,0,0,0,0,0,0,0,0,0,0,0,0,27.90569
2,22.02913,0,0,0,0,0,0,0,0,0,0,0,0,31.2251
2,22.79387,0,0,0,0,0,0,0,0,0,0,0,0,27.63341
2,21.52162,0,0,0,0,0,0,0,0,0,0,0,0,33.51603
2,17.90437,0,0,0,0,0,0,0,0,0,0,0,0,31.234
2,18.45125,0,0,0,0,0,0,0,0,0,0,0,0,30.36392
2,21.58271,0,0,0,0,0,0,0,0,0,0,0,0,26.61359
2,12.05484,0,0,0,0,0,0,0,0,0,0,0,0,27.81201
2,20.55905,0,0,0,0,0,0,0,0,0,0,0,0,27.85379
2,21.85706,0,0,0,0,0,0,0,0,0,0,0,0,34.15409
2,21.89085,0,0,0,0,0,0,0,0,0,0,0,0,28.43546
2,19.47684,0,0,0,0,0,0,0,0,0,0,0,0,30.2811
2,18.40964,0,0,0,0,0,0,0,0,0,0,0,0,25.20803
2,14.57701,0,0,0,0,0,0,0,0,0,0,0,0,27.30791
2,18.13306,0,0,0,0,0,0,0,0,0,0,0,0,28.01067
2,21.96724,0,0,0,0,0,0,0,0,0,0,0,0,33.15783
2,19.89967,0,0,0,0,0,0,0,0,0,0,0,0,29.71007
2,20.52304,0,0,0,0,0,0,0,0,0,0,0,0,31.58914
2,19.84187,0,0,0,0,0,0,0,0,0,0,0,0,42.89102
2,19.66929,0,0,0,0,0,0,0,0,0,0,0,0,32.47959
2,23.34685,0,0,0,0,0,0,0,0,0,0,0,0,37.40556
2,12.6879,0,0,0,0,0,0,0,0,0,0,0,0,26.0037
2,19.88724,0,0,0,0,0,0,0,0,0,0,0,0,30.88611
2,15.65189,0,0,0,0,0,0,0,0,0,0,0,0,38.91673
2,15.62641,0,0,0,0,0,0,0,0,0,0,0,0,28.0568
2,18.74535,0,0,0,0,0,0,0,0,0,0,0,0,30.47967
2,18.89001,0,0,0,0,0,0,0,0,0,0,0,0,30.1404
2,13.80382,0,0,0,0,0,0,0,0,0,0,0,0,24.32985
2,21.52179,0,0,0,0,0,0,0,0,0,0,0,0,32.05495
2,23.23573,0,0,0,0,0,0,0,0,0,0,0,0,30.80931
2,13.30335,0,0,0,0,0,0,0,0,0,0,0,0,26.5932
2,21.41089,0,0,0,0,0,0,0,0,0,0,0,0,31.51282
2,15.58118,0,0,0,0,0,0,0,0,0,0,0,0,26.878
2,17.62705,0,0,0,0,0,0,0,0,0,0,0,0,30.22912
2,14.64125,0,0,0,0,0,0,0,0,0,0,0,0,32.49959
2,22.12662,0,0,0,0,0,0,0,0,0,0,0,0,28.61411
2,20.11269,0,0,0,0,0,0,0,0,0,0,0,0,27.0865
2,22.16578,0,0,0,0,0,0,0,0,0,0,0,0,27.06527
2,24.77872,0,0,0,0,0,0,0,0,0,0,0,0,30.1428
2,23.16472,0,0,0,0,0,0,0,0,0,0,0,0,30.93195
2,17.44364,0,0,0,0,0,0,0,0,0,0,0,0,29.28821
2,14.17331,0,0,0,0,0,0,0,0,0,0,0,0,26.22056
2,16.64968,0,0,0,0,0,0,0,0,0,0,0,0,26.81812
2,19.00825,0,0,0,0,0,0,0,0,0,0,0,0,29.0292
2,10.6406,0,0,0,0,0,0,0,0,0,0,0,0,25.23902
2,19.17927,0,0,0,0,0,0,0,0,0,0,0,0,31.21421
2,24.60436,0,0,0,0,0,0,0,0,0,0,0,0,33.15317
2,12.71297,0,0,0,0,0,0,0,0,0,0,0,0,29.00545
2,22.0025,0,0,0,0,0,0,0,0,0,0,0,0,35.10447
2,17.55968,0,0,0,0,0,0,0,0,0,0,0,0,33.37639
2,15.13928,0,0,0,0,0,0,0,0,0,0,0,0,24.98881
2,19.37569,0,0,0,0,0,0,0,0,0,0,0,0,25.86397
2,15.59916,0,0,0,0,0,0,0,0,0,0,0,0,29.8546
2,13.87793,0,0,0,0,0,0,0,0,0,0,0,0,30.6022
2,18.7807,0,0,0,0,0,0,0,0,0,0,0,0,29.15437
2,19.93344,0,0,0,0,0,0,0,0,0,0,0,0,31.52867
2,18.21565,0,0,0,0,0,0,0,0,0,0,0,0,30.97463
2,23.44016,0,0,0,0,0,0,0,0,0,0,0,0,29.42754
2,11.76317,0,0,0,0,0,0,0,0,0,0,0,0,26.46691
2,17.16661,0,0,0,0,0,0,0,0,0,0,0,0,25.16298
2,16.23849,0,0,0,0,0,0,0,0,0,0,0,0,31.08023
2,15.14177,0,0,0,0,0,0,0,0,0,0,0,0,26.3326
2,13.70229,0,0,0,0,0,0,0,0,0,0,0,0,29.50192
2,22.03507,0,0,0,0,0,0,0,0,0,0,0,0,31.28788
2,18.85517,0,0,0,0,0,0,0,0,0,0,0,0,31.95992
2,16.37303,0,0,0,0,0,0,0,0,0,0,0,0,27.61464
2,17.11786,0,0,0,0,0,0,0,0,0,0,0,0,29.42948
2,15.12343,0,0,0,0,0,0,0,0,0,0,0,0,27.06762
2,18.88554,0,0,0,0,0,0,0,0,0,0,0,0,28.66338
2,13.53452,0,0,0,0,0,0,0,0,0,0,0,0,28.03271
2,18.25071,0,0,0,0,0,0,0,0,0,0,0,0,34.37672
2,21.61133,0,0,0,0,0,0,0,0,0,0,0,0,31.15942
2,19.88529,0,0,0,0,0,0,0,0,0,0,0,0,27.34074
2,27.61439,0,0,0,0,0,0,0,0,0,0,0,0,35.45163
2,16.5675,0,0,0,0,0,0,0,0,0,0,0,0,27.98192
2,20.88491,0,0,0,0,0,0,0,0,0,0,0,0,30.23527
2,20.78023,0,0,0,0,0,0,0,0,0,0,0,0,32.12168
2,17.6191,0,0,0,0,0,0,0,0,0,0,0,0,30.64055
2,18.21959,0,0,0,0,0,0,0,0,0,0,0,0,30.77047
2,15.40726,0,0,0,0,0,0,0,0,0,0,0,0,29.85578
2,16.21437,0,0,0,0,0,0,0,0,0,0,0,0,31.56512
2,14.87504,0,0,0,0,0,0,0,0,0,0,0,0,26.34302
2,20.51155,0,0,0,0,0,0,0,0,0,0,0,0,31.66573
2,16.78788,0,0,0,0,0,0,0,0,0,0,0,0,30.80979
2,17.80091,0,0,0,0,0,0,0,0,0,0,0,0,30.37629
2,21.55966,0,0,0,0,0,0,0,0,0,0,0,0,28.99452
2,20.01702,0,0,0,0,0,0,0,0,0,0,0,0,31.32359
2,29.1166,0,0,0,0,0,0,0,0,0,0,0,0,32.2336
2,22.96559,0,0,0,0,0,0,0,0,0,0,0,0,26.8285
2,22.83134,0,0,0,0,0,0,0,0,0,0,0,0,29.84829
2,22.44561,0,0,0,0,0,0,0,0,0,0,0,0,38.60619
2,23.36867,0,0,0,0,0,0,0,0,0,0,0,0,35.6977
2,13.45165,0,0,0,0,0,0,0,0,0,0,0,0,27.80711
2,25.82302,0,0,0,0,0,0,0,0,0,0,0,0,33.22902
2,18.30735,0,0,0,0,0,0,0,0,0,0,0,0,31.28716
2,21.67872,0,0,0,0,0,0,0,0,0,0,0,0,32.98105
2,19.58012,0,0,0,0,0,0,0,0,0,0,0,0,27.7779
2,13.2524,0,0,0,0,0,0,0,0,0,0,0,0,28.41681
2,23.33405,0,0,0,0,0,0,0,0,0,0,0,0,34.57886
2,14.70194,0,0,0,0,0,0,0,0,0,0,0,0,30.41851
2,19.8556,0,0,0,0,0,0,0,0,0,0,0,0,29.86245
2,22.30216,0,0,0,0,0,0,0,0,0,0,0,0,33.40616
2,23.06481,0,0,0,0,0,0,0,0,0,0,0,0,29.77098
2,20.20173,0,0,0,0,0,0,0,0,0,0,0,0,27.16426
2,19.46161,0,0,0,0,0,0,0,0,0,0,0,0,28.82594
2,19.72231,0,0,0,0,0,0,0,0,0,0,0,0,28.9863
2,23.06392,0,0,0,0,0,0,0,0,0,0,0,0,34.73211
2,22.72648,0,0,0,0,0,0,0,0,0,0,0,0,30.05297
2,24.08634,0,0,0,0,0,0,0,0,0,0,0,0,30.29359
2,19.36266,0,0,0,0,0,0,0,0,0,0,0,0,29.36161
2,18.90823,0,0,0,0,0,0,0,0,0,0,0,0,29.84019
2,23.27317,0,0,0,0,0,0,0,0,0,0,0,0,33.72085
2,17.21174,0,0,0,0,0,0,0,0,0,0,0,0,29.6386
2,19.21539,0,0,0,0,0,0,0,0,0,0,0,0,32.3177
2,27.19762,0,0,0,0,0,0,0,0,0,0,0,0,34.24697
2,20.69418,0,0,0,0,0,0,0,0,0,0,0,0,32.21052
2,30.54127,0,0,0,0,0,0,0,0,0,0,0,0,37.80196
2,16.01063,0,0,0,0,0,0,0,0,0,0,0,0,30.34458
2,16.10709,0,0,0,0,0,0,0,0,0,0,0,0,31.17266
2,15.68673,0,0,0,0,0,0,0,0,0,0,0,0,26.37486
2,17.79497,0,0,0,0,0,0,0,0,0,0,0,0,30.60518
2,15.31438,0,0,0,0,0,0,0,0,0,0,0,0,30.22633
2,16.23254,0,0,0,0,0,0,0,0,0,0,0,0,33.27878
2,20.28722,0,0,0,0,0,0,0,0,0,0,0,0,33.05772
2,22.99685,0,0,0,0,0,0,0,0,0,0,0,0,29.0694
2,20.90376,0,0,0,0,0,0,0,0,0,0,0,0,29.92708
2,16.90267,0,0,0,0,0,0,0,0,0,0,0,0,28.05615
2,17.74038,0,0,0,0,0,0,0,0,0,0,0,0,31.80637
2,17.2902,0,0,0,0,0,0,0,0,0,0,0,0,27.29704
2,20.00446,0,0,0,0,0,0,0,0,0,0,0,0,47.61288
2,16.82806,0,0,0,0,0,0,0,0,0,0,0,0,30.96982
2,18.90446,0,0,0,0,0,0,0,0,0,0,0,0,32.82325
2,16.74982,0,0,0,0,0,0,0,0,0,0,0,0,27.69493
2,21.60365,0,0,0,0,0,0,0,0,0,0,0,0,34.92417
2,18.5729,0,0,0,0,0,0,0,0,0,0,0,0,32.38405
2,20.89863,0,0,0,0,0,0,0,0,0,0,0,0,31.77418
2,15.58783,0,0,0,0,0,0,0,0,0,0,0,0,30.39093
2,19.73197,0,0,0,0,0,0,0,0,0,0,0,0,28.37091
2,17.64495,0,0,0,0,0,0,0,0,0,0,0,0,30.46346
2,26.98344,0,0,0,0,0,0,0,0,0,0,0,0,33.60826
2,17.78728,0,0,0,0,0,0,0,0,0,0,0,0,30.16023
2,21.28599,0,0,0,0,0,0,0,0,0,0,0,0,32.21071
2,19.97779,0,0,0,0,0,0,0,0,0,0,0,0,28.95739
2,25.2429,0,0,0,0,0,0,0,0,0,0,0,0,33.62816
2,19.00047,0,0,0,0,0,0,0,0,0,0,0,0,29.90087
2,17.01575,0,0,0,0,0,0,0,0,0,0,0,0,33.19939
2,21.07284,0,0,0,0,0,0,0,0,0,0,0,0,46.18979
2,27.93307,0,0,0,0,0,0,0,0,0,0,0,0,33.09003
2,20.96474,0,0,0,0,0,0,0,0,0,0,0,0,35.71206
2,17.524,0,0,0,0,0,0,0,0,0,0,0,0,29.36223
2,15.4986,0,0,0,0,0,0,0,0,0,0,0,0,27.57589
2,20.7674,0,0,0,0,0,0,0,0,0,0,0,0,34.19712
2,24.73428,0,0,0,0,0,0,0,0,0,0,0,0,32.9818
2,19.35815,0,0,0,0,0,0,0,0,0,0,0,0,30.44017
2,21.63733,0,0,0,0,0,0,0,0,0,0,0,0,30.27098
2,15.9835,0,0,0,0,0,0,0,0,0,0,0,0,30.53773
2,17.91462,0,0,0,0,0,0,0,0,0,0,0,0,30.57857
2,20.96764,0,0,0,0,0,0,0,0,0,0,0,0,29.35085
2,14.41673,0,0,0,0,0,0,0,0,0,0,0,0,32.05395
2,20.53828,0,0,0,0,0,0,0,0,0,0,0,0,30.44852
2,19.8194,0,0,0,0,0,0,0,0,0,0,0,0,29.67767
2,28.43486,0,0,0,0,0,0,0,0,0,0,0,0,41.40709
2,23.72908,0,0,0,0,0,0,0,0,0,0,0,0,35.17605
2,18.41351,0,0,0,0,0,0,0,0,0,0,0,0,29.49707
2,24.80025,0,0,0,0,0,0,0,0,0,0,0,0,29.85306
2,23.42055,0,0,0,0,0,0,0,0,0,0,0,0,33.0924
2,24.13631,0,0,0,0,0,0,0,0,0,0,0,0,37.7261
2,26.58848,0,0,0,0,0,0,0,0,0,0,0,0,32.62556
2,18.94728,0,0,0,0,0,0,0,0,0,0,0,0,28.35308
2,17.29217,0,0,0,0,0,0,0,0,0,0,0,0,29.57339
2,21.55381,0,0,0,0,0,0,0,0,0,0,0,0,31.64359
2,14.78924,0,0,0,0,0,0,0,0,0,0,0,0,31.42935
2,17.31244,0,0,0,0,0,0,0,0,0,0,0,0,29.64799
2,16.89935,0,0,0,0,0,0,0,0,0,0,0,0,26.92685
2,23.5679,0,0,0,0,0,0,0,0,0,0,0,0,29.26949
2,16.0408,0,0,0,0,0,0,0,0,0,0,0,0,32.40835
2,24.19557,0,0,0,0,0,0,0,0,0,0,0,0,31.14281
2,18.41172,0,0,0,0,0,0,0,0,0,0,0,0,27.16345
2,20.67997,0,0,0,0,0,0,0,0,0,0,0,0,35.62843
2,21.03907,0,0,0,0,0,0,0,0,0,0,0,0,31.88168
2,17.6542,0,0,0,0,0,0,0,0,0,0,0,0,33.95977
2,22.0928,0,0,0,0,0,0,0,0,0,0,0,0,32.22762
2,22.07319,0,0,0,0,0,0,0,0,0,0,0,0,33.06492
2,20.34846,0,0,0,0,0,0,0,0,0,0,0,0,33.20509
2,26.99652,0,0,0,0,0,0,0,0,0,0,0,0,32.66352
2,19.19767,0,0,0,0,0,0,0,0,0,0,0,0,29.30166
2,17.24396,0,0,0,0,0,0,0,0,0,0,0,0,29.49061
2,14.80255,0,0,0,0,0,0,0,0,0,0,0,0,28.86948
2,15.03344,0,0,0,0,0,0,0,0,0,0,0,0,26.459
2,10.74521,0,0,0,0,0,0,0,0,0,0,0,0,29.32967
2,17.43065,0,0,0,0,0,0,0,0,0,0,0,0,35.83179
2,21.18292,0,0,0,0,0,0,0,0,0,0,0,0,28.57829
2,17.74765,0,0,0,0,0,0,0,0,0,0,0,0,27.13954
2,21.42314,0,0,0,0,0,0,0,0,0,0,0,0,34.9534
2,25.91972,0,0,0,0,0,0,0,0,0,0,0,0,33.10546
2,16.62479,0,0,0,0,0,0,0,0,0,0,0,0,27.27751
2,21.22025,0,0,0,0,0,0,0,0,0,0,0,0,32.29524
2,25.88657,0,0,0,0,0,0,0,0,0,0,0,0,39.37919
2,19.81727,0,0,0,0,0,0,0,0,0,0,0,0,27.85965
2,15.04084,0,0,0,0,0,0,0,0,0,0,0,0,30.19214
2,15.49273,0,0,0,0,0,0,0,0,0,0,0,0,27.59669
2,20.21162,0,0,0,0,0,0,0,0,0,0,0,0,32.49973
2,23.34517,0,0,0,0,0,0,0,0,0,0,0,0,30.07662
2,19.04302,0,0,0,0,0,0,0,0,0,0,0,0,28.63666
2,25.21,0,0,0,0,0,0,0,0,0,0,0,0,32.23337
2,22.45621,0,0,0,0,0,0,0,0,0,0,0,0,31.61475
2,20.35023,0,0,0,0,0,0,0,0,0,0,0,0,32.61063
2,19.81986,0,0,0,0,0,0,0,0,0,0,0,0,31.40856
2,19.20937,0,0,0,0,0,0,0,0,0,0,0,0,31.42673
2,18.27032,0,0,0,0,0,0,0,0,0,0,0,0,31.28568
2,28.99481,0,0,0,0,0,0,0,0,0,0,0,0,35.47636
2,18.13019,0,0,0,0,0,0,0,0,0,0,0,0,33.1517
2,17.81759,0,0,0,0,0,0,0,0,0,0,0,0,28.52653
2,17.78137,0,0,0,0,0,0,0,0,0,0,0,0,26.84554
2,13.04034,0,0,0,0,0,0,0,0,0,0,0,0,28.26086
2,21.31445,0,0,0,0,0,0,0,0,0,0,0,0,30.63368
2,23.65606,0,0,0,0,0,0,0,0,0,0,0,0,37.26462
2,18.32657,0,0,0,0,0,0,0,0,0,0,0,0,30.37938
2,20.72122,0,0,0,0,0,0,0,0,0,0,0,0,40.53972
2,15.76045,0,0,0,0,0,0,0,0,0,0,0,0,33.92003
2,17.08804,0,0,0,0,0,0,0,0,0,0,0,0,26.78327
2,22.58468,0,0,0,0,0,0,0,0,0,0,0,0,31.214
2,14.10954,0,0,0,0,0,0,0,0,0,0,0,0,35.22581
2,19.84754,0,0,0,0,0,0,0,0,0,0,0,0,26.74051
2,21.80124,0,0,0,0,0,0,0,0,0,0,0,0,30.25356
2,17.93655,0,0,0,0,0,0,0,0,0,0,0,0,27.42071
2,25.79063,0,0,0,0,0,0,0,0,0,0,0,0,32.81065
2,17.65806,0,0,0,0,0,0,0,0,0,0,0,0,29.70023
2,14.66587,0,0,0,0,0,0,0,0,0,0,0,0,28.62382
2,18.75078,0,0,0,0,0,0,0,0,0,0,0,0,31.27609
2,17.50397,0,0,0,0,0,0,0,0,0,0,0,0,27.31729
2,21.61349,0,0,0,0,0,0,0,0,0,0,0,0,25.75374
2,19.20114,0,0,0,0,0,0,0,0,0,0,0,0,28.4651
2,25.30561,0,0,0,0,0,0,0,0,0,0,0,0,30.17366
2,29.16228,0,0,0,0,0,0,0,0,0,0,0,0,31.65378
2,14.66745,0,0,0,0,0,0,0,0,0,0,0,0,28.68988
2,23.51341,0,0,0,0,0,0,0,0,0,0,0,0,29.89515
2,9.910399,0,0,0,0,0,0,0,0,0,0,0,0,25.79465
2,17.34178,0,0,0,0,0,0,0,0,0,0,0,0,27.86054
2,19.26089,0,0,0,0,0,0,0,0,0,0,0,0,31.59634
2,23.85455,0,0,0,0,0,0,0,0,0,0,0,0,29.94306
2,21.55157,0,0,0,0,0,0,0,0,0,0,0,0,30.44467
2,20.63718,0,0,0,0,0,0,0,0,0,0,0,0,32.82958
2,19.89694,0,0,0,0,0,0,0,0,0,0,0,0,30.57611
2,16.8187,0,0,0,0,0,0,0,0,0,0,0,0,28.55603
2,23.05975,0,0,0,0,0,0,0,0,0,0,0,0,29.67351
2,20.5864,0,0,0,0,0,0,0,0,0,0,0,0,30.41793
2,19.40355,0,0,0,0,0,0,0,0,0,0,0,0,30.45756
2,21.47896,0,0,0,0,0,0,0,0,0,0,0,0,30.82082
2,18.28675,0,0,0,0,0,0,0,0,0,0,0,0,32.64798
2,23.03888,0,0,0,0,0,0,0,0,0,0,0,0,31.41551
2,18.16793,0,0,0,0,0,0,0,0,0,0,0,0,31.67776
2,26.93395,0,0,0,0,0,0,0,0,0,0,0,0,29.11952
2,19.90232,0,0,0,0,0,0,0,0,0,0,0,0,30.96312
2,15.63484,0,0,0,0,0,0,0,0,0,0,0,0,27.81987
2,16.42306,0,0,0,0,0,0,0,0,0,0,0,0,26.82449
2,14.94458,0,0,0,0,0,0,0,0,0,0,0,0,26.28304
2,23.94319,0,0,0,0,0,0,0,0,0,0,0,0,34.93854
2,18.21152,0,0,0,0,0,0,0,0,0,0,0,0,31.73885
2,19.22835,0,0,0,0,0,0,0,0,0,0,0,0,30.73763
2,22.86165,0,0,0,0,0,0,0,0,0,0,0,0,29.8723
2,14.28237,0,0,0,0,0,0,0,0,0,0,0,0,26.75267
2,18.62682,0,0,0,0,0,0,0,0,0,0,0,0,27.86734
2,18.76892,0,0,0,0,0,0,0,0,0,0,0,0,31.42347
2,20.47591,0,0,0,0,0,0,0,0,0,0,0,0,28.9218
2,20.36554,0,0,0,0,0,0,0,0,0,0,0,0,30.85691
2,14.14226,0,0,0,0,0,0,0,0,0,0,0,0,28.91751
2,22.91012,0,0,0,0,0,0,0,0,0,0,0,0,32.94418
2,26.22118,0,0,0,0,0,0,0,0,0,0,0,0,32.8699
2,25.50782,0,0,0,0,0,0,0,0,0,0,0,0,35.69992
2,26.53108,0,0,0,0,0,0,0,0,0,0,0,0,34.83802
2,22.1513,0,0,0,0,0,0,0,0,0,0,0,0,30.32268
2,25.00707,0,0,0,0,0,0,0,0,0,0,0,0,31.54211
2,22.23647,0,0,0,0,0,0,0,0,0,0,0,0,28.87131
2,14.15703,0,0,0,0,0,0,0,0,0,0,0,0,29.22974
2,21.54787,0,0,0,0,0,0,0,0,0,0,0,0,30.76764
2,17.34132,0,0,0,0,0,0,0,0,0,0,0,0,26.76965
2,19.92704,0,0,0,0,0,0,0,0,0,0,0,0,30.71824
2,20.92094,0,0,0,0,0,0,0,0,0,0,0,0,32.00866
2,17.44015,0,0,0,0,0,0,0,0,0,0,0,0,27.98798
2,18.32626,0,0,0,0,0,0,0,0,0,0,0,0,29.3695
2,19.65602,0,0,0,0,0,0,0,0,0,0,0,0,29.38506
2,18.85,0,0,0,0,0,0,0,0,0,0,0,0,28.24535
2,20.66744,0,0,0,0,0,0,0,0,0,0,0,0,28.47902
2,16.34776,0,0,0,0,0,0,0,0,0,0,0,0,24.66805
2,14.6791,0,0,0,0,0,0,0,0,0,0,0,0,30.78763
2,22.17968,0,0,0,0,0,0,0,0,0,0,0,0,29.83356
2,17.78605,0,0,0,0,0,0,0,0,0,0,0,0,31.766
2,20.64265,0,0,0,0,0,0,0,0,0,0,0,0,31.43578
2,28.99792,0,0,0,0,0,0,0,0,0,0,0,0,33.45193
2,19.62088,0,0,0,0,0,0,0,0,0,0,0,0,30.40422
2,15.02502,0,0,0,0,0,0,0,0,0,0,0,0,30.91789
2,23.79363,0,0,0,0,0,0,0,0,0,0,0,0,38.36921
2,19.51574,0,0,0,0,0,0,0,0,0,0,0,0,32.21564
2,24.01639,0,0,0,0,0,0,0,0,0,0,0,0,30.92947
2,17.83921,0,0,0,0,0,0,0,0,0,0,0,0,42.09502
2,16.8753,0,0,0,0,0,0,0,0,0,0,0,0,29.3027
2,18.49009,0,0,0,0,0,0,0,0,0,0,0,0,31.07809
2,18.63885,0,0,0,0,0,0,0,0,0,0,0,0,32.88956
2,21.3859,0,0,0,0,0,0,0,0,0,0,0,0,32.40748
2,21.43261,0,0,0,0,0,0,0,0,0,0,0,0,26.59313
2,23.66142,0,0,0,0,0,0,0,0,0,0,0,0,31.20755
2,17.5849,0,0,0,0,0,0,0,0,0,0,0,0,28.7426
2,21.03148,0,0,0,0,0,0,0,0,0,0,0,0,30.37759
2,18.67497,0,0,0,0,0,0,0,0,0,0,0,0,29.48999
2,22.80734,0,0,0,0,0,0,0,0,0,0,0,0,31.16191
2,20.46947,0,0,0,0,0,0,0,0,0,0,0,0,30.06669
2,18.49478,0,0,0,0,0,0,0,0,0,0,0,0,30.87055
2,19.25381,0,0,0,0,0,0,0,0,0,0,0,0,27.37239
2,16.44747,0,0,0,0,0,0,0,0,0,0,0,0,30.44714
2,13.038,0,0,0,0,0,0,0,0,0,0,0,0,25.82767
2,18.62787,0,0,0,0,0,0,0,0,0,0,0,0,27.35713
2,23.69927,0,0,0,0,0,0,0,0,0,0,0,0,30.05855
2,18.82624,0,0,0,0,0,0,0,0,0,0,0,0,31.05555
2,18.88889,0,0,0,0,0,0,0,0,0,0,0,0,29.22968
2,20.44725,0,0,0,0,0,0,0,0,0,0,0,0,30.75487
2,25.41589,0,0,0,0,0,0,0,0,0,0,0,0,34.10689
2,18.11052,0,0,0,0,0,0,0,0,0,0,0,0,26.17615
2,22.84119,0,0,0,0,0,0,0,0,0,0,0,0,34.40223
2,20.97431,0,0,0,0,0,0,0,0,0,0,0,0,28.38091
2,15.38583,0,0,0,0,0,0,0,0,0,0,0,0,29.6741
2,19.68849,0,0,0,0,0,0,0,0,0,0,0,0,30.9954
2,16.34907,0,0,0,0,0,0,0,0,0,0,0,0,28.78907
2,19.51812,0,0,0,0,0,0,0,0,0,0,0,0,31.05573
2,24.67371,0,0,0,0,0,0,0,0,0,0,0,0,36.24311
2,20.83079,0,0,0,0,0,0,0,0,0,0,0,0,34.23894
2,22.75642,0,0,0,0,0,0,0,0,0,0,0,0,29.81884
2,21.13858,0,0,0,0,0,0,0,0,0,0,0,0,31.86912
2,20.69303,0,0,0,0,0,0,0,0,0,0,0,0,28.53194
2,19.76216,0,0,0,0,0,0,0,0,0,0,0,0,30.6372
2,24.28289,0,0,0,0,0,0,0,0,0,0,0,0,33.99395
2,23.87908,0,0,0,0,0,0,0,0,0,0,0,0,30.49322
2,20.92564,0,0,0,0,0,0,0,0,0,0,0,0,32.51167
2,13.63793,0,0,0,0,0,0,0,0,0,0,0,0,27.49695
2,19.13512,0,0,0,0,0,0,0,0,0,0,0,0,33.92319
2,19.89491,0,0,0,0,0,0,0,0,0,0,0,0,29.62713
2,17.09582,0,0,0,0,0,0,0,0,0,0,0,0,29.61599
2,19.59916,0,0,0,0,0,0,0,0,0,0,0,0,28.13228
2,16.77916,0,0,0,0,0,0,0,0,0,0,0,0,27.81273
2,15.6152,0,0,0,0,0,0,0,0,0,0,0,0,25.62265
2,22.61629,0,0,0,0,0,0,0,0,0,0,0,0,28.67738
2,19.41364,0,0,0,0,0,0,0,0,0,0,0,0,28.46498
2,22.27052,0,0,0,0,0,0,0,0,0,0,0,0,28.31587
2,15.19339,0,0,0,0,0,0,0,0,0,0,0,0,29.45046
2,14.40425,0,0,0,0,0,0,0,0,0,0,0,0,29.05293
2,23.65826,0,0,0,0,0,0,0,0,0,0,0,0,29.50176
2,20.50941,0,0,0,0,0,0,0,0,0,0,0,0,30.44791
2,20.20093,0,0,0,0,0,0,0,0,0,0,0,0,26.93276
2,21.28957,0,0,0,0,0,0,0,0,0,0,0,0,38.19661
2,17.94893,0,0,0,0,0,0,0,0,0,0,0,0,26.89058
2,16.2904,0,0,0,0,0,0,0,0,0,0,0,0,29.50101
2,21.51194,0,0,0,0,0,0,0,0,0,0,0,0,30.29567
2,15.2714,0,0,0,0,0,0,0,0,0,0,0,0,27.05498
2,22.85439,0,0,0,0,0,0,0,0,0,0,0,0,33.76081
2,29.15138,0,0,0,0,0,0,0,0,0,0,0,0,31.50033
2,19.29507,0,0,0,0,0,0,0,0,0,0,0,0,33.94711
2,19.11974,0,0,0,0,0,0,0,0,0,0,0,0,25.58045
2,27.94558,0,0,0,0,0,0,0,0,0,0,0,0,35.13283
2,22.24822,0,0,0,0,0,0,0,0,0,0,0,0,32.0212
2,26.65236,0,0,0,0,0,0,0,0,0,0,0,0,31.63232
2,21.40146,0,0,0,0,0,0,0,0,0,0,0,0,33.36123
2,17.17961,0,0,0,0,0,0,0,0,0,0,0,0,28.45195
2,19.26843,0,0,0,0,0,0,0,0,0,0,0,0,29.37463
2,18.15202,0,0,0,0,0,0,0,0,0,0,0,0,30.59606
2,16.81349,0,0,0,0,0,0,0,0,0,0,0,0,26.60975
2,24.5432,0,0,0,0,0,0,0,0,0,0,0,0,35.12155
2,18.32482,0,0,0,0,0,0,0,0,0,0,0,0,34.75309
2,17.75497,0,0,0,0,0,0,0,0,0,0,0,0,27.3362
2,16.40106,0,0,0,0,0,0,0,0,0,0,0,0,28.60253
2,16.73154,0,0,0,0,0,0,0,0,0,0,0,0,29.73009
2,21.0472,0,0,0,0,0,0,0,0,0,0,0,0,28.08329
2,15.7645,0,0,0,0,0,0,0,0,0,0,0,0,27.7897
2,21.48372,0,0,0,0,0,0,0,0,0,0,0,0,32.37475
2,20.05942,0,0,0,0,0,0,0,0,0,0,0,0,27.67958
2,25.0407,0,0,0,0,0,0,0,0,0,0,0,0,32.65913
2,25.05301,0,0,0,0,0,0,0,0,0,0,0,0,32.90094
2,22.05243,0,0,0,0,0,0,0,0,0,0,0,0,29.66332
2,19.23591,0,0,0,0,0,0,0,0,0,0,0,0,31.83622
2,18.60366,0,0,0,0,0,0,0,0,0,0,0,0,31.37516
2,14.32098,0,0,0,0,0,0,0,0,0,0,0,0,25.46408
2,17.50883,0,0,0,0,0,0,0,0,0,0,0,0,28.09369
2,19.34051,0,0,0,0,0,0,0,0,0,0,0,0,29.55423
2,14.27556,0,0,0,0,0,0,0,0,0,0,0,0,31.95631
2,18.95584,0,0,0,0,0,0,0,0,0,0,0,0,27.45465
2,22.40784,0,0,0,0,0,0,0,0,0,0,0,0,28.79351
2,23.19568,0,0,0,0,0,0,0,0,0,0,0,0,30.60245
2,25.25954,0,0,0,0,0,0,0,0,0,0,0,0,31.02308
2,26.01205,0,0,0,0,0,0,0,0,0,0,0,0,31.90942
2,16.61065,0,0,0,0,0,0,0,0,0,0,0,0,28.03146
2,12.4468,0,0,0,0,0,0,0,0,0,0,0,0,27.14121
2,20.95081,0,0,0,0,0,0,0,0,0,0,0,0,33.21995
2,21.65422,0,0,0,0,0,0,0,0,0,0,0,0,30.35583
2,19.67866,0,0,0,0,0,0,0,0,0,0,0,0,32.56895
2,11.42043,0,0,0,0,0,0,0,0,0,0,0,0,29.21021
2,19.10246,0,0,0,0,0,0,0,0,0,0,0,0,28.50543
2,17.41422,0,0,0,0,0,0,0,0,0,0,0,0,29.4401
2,20.02149,0,0,0,0,0,0,0,0,0,0,0,0,26.23599
2,17.93027,0,0,0,0,0,0,0,0,0,0,0,0,26.65858
2,19.95284,0,0,0,0,0,0,0,0,0,0,0,0,30.86735
2,17.42183,0,0,0,0,0,0,0,0,0,0,0,0,30.37796
2,18.58054,0,0,0,0,0,0,0,0,0,0,0,0,31.81967
2,17.42516,0,0,0,0,0,0,0,0,0,0,0,0,31.69146
2,18.73305,0,0,0,0,0,0,0,0,0,0,0,0,29.56828
2,20.04215,0,0,0,0,0,0,0,0,0,0,0,0,34.26904
2,20.17071,0,0,0,0,0,0,0,0,0,0,0,0,29.11111
2,21.8298,0,0,0,0,0,0,0,0,0,0,0,0,30.62666
2,16.42554,0,0,0,0,0,0,0,0,0,0,0,0,30.63367
2,25.39252,0,0,0,0,0,0,0,0,0,0,0,0,31.58005
2,18.12582,0,0,0,0,0,0,0,0,0,0,0,0,30.31615
2,26.55016,0,0,0,0,0,0,0,0,0,0,0,0,32.51448
2,24.36959,0,0,0,0,0,0,0,0,0,0,0,0,36.56931
2,23.91437,0,0,0,0,0,0,0,0,0,0,0,0,31.92417
2,17.37867,0,0,0,0,0,0,0,0,0,0,0,0,26.39148
2,19.402,0,0,0,0,0,0,0,0,0,0,0,0,27.76819
2,21.81414,0,0,0,0,0,0,0,0,0,0,0,0,31.76789
2,29.83447,0,0,0,0,0,0,0,0,0,0,0,0,40.3271
2,24.11908,0,0,0,0,0,0,0,0,0,0,0,0,28.4251
2,22.04753,0,0,0,0,0,0,0,0,0,0,0,0,31.16207
2,19.98059,0,0,0,0,0,0,0,0,0,0,0,0,39.94854
2,18.34537,0,0,0,0,0,0,0,0,0,0,0,0,29.06438
2,18.13659,0,0,0,0,0,0,0,0,0,0,0,0,27.55357
2,21.66188,0,0,0,0,0,0,0,0,0,0,0,0,30.369
2,20.64359,0,0,0,0,0,0,0,0,0,0,0,0,44.81383
2,17.25011,0,0,0,0,0,0,0,0,0,0,0,0,27.03572
2,18.34563,0,0,0,0,0,0,0,0,0,0,0,0,29.47513
2,26.11799,0,0,0,0,0,0,0,0,0,0,0,0,29.45922
2,14.57559,0,0,0,0,0,0,0,0,0,0,0,0,25.66869
2,20.59353,0,0,0,0,0,0,0,0,0,0,0,0,29.88227
2,30.41558,0,0,0,0,0,0,0,0,0,0,0,0,33.94216
2,16.65919,0,0,0,0,0,0,0,0,0,0,0,0,28.51222
2,21.5447,0,0,0,0,0,0,0,0,0,0,0,0,30.95081
2,13.86396,0,0,0,0,0,0,0,0,0,0,0,0,25.59059
2,20.7623,0,0,0,0,0,0,0,0,0,0,0,0,30.08901
2,22.03102,0,0,0,0,0,0,0,0,0,0,0,0,36.9307
2,18.4171,0,0,0,0,0,0,0,0,0,0,0,0,32.02053
2,21.37018,0,0,0,0,0,0,0,0,0,0,0,0,29.7724
2,18.81097,0,0,0,0,0,0,0,0,0,0,0,0,31.33372
2,15.89858,0,0,0,0,0,0,0,0,0,0,0,0,27.65322
2,25.38841,0,0,0,0,0,0,0,0,0,0,0,0,36.8367
2,24.40676,0,0,0,0,0,0,0,0,0,0,0,0,44.38826
2,14.27678,0,0,0,0,0,0,0,0,0,0,0,0,26.40499
2,13.30199,0,0,0,0,0,0,0,0,0,0,0,0,28.86132
2,21.58181,0,0,0,0,0,0,0,0,0,0,0,0,29.08638
2,23.45367,0,0,0,0,0,0,0,0,0,0,0,0,30.14799
2,21.84521,0,0,0,0,0,0,0,0,0,0,0,0,30.86856
2,17.60261,0,0,0,0,0,0,0,0,0,0,0,0,27.69964
2,17.51489,0,0,0,0,0,0,0,0,0,0,0,0,38.3532
2,19.82216,0,0,0,0,0,0,0,0,0,0,0,0,29.82414
2,15.60816,0,0,0,0,0,0,0,0,0,0,0,0,27.1793
2,20.1144,0,0,0,0,0,0,0,0,0,0,0,0,34.1005
2,22.44183,0,0,0,0,0,0,0,0,0,0,0,0,29.61104
2,17.72873,0,0,0,0,0,0,0,0,0,0,0,0,30.50191
2,18.2892,0,0,0,0,0,0,0,0,0,0,0,0,31.88983
2,17.16277,0,0,0,0,0,0,0,0,0,0,0,0,29.00641
2,15.76444,0,0,0,0,0,0,0,0,0,0,0,0,28.5103
2,19.77831,0,0,0,0,0,0,0,0,0,0,0,0,37.5366
2,26.89296,0,0,0,0,0,0,0,0,0,0,0,0,34.48616
2,15.7476,0,0,0,0,0,0,0,0,0,0,0,0,27.8163
2,17.15871,0,0,0,0,0,0,0,0,0,0,0,0,27.17194
2,22.40894,0,0,0,0,0,0,0,0,0,0,0,0,30.5226
2,22.46371,0,0,0,0,0,0,0,0,0,0,0,0,28.07389
2,16.43233,0,0,0,0,0,0,0,0,0,0,0,0,27.08694
2,18.63479,0,0,0,0,0,0,0,0,0,0,0,0,31.72172
2,27.22802,0,0,0,0,0,0,0,0,0,0,0,0,35.11835
2,19.91599,0,0,0,0,0,0,0,0,0,0,0,0,30.58891
2,12.79618,0,0,0,0,0,0,0,0,0,0,0,0,29.29751
2,13.75092,0,0,0,0,0,0,0,0,0,0,0,0,30.54006
2,18.98095,0,0,0,0,0,0,0,0,0,0,0,0,30.19808
2,25.77683,0,0,0,0,0,0,0,0,0,0,0,0,30.34791
2,20.00943,0,0,0,0,0,0,0,0,0,0,0,0,27.74939
2,21.5626,0,0,0,0,0,0,0,0,0,0,0,0,32.20526
2,24.78218,0,0,0,0,0,0,0,0,0,0,0,0,32.65993
2,17.43047,0,0,0,0,0,0,0,0,0,0,0,0,27.46501
2,21.6023,0,0,0,0,0,0,0,0,0,0,0,0,30.91932
2,18.3056,0,0,0,0,0,0,0,0,0,0,0,0,26.60082
2,16.54559,0,0,0,0,0,0,0,0,0,0,0,0,28.35899
2,21.84957,0,0,0,0,0,0,0,0,0,0,0,0,32.04647
2,22.34466,0,0,0,0,0,0,0,0,0,0,0,0,32.4249
2,31.23864,0,0,0,0,0,0,0,0,0,0,0,0,33.1497
2,25.75482,0,0,0,0,0,0,0,0,0,0,0,0,33.78136
2,29.7006,0,0,0,0,0,0,0,0,0,0,0,0,32.67198
2,22.49356,0,0,0,0,0,0,0,0,0,0,0,0,32.67713
2,27.42596,0,0,0,0,0,0,0,0,0,0,0,0,32.36245
2,21.63785,0,0,0,0,0,0,0,0,0,0,0,0,30.30924
2,24.19913,0,0,0,0,0,0,0,0,0,0,0,0,34.0653
2,28.52,0,0,0,0,0,0,0,0,0,0,0,0,38.00755
2,16.04378,0,0,0,0,0,0,0,0,0,0,0,0,28.66654
2,26.33384,0,0,0,0,0,0,0,0,0,0,0,0,44.79502
2,30.3133,0,0,0,0,0,0,0,0,0,0,0,0,38.21209
2,22.35564,0,0,0,0,0,0,0,0,0,0,0,0,31.81162
2,25.51276,0,0,0,0,0,0,0,0,0,0,0,0,29.41059
2,18.07535,0,0,0,0,0,0,0,0,0,0,0,0,30.9377
2,25.77551,0,0,0,0,0,0,0,0,0,0,0,0,35.06626
2,20.44126,0,0,0,0,0,0,0,0,0,0,0,0,47.07104
2,23.09126,0,0,0,0,0,0,0,0,0,0,0,0,34.81646
2,25.43549,0,0,0,0,0,0,0,0,0,0,0,0,30.50417
2,21.09108,0,0,0,0,0,0,0,0,0,0,0,0,28.61886
2,23.15671,0,0,0,0,0,0,0,0,0,0,0,0,39.96616
2,20.92662,0,0,0,0,0,0,0,0,0,0,0,0,28.35033
2,20.98218,0,0,0,0,0,0,0,0,0,0,0,0,44.44194
2,23.26602,0,0,0,0,0,0,0,0,0,0,0,0,44.79287
2,22.83421,0,0,0,0,0,0,0,0,0,0,0,0,29.91527
2,19.23236,0,0,0,0,0,0,0,0,0,0,0,0,29.26979
2,21.96342,0,0,0,0,0,0,0,0,0,0,0,0,41.10228
2,12.82813,0,0,0,0,0,0,0,0,0,0,0,0,31.13059
2,19.83583,0,0,0,0,0,0,0,0,0,0,0,0,30.85591
2,16.4421,0,0,0,0,0,0,0,0,0,0,0,0,25.71883
2,22.75276,0,0,0,0,0,0,0,0,0,0,0,0,30.84036
2,20.22809,0,0,0,0,0,0,0,0,0,0,0,0,30.85899
2,26.4941,0,0,0,0,0,0,0,0,0,0,0,0,33.19611
2,27.67389,0,0,0,0,0,0,0,0,0,0,0,0,39.70057
2,15.87906,0,0,0,0,0,0,0,0,0,0,0,0,26.13668
2,20.24958,0,0,0,0,0,0,0,0,0,0,0,0,29.38498
2,18.87415,0,0,0,0,0,0,0,0,0,0,0,0,34.22208
2,26.46266,0,0,0,0,0,0,0,0,0,0,0,0,46.24555
2,19.8139,0,0,0,0,0,0,0,0,0,0,0,0,28.5203
2,21.41185,0,0,0,0,0,0,0,0,0,0,0,0,33.9158
2,29.13856,0,0,0,0,0,0,0,0,0,0,0,0,48.53214
2,20.00403,0,0,0,0,0,0,0,0,0,0,0,0,40.15342
2,18.51254,0,0,0,0,0,0,0,0,0,0,0,0,32.44086
2,17.3881,0,0,0,0,0,0,0,0,0,0,0,0,29.03029
2,25.68566,0,0,0,0,0,0,0,0,0,0,0,0,36.8983
2,23.6206,0,0,0,0,0,0,0,0,0,0,0,0,31.34025
2,23.33864,0,0,0,0,0,0,0,0,0,0,0,0,31.19139
2,19.71265,0,0,0,0,0,0,0,0,0,0,0,0,30.40059
2,33.03521,0,0,0,0,0,0,0,0,0,0,0,0,37.23071
2,17.96617,0,0,0,0,0,0,0,0,0,0,0,0,46.54009
2,29.90292,0,0,0,0,0,0,0,0,0,0,0,0,30.88846
2,20.50428,0,0,0,0,0,0,0,0,0,0,0,0,42.32591
2,16.52674,0,0,0,0,0,0,0,0,0,0,0,0,29.84058
2,16.0923,0,0,0,0,0,0,0,0,0,0,0,0,42.75957
2,24.07103,0,0,0,0,0,0,0,0,0,0,0,0,29.95603
2,25.97014,0,0,0,0,0,0,0,0,0,0,0,0,33.33897
2,22.57012,0,0,0,0,0,0,0,0,0,0,0,0,32.08381
2,16.98003,0,0,0,0,0,0,0,0,0,0,0,0,44.32618
2,16.13666,0,0,0,0,0,0,0,0,0,0,0,0,31.01787
2,17.82801,0,0,0,0,0,0,0,0,0,0,0,0,32.92995
2,28.25046,0,0,0,0,0,0,0,0,0,0,0,0,33.47813
2,25.12305,0,0,0,0,0,0,0,0,0,0,0,0,31.90108
2,17.96395,0,0,0,0,0,0,0,0,0,0,0,0,28.04718
2,19.88602,0,0,0,0,0,0,0,0,0,0,0,0,47.27173
2,26.09329,0,0,0,0,0,0,0,0,0,0,0,0,32.28395
2,22.99939,0,0,0,0,0,0,0,0,0,0,0,0,33.38327
2,30.43388,0,0,0,0,0,0,0,0,0,0,0,0,43.27555
2,22.28641,0,0,0,0,0,0,0,0,0,0,0,0,35.51612
2,27.5047,0,0,0,0,0,0,0,0,0,0,0,0,36.73266
2,30.39017,0,0,0,0,0,0,0,0,0,0,0,0,41.64866
2,25.12324,0,0,0,0,0,0,0,0,0,0,0,0,40.70339
2,18.03413,0,0,0,0,0,0,0,0,0,0,0,0,28.00419
2,17.03133,0,0,0,0,0,0,0,0,0,0,0,0,29.96308
2,21.48898,0,0,0,0,0,0,0,0,0,0,0,0,31.03306
2,23.8652,0,0,0,0,0,0,0,0,0,0,0,0,31.74492
2,25.70439,0,0,0,0,0,0,0,0,0,0,0,0,30.20959
2,24.0103,0,0,0,0,0,0,0,0,0,0,0,0,30.49934
2,19.85153,0,0,0,0,0,0,0,0,0,0,0,0,31.79123
2,27.58834,0,0,0,0,0,0,0,0,0,0,0,0,41.53265
2,23.59043,0,0,0,0,0,0,0,0,0,0,0,0,28.54232
2,24.58131,0,0,0,0,0,0,0,0,0,0,0,0,37.44884
2,21.4681,0,0,0,0,0,0,0,0,0,0,0,0,35.93982
2,18.67582,0,0,0,0,0,0,0,0,0,0,0,0,33.21712
2,35.24331,0,0,0,0,0,0,0,0,0,0,0,0,40.36726
2,26.14511,0,0,0,0,0,0,0,0,0,0,0,0,32.89588
2,17.55758,0,0,0,0,0,0,0,0,0,0,0,0,46.53897
2,16.95115,0,0,0,0,0,0,0,0,0,0,0,0,30.65073
2,24.8435,0,0,0,0,0,0,0,0,0,0,0,0,40.99022
2,17.90394,0,0,0,0,0,0,0,0,0,0,0,0,29.26233
2,18.01144,0,0,0,0,0,0,0,0,0,0,0,0,31.60766
2,24.22606,0,0,0,0,0,0,0,0,0,0,0,0,32.95197
2,23.43413,0,0,0,0,0,0,0,0,0,0,0,0,32.26251
2,31.8753,0,0,0,0,0,0,0,0,0,0,0,0,35.73476
2,18.7338,0,0,0,0,0,0,0,0,0,0,0,0,31.00017
2,19.25183,0,0,0,0,0,0,0,0,0,0,0,0,30.97674
2,21.49675,0,0,0,0,0,0,0,0,0,0,0,0,33.10728
2,31.24733,0,0,0,0,0,0,0,0,0,0,0,0,40.96654
2,17.43676,0,0,0,0,0,0,0,0,0,0,0,0,32.80148
2,19.54434,0,0,0,0,0,0,0,0,0,0,0,0,30.78985
2,28.46095,0,0,0,0,0,0,0,0,0,0,0,0,41.06713
2,27.39416,0,0,0,0,0,0,0,0,0,0,0,0,40.68008
2,18.1976,0,0,0,0,0,0,0,0,0,0,0,0,31.39575
2,22.65335,0,0,0,0,0,0,0,0,0,0,0,0,37.24895
2,31.57662,0,0,0,0,0,0,0,0,0,0,0,0,47.80469
2,27.48238,0,0,0,0,0,0,0,0,0,0,0,0,41.36538
2,29.00087,0,0,0,0,0,0,0,0,0,0,0,0,39.69484
2,23.80433,0,0,0,0,0,0,0,0,0,0,0,0,33.24878
2,18.12663,0,0,0,0,0,0,0,0,0,0,0,0,29.12333
2,17.39775,0,0,0,0,0,0,0,0,0,0,0,0,31.26826
2,15.32348,0,0,0,0,0,0,0,0,0,0,0,0,29.2522
2,21.57983,0,0,0,0,0,0,0,0,0,0,0,0,39.49399
2,17.61757,0,0,0,0,0,0,0,0,0,0,0,0,35.70867
2,24.7514,0,0,0,0,0,0,0,0,0,0,0,0,32.56532
2,15.69353,0,0,0,0,0,0,0,0,0,0,0,0,29.16349
2,17.96322,0,0,0,0,0,0,0,0,0,0,0,0,32.27655
2,26.58221,0,0,0,0,0,0,0,0,0,0,0,0,42.36572
2,22.91503,0,0,0,0,0,0,0,0,0,0,0,0,35.85178
2,22.84102,0,0,0,0,0,0,0,0,0,0,0,0,47.29781
2,30.56462,0,0,0,0,0,0,0,0,0,0,0,0,42.18285
2,24.67394,0,0,0,0,0,0,0,0,0,0,0,0,35.59108
2,17.62892,0,0,0,0,0,0,0,0,0,0,0,0,33.06149
2,12.41927,0,0,0,0,0,0,0,0,0,0,0,0,27.64038
2,30.69422,0,0,0,0,0,0,0,0,0,0,0,0,35.86178
2,20.14522,0,0,0,0,0,0,0,0,0,0,0,0,28.19377
2,31.89135,0,0,0,0,0,0,0,0,0,0,0,0,34.22371
2,31.46554,0,0,0,0,0,0,0,0,0,0,0,0,39.24685
2,17.747,0,0,0,0,0,0,0,0,0,0,0,0,32.37013
2,14.55812,0,0,0,0,0,0,0,0,0,0,0,0,25.92612
2,25.29435,0,0,0,0,0,0,0,0,0,0,0,0,29.88887
2,26.31847,0,0,0,0,0,0,0,0,0,0,0,0,31.06472
2,25.14714,0,0,0,0,0,0,0,0,0,0,0,0,35.51823
2,22.94381,0,0,0,0,0,0,0,0,0,0,0,0,32.64825
2,17.69564,0,0,0,0,0,0,0,0,0,0,0,0,31.72237
2,17.8716,0,0,0,0,0,0,0,0,0,0,0,0,30.01606
2,23.68976,0,0,0,0,0,0,0,0,0,0,0,0,32.31441
2,24.79158,0,0,0,0,0,0,0,0,0,0,0,0,35.12051
2,12.78219,0,0,0,0,0,0,0,0,0,0,0,0,25.85372
2,22.0682,0,0,0,0,0,0,0,0,0,0,0,0,33.06684
2,31.05263,0,0,0,0,0,0,0,0,0,0,0,0,46.92089
2,18.50865,0,0,0,0,0,0,0,0,0,0,0,0,44.71505
2,26.97228,0,0,0,0,0,0,0,0,0,0,0,0,34.59502
2,23.395,0,0,0,0,0,0,0,0,0,0,0,0,29.06977
2,22.19928,0,0,0,0,0,0,0,0,0,0,0,0,34.38194
2,29.34535,0,0,0,0,0,0,0,0,0,0,0,0,36.00877
2,24.95137,0,0,0,0,0,0,0,0,0,0,0,0,33.30553
2,19.88057,0,0,0,0,0,0,0,0,0,0,0,0,30.53136
2,24.65391,0,0,0,0,0,0,0,0,0,0,0,0,34.31951
2,20.40782,0,0,0,0,0,0,0,0,0,0,0,0,30.73347
2,27.31315,0,0,0,0,0,0,0,0,0,0,0,0,34.88897
2,22.36455,0,0,0,0,0,0,0,0,0,0,0,0,29.38367
2,12.41116,0,0,0,0,0,0,0,0,0,0,0,0,27.29944
2,33.76381,0,0,0,0,0,0,0,0,0,0,0,0,31.40814
2,27.53874,0,0,0,0,0,0,0,0,0,0,0,0,32.86066
2,21.66956,0,0,0,0,0,0,0,0,0,0,0,0,33.34504
2,23.8041,0,0,0,0,0,0,0,0,0,0,0,0,28.91879
2,27.30921,0,0,0,0,0,0,0,0,0,0,0,0,41.07994
2,22.44224,0,0,0,0,0,0,0,0,0,0,0,0,40.00714
2,27.10355,0,0,0,0,0,0,0,0,0,0,0,0,34.97302
2,19.33322,0,0,0,0,0,0,0,0,0,0,0,0,31.81295
2,21.80295,0,0,0,0,0,0,0,0,0,0,0,0,35.2795
2,27.11606,0,0,0,0,0,0,0,0,0,0,0,0,34.37272
2,24.23448,0,0,0,0,0,0,0,0,0,0,0,0,34.62119
2,26.02073,0,0,0,0,0,0,0,0,0,0,0,0,47.80133
2,26.50174,0,0,0,0,0,0,0,0,0,0,0,0,33.40112
2,13.76057,0,0,0,0,0,0,0,0,0,0,0,0,33.02318
2,15.59145,0,0,0,0,0,0,0,0,0,0,0,0,26.11747
2,21.38779,0,0,0,0,0,0,0,0,0,0,0,0,30.51379
2,30.96946,0,0,0,0,0,0,0,0,0,0,0,0,46.50357
2,21.21384,0,0,0,0,0,0,0,0,0,0,0,0,46.50665
2,23.25204,0,0,0,0,0,0,0,0,0,0,0,0,48.31664
2,29.82328,0,0,0,0,0,0,0,0,0,0,0,0,41.6405
2,17.45683,0,0,0,0,0,0,0,0,0,0,0,0,30.05004
2,23.70052,0,0,0,0,0,0,0,0,0,0,0,0,42.3767
2,15.84704,0,0,0,0,0,0,0,0,0,0,0,0,27.59593
2,19.58476,0,0,0,0,0,0,0,0,0,0,0,0,31.71992
2,14.06469,0,0,0,0,0,0,0,0,0,0,0,0,28.90677
2,24.60702,0,0,0,0,0,0,0,0,0,0,0,0,31.04195
2,17.22185,0,0,0,0,0,0,0,0,0,0,0,0,33.66905
2,19.28551,0,0,0,0,0,0,0,0,0,0,0,0,29.68805
2,21.87255,0,0,0,0,0,0,0,0,0,0,0,0,44.55633
2,18.51008,0,0,0,0,0,0,0,0,0,0,0,0,35.65676
2,15.60441,0,0,0,0,0,0,0,0,0,0,0,0,44.40963
2,27.67616,0,0,0,0,0,0,0,0,0,0,0,0,37.47539
2,19.032,0,0,0,0,0,0,0,0,0,0,0,0,31.47476
2,24.48085,0,0,0,0,0,0,0,0,0,0,0,0,31.73059
2,19.23745,0,0,0,0,0,0,0,0,0,0,0,0,30.04108
2,26.78522,0,0,0,0,0,0,0,0,0,0,0,0,39.13877
2,19.53903,0,0,0,0,0,0,0,0,0,0,0,0,31.76406
2,19.04235,0,0,0,0,0,0,0,0,0,0,0,0,31.40826
2,17.19393,0,0,0,0,0,0,0,0,0,0,0,0,30.89248
2,18.62075,0,0,0,0,0,0,0,0,0,0,0,0,46.7743
2,29.2267,0,0,0,0,0,0,0,0,0,0,0,0,35.59784
2,31.22814,0,0,0,0,0,0,0,0,0,0,0,0,34.89376
2,27.1689,0,0,0,0,0,0,0,0,0,0,0,0,35.56137
2,19.34435,0,0,0,0,0,0,0,0,0,0,0,0,33.03561
2,25.55449,0,0,0,0,0,0,0,0,0,0,0,0,32.44819
2,23.56147,0,0,0,0,0,0,0,0,0,0,0,0,33.46008
2,30.63813,0,0,0,0,0,0,0,0,0,0,0,0,44.18454
2,28.45091,0,0,0,0,0,0,0,0,0,0,0,0,34.35398
2,25.38445,0,0,0,0,0,0,0,0,0,0,0,0,30.63669
2,18.37714,0,0,0,0,0,0,0,0,0,0,0,0,29.92311
2,24.50691,0,0,0,0,0,0,0,0,0,0,0,0,32.59227
2,24.25319,0,0,0,0,0,0,0,0,0,0,0,0,29.41919
2,21.80696,0,0,0,0,0,0,0,0,0,0,0,0,29.4241
2,21.44656,0,0,0,0,0,0,0,0,0,0,0,0,30.28805
2,23.08645,0,0,0,0,0,0,0,0,0,0,0,0,34.37092
2,19.65838,0,0,0,0,0,0,0,0,0,0,0,0,28.59949
2,13.59539,0,0,0,0,0,0,0,0,0,0,0,0,27.90291
2,25.68286,0,0,0,0,0,0,0,0,0,0,0,0,48.3833
2,21.32812,0,0,0,0,0,0,0,0,0,0,0,0,31.81483
2,20.28483,0,0,0,0,0,0,0,0,0,0,0,0,46.99904
2,18.59112,0,0,0,0,0,0,0,0,0,0,0,0,28.05972
2,25.347,0,0,0,0,0,0,0,0,0,0,0,0,31.5306
2,24.7951,0,0,0,0,0,0,0,0,0,0,0,0,33.64639
2,18.5667,0,0,0,0,0,0,0,0,0,0,0,0,25.35773
2,30.86726,0,0,0,0,0,0,0,0,0,0,0,0,48.63189
2,17.7766,0,0,0,0,0,0,0,0,0,0,0,0,28.66648
2,19.59812,0,0,0,0,0,0,0,0,0,0,0,0,28.88842
2,21.13297,0,0,0,0,0,0,0,0,0,0,0,0,31.30233
2,20.6735,0,0,0,0,0,0,0,0,0,0,0,0,32.21791
2,12.88846,0,0,0,0,0,0,0,0,0,0,0,0,25.74713
2,21.78412,0,0,0,0,0,0,0,0,0,0,0,0,30.98293
2,25.93662,0,0,0,0,0,0,0,0,0,0,0,0,30.8725
2,26.37952,0,0,0,0,0,0,0,0,0,0,0,0,37.9367
2,17.33702,0,0,0,0,0,0,0,0,0,0,0,0,34.76776
2,19.43213,0,0,0,0,0,0,0,0,0,0,0,0,29.08812
2,23.76457,0,0,0,0,0,0,0,0,0,0,0,0,34.6266
2,18.86024,0,0,0,0,0,0,0,0,0,0,0,0,30.67375
2,19.52366,0,0,0,0,0,0,0,0,0,0,0,0,30.06995
2,29.27178,0,0,0,0,0,0,0,0,0,0,0,0,33.8662
2,19.39755,0,0,0,0,0,0,0,0,0,0,0,0,27.74537
2,22.72611,0,0,0,0,0,0,0,0,0,0,0,0,30.46634
2,14.01269,0,0,0,0,0,0,0,0,0,0,0,0,26.48077
2,17.13221,0,0,0,0,0,0,0,0,0,0,0,0,26.24069
2,18.6448,0,0,0,0,0,0,0,0,0,0,0,0,30.73793
2,19.50027,0,0,0,0,0,0,0,0,0,0,0,0,28.57388
2,18.78248,0,0,0,0,0,0,0,0,0,0,0,0,28.65465
2,23.57574,0,0,0,0,0,0,0,0,0,0,0,0,46.40987
2,27.66965,0,0,0,0,0,0,0,0,0,0,0,0,38.28624
2,18.6328,0,0,0,0,0,0,0,0,0,0,0,0,31.08202
2,29.33026,0,0,0,0,0,0,0,0,0,0,0,0,42.88153
2,19.402,0,0,0,0,0,0,0,0,0,0,0,0,30.79646
2,27.10191,0,0,0,0,0,0,0,0,0,0,0,0,37.55681
2,19.76728,0,0,0,0,0,0,0,0,0,0,0,0,27.16538
2,23.85102,0,0,0,0,0,0,0,0,0,0,0,0,30.26386
2,18.2371,0,0,0,0,0,0,0,0,0,0,0,0,29.51331
2,24.69394,0,0,0,0,0,0,0,0,0,0,0,0,29.55181
2,16.58446,0,0,0,0,0,0,0,0,0,0,0,0,46.99996
2,17.0524,0,0,0,0,0,0,0,0,0,0,0,0,25.58899
2,25.82681,0,0,0,0,0,0,0,0,0,0,0,0,34.21635
2,18.11864,0,0,0,0,0,0,0,0,0,0,0,0,28.79549
2,19.2949,0,0,0,0,0,0,0,0,0,0,0,0,28.96902
2,16.47842,0,0,0,0,0,0,0,0,0,0,0,0,28.07375
2,17.90568,0,0,0,0,0,0,0,0,0,0,0,0,27.97897
2,18.34252,0,0,0,0,0,0,0,0,0,0,0,0,25.21247
2,24.23245,0,0,0,0,0,0,0,0,0,0,0,0,33.12844
2,23.05024,0,0,0,0,0,0,0,0,0,0,0,0,31.95958
2,19.6751,0,0,0,0,0,0,0,0,0,0,0,0,30.63696
2,20.5396,0,0,0,0,0,0,0,0,0,0,0,0,30.23486
2,22.74601,0,0,0,0,0,0,0,0,0,0,0,0,28.66007
2,14.36235,0,0,0,0,0,0,0,0,0,0,0,0,28.73123
2,18.6388,0,0,0,0,0,0,0,0,0,0,0,0,31.08787
2,15.93864,0,0,0,0,0,0,0,0,0,0,0,0,28.47322
2,17.25833,0,0,0,0,0,0,0,0,0,0,0,0,31.15073
2,18.85439,0,0,0,0,0,0,0,0,0,0,0,0,29.84153
2,17.66483,0,0,0,0,0,0,0,0,0,0,0,0,29.64265
2,25.83623,0,0,0,0,0,0,0,0,0,0,0,0,37.4208
2,20.83665,0,0,0,0,0,0,0,0,0,0,0,0,30.99275
2,20.2587,0,0,0,0,0,0,0,0,0,0,0,0,29.87036
2,29.80935,0,0,0,0,0,0,0,0,0,0,0,0,34.97432
2,19.83439,0,0,0,0,0,0,0,0,0,0,0,0,33.3188
2,18.50167,0,0,0,0,0,0,0,0,0,0,0,0,30.34039
2,13.71038,0,0,0,0,0,0,0,0,0,0,0,0,27.68766
2,18.95457,0,0,0,0,0,0,0,0,0,0,0,0,28.79523
2,22.94517,0,0,0,0,0,0,0,0,0,0,0,0,29.47456
2,17.06815,0,0,0,0,0,0,0,0,0,0,0,0,30.26769
2,21.22575,0,0,0,0,0,0,0,0,0,0,0,0,28.8487
2,11.934,0,0,0,0,0,0,0,0,0,0,0,0,23.35489
2,20.84216,0,0,0,0,0,0,0,0,0,0,0,0,42.67604
2,17.81752,0,0,0,0,0,0,0,0,0,0,0,0,27.68278
2,22.18769,0,0,0,0,0,0,0,0,0,0,0,0,30.29637
2,21.6046,0,0,0,0,0,0,0,0,0,0,0,0,31.81418
2,19.93394,0,0,0,0,0,0,0,0,0,0,0,0,29.71134
2,20.78659,0,0,0,0,0,0,0,0,0,0,0,0,35.15747
2,21.1956,0,0,0,0,0,0,0,0,0,0,0,0,44.2022
2,17.21698,0,0,0,0,0,0,0,0,0,0,0,0,30.14105
2,17.74849,0,0,0,0,0,0,0,0,0,0,0,0,30.09641
2,18.12904,0,0,0,0,0,0,0,0,0,0,0,0,28.76635
2,13.66718,0,0,0,0,0,0,0,0,0,0,0,0,46.0192
2,20.60873,0,0,0,0,0,0,0,0,0,0,0,0,31.24974
2,22.87005,0,0,0,0,0,0,0,0,0,0,0,0,32.17542
2,25.34525,0,0,0,0,0,0,0,0,0,0,0,0,32.16478
2,23.03353,0,0,0,0,0,0,0,0,0,0,0,0,31.2999
2,17.5504,0,0,0,0,0,0,0,0,0,0,0,0,25.29551
2,25.07379,0,0,0,0,0,0,0,0,0,0,0,0,34.60107
2,23.0214,0,0,0,0,0,0,0,0,0,0,0,0,30.73
2,21.09422,0,0,0,0,0,0,0,0,0,0,0,0,32.05616
2,18.33167,0,0,0,0,0,0,0,0,0,0,0,0,32.31152
2,17.56442,0,0,0,0,0,0,0,0,0,0,0,0,28.58731
2,19.77913,0,0,0,0,0,0,0,0,0,0,0,0,33.737
2,19.0316,0,0,0,0,0,0,0,0,0,0,0,0,30.23793
2,15.0888,0,0,0,0,0,0,0,0,0,0,0,0,29.4954
2,25.93628,0,0,0,0,0,0,0,0,0,0,0,0,34.45295
2,17.52591,0,0,0,0,0,0,0,0,0,0,0,0,26.90604
2,22.6688,0,0,0,0,0,0,0,0,0,0,0,0,31.22847
2,24.42213,0,0,0,0,0,0,0,0,0,0,0,0,32.8234
2,31.44536,0,0,0,0,0,0,0,0,0,0,0,0,39.75015
2,23.19232,0,0,0,0,0,0,0,0,0,0,0,0,29.85534
2,21.65769,0,0,0,0,0,0,0,0,0,0,0,0,35.15704
2,14.16817,0,0,0,0,0,0,0,0,0,0,0,0,27.40255
2,24.5272,0,0,0,0,0,0,0,0,0,0,0,0,31.63351
2,23.88229,0,0,0,0,0,0,0,0,0,0,0,0,30.50648
2,23.90749,0,0,0,0,0,0,0,0,0,0,0,0,34.30476
2,21.40004,0,0,0,0,0,0,0,0,0,0,0,0,30.15844
2,16.46522,0,0,0,0,0,0,0,0,0,0,0,0,29.13119
2,24.12426,0,0,0,0,0,0,0,0,0,0,0,0,33.75483
2,21.07834,0,0,0,0,0,0,0,0,0,0,0,0,29.46715
2,24.00129,0,0,0,0,0,0,0,0,0,0,0,0,33.09843
2,20.54534,0,0,0,0,0,0,0,0,0,0,0,0,32.21353
2,24.60484,0,0,0,0,0,0,0,0,0,0,0,0,46.37937
2,22.92331,0,0,0,0,0,0,0,0,0,0,0,0,28.32699
2,20.35573,0,0,0,0,0,0,0,0,0,0,0,0,31.06522
2,20.24344,0,0,0,0,0,0,0,0,0,0,0,0,30.5843
2,25.24473,0,0,0,0,0,0,0,0,0,0,0,0,38.65199
2,22.33057,0,0,0,0,0,0,0,0,0,0,0,0,29.09499
2,20.05956,0,0,0,0,0,0,0,0,0,0,0,0,29.75547
2,22.22816,0,0,0,0,0,0,0,0,0,0,0,0,31.44167
2,27.35315,0,0,0,0,0,0,0,0,0,0,0,0,34.21799
2,17.08784,0,0,0,0,0,0,0,0,0,0,0,0,30.47426
2,28.57154,0,0,0,0,0,0,0,0,0,0,0,0,32.599
2,22.11063,0,0,0,0,0,0,0,0,0,0,0,0,31.19175
2,22.52047,0,0,0,0,0,0,0,0,0,0,0,0,32.60944
2,26.71984,0,0,0,0,0,0,0,0,0,0,0,0,32.14924
2,16.94333,0,0,0,0,0,0,0,0,0,0,0,0,29.71678
2,18.42747,0,0,0,0,0,0,0,0,0,0,0,0,33.91111
2,21.10121,0,0,0,0,0,0,0,0,0,0,0,0,30.93377
2,18.34621,0,0,0,0,0,0,0,0,0,0,0,0,31.90679
2,21.39087,0,0,0,0,0,0,0,0,0,0,0,0,30.68305
2,22.84488,0,0,0,0,0,0,0,0,0,0,0,0,32.06458
2,20.74803,0,0,0,0,0,0,0,0,0,0,0,0,23.79942
2,15.33893,0,0,0,0,0,0,0,0,0,0,0,0,27.04775
2,25.41504,0,0,0,0,0,0,0,0,0,0,0,0,32.05273
2,13.55372,0,0,0,0,0,0,0,0,0,0,0,0,25.7804
2,26.88547,0,0,0,0,0,0,0,0,0,0,0,0,31.41461
2,15.72294,0,0,0,0,0,0,0,0,0,0,0,0,27.27423
2,20.70765,0,0,0,0,0,0,0,0,0,0,0,0,28.43786
2,21.77529,0,0,0,0,0,0,0,0,0,0,0,0,30.97682
2,23.53562,0,0,0,0,0,0,0,0,0,0,0,0,27.58838
2,26.28348,0,0,0,0,0,0,0,0,0,0,0,0,28.61563
2,22.72204,0,0,0,0,0,0,0,0,0,0,0,0,31.29523
2,17.67438,0,0,0,0,0,0,0,0,0,0,0,0,30.35431
2,18.42948,0,0,0,0,0,0,0,0,0,0,0,0,26.68702
2,18.35789,0,0,0,0,0,0,0,0,0,0,0,0,27.693
2,20.98547,0,0,0,0,0,0,0,0,0,0,0,0,31.05507
2,26.85589,0,0,0,0,0,0,0,0,0,0,0,0,37.63481
2,18.73639,0,0,0,0,0,0,0,0,0,0,0,0,28.70445
2,20.64424,0,0,0,0,0,0,0,0,0,0,0,0,29.61668
2,21.66923,0,0,0,0,0,0,0,0,0,0,0,0,29.51217
2,19.03289,0,0,0,0,0,0,0,0,0,0,0,0,27.24238
2,23.37932,0,0,0,0,0,0,0,0,0,0,0,0,32.13698
2,19.76504,0,0,0,0,0,0,0,0,0,0,0,0,30.51123
2,22.09173,0,0,0,0,0,0,0,0,0,0,0,0,29.43871
2,23.75566,0,0,0,0,0,0,0,0,0,0,0,0,29.12481
2,29.93345,0,0,0,0,0,0,0,0,0,0,0,0,35.11428
2,27.34985,0,0,0,0,0,0,0,0,0,0,0,0,33.32669
2,21.91704,0,0,0,0,0,0,0,0,0,0,0,0,31.81713
2,27.29077,0,0,0,0,0,0,0,0,0,0,0,0,29.647
2,17.59941,0,0,0,0,0,0,0,0,0,0,0,0,24.95174
2,15.52458,0,0,0,0,0,0,0,0,0,0,0,0,26.19166
2,22.63531,0,0,0,0,0,0,0,0,0,0,0,0,37.19854
2,23.63953,0,0,0,0,0,0,0,0,0,0,0,0,27.56226
2,22.47762,0,0,0,0,0,0,0,0,0,0,0,0,28.11486
2,23.66448,0,0,0,0,0,0,0,0,0,0,0,0,29.10308
2,17.78112,0,0,0,0,0,0,0,0,0,0,0,0,28.73931
2,23.76769,0,0,0,0,0,0,0,0,0,0,0,0,39.56724
2,16.80421,0,0,0,0,0,0,0,0,0,0,0,0,23.8219
2,21.84207,0,0,0,0,0,0,0,0,0,0,0,0,27.19897
2,16.76029,0,0,0,0,0,0,0,0,0,0,0,0,28.30049
2,22.3925,0,0,0,0,0,0,0,0,0,0,0,0,31.03505
2,22.78629,0,0,0,0,0,0,0,0,0,0,0,0,29.97857
2,26.75846,0,0,0,0,0,0,0,0,0,0,0,0,32.42969
2,19.69103,0,0,0,0,0,0,0,0,0,0,0,0,32.29616
2,18.82268,0,0,0,0,0,0,0,0,0,0,0,0,31.11681
2,18.27646,0,0,0,0,0,0,0,0,0,0,0,0,32.00049
2,27.47977,0,0,0,0,0,0,0,0,0,0,0,0,36.91719
2,20.78939,0,0,0,0,0,0,0,0,0,0,0,0,34.09593
2,20.71421,0,0,0,0,0,0,0,0,0,0,0,0,29.25458
2,34.00603,0,0,0,0,0,0,0,0,0,0,0,0,37.36001
2,26.52948,0,0,0,0,0,0,0,0,0,0,0,0,27.20912
2,21.7199,0,0,0,0,0,0,0,0,0,0,0,0,29.72776
2,18.14214,0,0,0,0,0,0,0,0,0,0,0,0,30.20276
2,22.15233,0,0,0,0,0,0,0,0,0,0,0,0,31.43789
2,19.21447,0,0,0,0,0,0,0,0,0,0,0,0,29.41903
2,18.27814,0,0,0,0,0,0,0,0,0,0,0,0,30.84216
2,17.25067,0,0,0,0,0,0,0,0,0,0,0,0,29.19039
2,23.46634,0,0,0,0,0,0,0,0,0,0,0,0,28.24925
2,17.36444,0,0,0,0,0,0,0,0,0,0,0,0,30.70765
2,21.54694,0,0,0,0,0,0,0,0,0,0,0,0,29.93422
2,20.85013,0,0,0,0,0,0,0,0,0,0,0,0,31.71084
2,29.6685,0,0,0,0,0,0,0,0,0,0,0,0,32.87301
2,20.95288,0,0,0,0,0,0,0,0,0,0,0,0,30.68095
2,24.60443,0,0,0,0,0,0,0,0,0,0,0,0,33.55727
2,20.0517,0,0,0,0,0,0,0,0,0,0,0,0,27.83791
2,21.79112,0,0,0,0,0,0,0,0,0,0,0,0,30.47926
2,27.83079,0,0,0,0,0,0,0,0,0,0,0,0,40.7935
2,18.93802,0,0,0,0,0,0,0,0,0,0,0,0,26.74238
2,25.74417,0,0,0,0,0,0,0,0,0,0,0,0,32.98476
2,20.83789,0,0,0,0,0,0,0,0,0,0,0,0,30.12072
2,27.6958,0,0,0,0,0,0,0,0,0,0,0,0,33.12843
2,18.06761,0,0,0,0,0,0,0,0,0,0,0,0,30.81417
2,27.05706,0,0,0,0,0,0,0,0,0,0,0,0,33.89573
2,21.93069,0,0,0,0,0,0,0,0,0,0,0,0,31.85006
2,16.34522,0,0,0,0,0,0,0,0,0,0,0,0,26.96493
2,22.07628,0,0,0,0,0,0,0,0,0,0,0,0,33.35978
2,18.85847,0,0,0,0,0,0,0,0,0,0,0,0,28.3965
2,17.51664,0,0,0,0,0,0,0,0,0,0,0,0,24.85907
2,18.53408,0,0,0,0,0,0,0,0,0,0,0,0,30.09101
2,22.54565,0,0,0,0,0,0,0,0,0,0,0,0,29.14146
2,20.44776,0,0,0,0,0,0,0,0,0,0,0,0,28.2258
2,22.36844,0,0,0,0,0,0,0,0,0,0,0,0,28.91378
2,19.15424,0,0,0,0,0,0,0,0,0,0,0,0,27.83703
2,18.47985,0,0,0,0,0,0,0,0,0,0,0,0,27.56253
2,22.93837,0,0,0,0,0,0,0,0,0,0,0,0,29.68013
2,27.42335,0,0,0,0,0,0,0,0,0,0,0,0,34.73883
2,22.27396,0,0,0,0,0,0,0,0,0,0,0,0,31.06877
2,19.83586,0,0,0,0,0,0,0,0,0,0,0,0,40.85791
2,19.80384,0,0,0,0,0,0,0,0,0,0,0,0,31.74919
2,25.0228,0,0,0,0,0,0,0,0,0,0,0,0,35.61096
2,24.00431,0,0,0,0,0,0,0,0,0,0,0,0,29.95159
2,18.4744,0,0,0,0,0,0,0,0,0,0,0,0,25.52949
2,21.3992,0,0,0,0,0,0,0,0,0,0,0,0,29.30633
2,18.42926,0,0,0,0,0,0,0,0,0,0,0,0,25.75556
2,19.23787,0,0,0,0,0,0,0,0,0,0,0,0,32.98585
2,18.53272,0,0,0,0,0,0,0,0,0,0,0,0,28.77597
2,25.54638,0,0,0,0,0,0,0,0,0,0,0,0,32.39767
2,28.06001,0,0,0,0,0,0,0,0,0,0,0,0,32.83349
2,19.20404,0,0,0,0,0,0,0,0,0,0,0,0,28.82716
2,25.94034,0,0,0,0,0,0,0,0,0,0,0,0,31.38335
2,31.03703,0,0,0,0,0,0,0,0,0,0,0,0,42.32221
2,22.04702,0,0,0,0,0,0,0,0,0,0,0,0,45.27656
2,18.91027,0,0,0,0,0,0,0,0,0,0,0,0,29.75702
2,22.11314,0,0,0,0,0,0,0,0,0,0,0,0,34.07888
2,17.62789,0,0,0,0,0,0,0,0,0,0,0,0,29.01324
2,22.25365,0,0,0,0,0,0,0,0,0,0,0,0,33.55421
2,26.95536,0,0,0,0,0,0,0,0,0,0,0,0,30.52759
2,23.07436,0,0,0,0,0,0,0,0,0,0,0,0,30.76744
2,25.84733,0,0,0,0,0,0,0,0,0,0,0,0,33.2117
2,17.7039,0,0,0,0,0,0,0,0,0,0,0,0,29.06563
2,19.32133,0,0,0,0,0,0,0,0,0,0,0,0,26.43257
2,23.07552,0,0,0,0,0,0,0,0,0,0,0,0,32.39887
2,24.63777,0,0,0,0,0,0,0,0,0,0,0,0,32.38886
2,18.00141,0,0,0,0,0,0,0,0,0,0,0,0,27.5865
2,27.8287,0,0,0,0,0,0,0,0,0,0,0,0,30.40015
2,23.47787,0,0,0,0,0,0,0,0,0,0,0,0,31.29171
2,24.22833,0,0,0,0,0,0,0,0,0,0,0,0,46.03357
2,23.9294,0,0,0,0,0,0,0,0,0,0,0,0,33.77392
2,26.75404,0,0,0,0,0,0,0,0,0,0,0,0,35.37643
2,25.30135,0,0,0,0,0,0,0,0,0,0,0,0,31.47934
2,15.42109,0,0,0,0,0,0,0,0,0,0,0,0,24.48807
2,20.0235,0,0,0,0,0,0,0,0,0,0,0,0,29.72406
2,19.89817,0,0,0,0,0,0,0,0,0,0,0,0,29.42957
2,25.32449,0,0,0,0,0,0,0,0,0,0,0,0,32.75073
2,23.64766,0,0,0,0,0,0,0,0,0,0,0,0,29.22061
2,23.4594,0,0,0,0,0,0,0,0,0,0,0,0,30.91505
2,21.25762,0,0,0,0,0,0,0,0,0,0,0,0,33.72071
2,27.82976,0,0,0,0,0,0,0,0,0,0,0,0,30.19231
2,32.80605,0,0,0,0,0,0,0,0,0,0,0,0,40.64352
2,25.64023,0,0,0,0,0,0,0,0,0,0,0,0,36.10308
2,26.66774,0,0,0,0,0,0,0,0,0,0,0,0,34.20098
2,26.27072,0,0,0,0,0,0,0,0,0,0,0,0,32.52967
2,18.59384,0,0,0,0,0,0,0,0,0,0,0,0,28.61707
2,19.61487,0,0,0,0,0,0,0,0,0,0,0,0,27.85888
2,18.13813,0,0,0,0,0,0,0,0,0,0,0,0,26.94248
2,25.05801,0,0,0,0,0,0,0,0,0,0,0,0,31.13112
2,25.29683,0,0,0,0,0,0,0,0,0,0,0,0,30.63763
2,16.20268,0,0,0,0,0,0,0,0,0,0,0,0,29.23627
2,21.34741,0,0,0,0,0,0,0,0,0,0,0,0,29.23111
2,33.66426,0,0,0,0,0,0,0,0,0,0,0,0,45.04292
2,31.16011,0,0,0,0,0,0,0,0,0,0,0,0,38.11096
2,27.81327,0,0,0,0,0,0,0,0,0,0,0,0,35.21173
2,26.66566,0,0,0,0,0,0,0,0,0,0,0,0,41.99659
2,22.66234,0,0,0,0,0,0,0,0,0,0,0,0,36.89252
2,22.17657,0,0,0,0,0,0,0,0,0,0,0,0,32.13667
2,22.83139,0,0,0,0,0,0,0,0,0,0,0,0,32.61717
2,14.69138,0,0,0,0,0,0,0,0,0,0,0,0,29.43172
2,19.2735,0,0,0,0,0,0,0,0,0,0,0,0,27.37169
2,21.70893,0,0,0,0,0,0,0,0,0,0,0,0,30.88765
2,15.68641,0,0,0,0,0,0,0,0,0,0,0,0,29.27298
2,18.71068,0,0,0,0,0,0,0,0,0,0,0,0,30.55159
2,27.22765,0,0,0,0,0,0,0,0,0,0,0,0,33.08002
2,23.84937,0,0,0,0,0,0,0,0,0,0,0,0,28.49837
2,21.06136,0,0,0,0,0,0,0,0,0,0,0,0,32.07884
2,29.75022,0,0,0,0,0,0,0,0,0,0,0,0,38.41653
2,21.89748,0,0,0,0,0,0,0,0,0,0,0,0,34.58321
2,18.71724,0,0,0,0,0,0,0,0,0,0,0,0,28.00926
2,18.15394,0,0,0,0,0,0,0,0,0,0,0,0,31.23078
2,22.44787,0,0,0,0,0,0,0,0,0,0,0,0,29.82371
2,16.03687,0,0,0,0,0,0,0,0,0,0,0,0,27.14344
2,20.22409,0,0,0,0,0,0,0,0,0,0,0,0,30.13652
2,22.79051,0,0,0,0,0,0,0,0,0,0,0,0,29.01321
2,20.64733,0,0,0,0,0,0,0,0,0,0,0,0,30.63059
2,24.25171,0,0,0,0,0,0,0,0,0,0,0,0,38.28139
2,17.78614,0,0,0,0,0,0,0,0,0,0,0,0,32.31014
2,18.84497,0,0,0,0,0,0,0,0,0,0,0,0,31.47367
2,25.80163,0,0,0,0,0,0,0,0,0,0,0,0,46.63228
2,27.65705,0,0,0,0,0,0,0,0,0,0,0,0,33.75056
2,28.23499,0,0,0,0,0,0,0,0,0,0,0,0,32.83451
2,35.48221,0,0,0,0,0,0,0,0,0,0,0,0,39.59185
2,19.5623,0,0,0,0,0,0,0,0,0,0,0,0,30.7048
2,20.61502,0,0,0,0,0,0,0,0,0,0,0,0,30.81646
2,34.36556,0,0,0,0,0,0,0,0,0,0,0,0,43.53436
2,24.90212,0,0,0,0,0,0,0,0,0,0,0,0,30.77786
2,21.70489,0,0,0,0,0,0,0,0,0,0,0,0,33.27295
2,26.80246,0,0,0,0,0,0,0,0,0,0,0,0,30.83815
2,22.23946,0,0,0,0,0,0,0,0,0,0,0,0,31.95008
2,28.89033,0,0,0,0,0,0,0,0,0,0,0,0,39.36699
2,21.07942,0,0,0,0,0,0,0,0,0,0,0,0,31.28276
2,36.20217,0,0,0,0,0,0,0,0,0,0,0,0,37.63139
2,24.28485,0,0,0,0,0,0,0,0,0,0,0,0,30.69807
2,25.04108,0,0,0,0,0,0,0,0,0,0,0,0,32.14267
2,23.32904,0,0,0,0,0,0,0,0,0,0,0,0,31.58342
2,30.06903,0,0,0,0,0,0,0,0,0,0,0,0,36.8005
2,21.14714,0,0,0,0,0,0,0,0,0,0,0,0,30.562
2,29.53079,0,0,0,0,0,0,0,0,0,0,0,0,34.93833
2,18.36891,0,0,0,0,0,0,0,0,0,0,0,0,32.19515
2,21.87509,0,0,0,0,0,0,0,0,0,0,0,0,32.1403
2,22.36112,0,0,0,0,0,0,0,0,0,0,0,0,32.71649
2,14.40521,0,0,0,0,0,0,0,0,0,0,0,0,30.71621
2,21.00912,0,0,0,0,0,0,0,0,0,0,0,0,29.2817
2,23.54213,0,0,0,0,0,0,0,0,0,0,0,0,31.31761
2,25.45533,0,0,0,0,0,0,0,0,0,0,0,0,31.66556
2,21.28941,0,0,0,0,0,0,0,0,0,0,0,0,43.06798
2,27.97025,0,0,0,0,0,0,0,0,0,0,0,0,46.04476
2,27.97395,0,0,0,0,0,0,0,0,0,0,0,0,36.89122
2,18.42302,0,0,0,0,0,0,0,0,0,0,0,0,28.34783
2,32.96381,0,0,0,0,0,0,0,0,0,0,0,0,42.83274
2,23.98744,0,0,0,0,0,0,0,0,0,0,0,0,28.21589
2,27.87916,0,0,0,0,0,0,0,0,0,0,0,0,46.28408
2,23.13947,0,0,0,0,0,0,0,0,0,0,0,0,32.35085
2,24.96251,0,0,0,0,0,0,0,0,0,0,0,0,34.50587
2,21.26477,0,0,0,0,0,0,0,0,0,0,0,0,32.80565
2,18.93347,0,0,0,0,0,0,0,0,0,0,0,0,29.81305
2,18.49925,0,0,0,0,0,0,0,0,0,0,0,0,33.38487
2,19.96648,0,0,0,0,0,0,0,0,0,0,0,0,31.68069
2,21.18711,0,0,0,0,0,0,0,0,0,0,0,0,30.11696
2,29.84356,0,0,0,0,0,0,0,0,0,0,0,0,41.41278
2,30.77947,0,0,0,0,0,0,0,0,0,0,0,0,31.30854
2,33.11396,0,0,0,0,0,0,0,0,0,0,0,0,38.53455
2,20.84527,0,0,0,0,0,0,0,0,0,0,0,0,27.71554
2,15.92003,0,0,0,0,0,0,0,0,0,0,0,0,31.70323
2,23.69945,0,0,0,0,0,0,0,0,0,0,0,0,33.26755
2,21.60145,0,0,0,0,0,0,0,0,0,0,0,0,47.42963
2,28.06927,0,0,0,0,0,0,0,0,0,0,0,0,47.06174
2,20.95958,0,0,0,0,0,0,0,0,0,0,0,0,31.77938
2,18.19364,0,0,0,0,0,0,0,0,0,0,0,0,29.16572
2,19.49539,0,0,0,0,0,0,0,0,0,0,0,0,30.39325
2,21.99147,0,0,0,0,0,0,0,0,0,0,0,0,40.34538
2,21.69333,0,0,0,0,0,0,0,0,0,0,0,0,29.21552
2,29.58266,0,0,0,0,0,0,0,0,0,0,0,0,35.94911
2,28.7339,0,0,0,0,0,0,0,0,0,0,0,0,43.54057
2,20.07078,0,0,0,0,0,0,0,0,0,0,0,0,28.66261
2,26.51341,0,0,0,0,0,0,0,0,0,0,0,0,33.89184
2,30.18084,0,0,0,0,0,0,0,0,0,0,0,0,33.93481
2,17.88507,0,0,0,0,0,0,0,0,0,0,0,0,31.10732
2,21.94414,0,0,0,0,0,0,0,0,0,0,0,0,29.97916
2,18.66311,0,0,0,0,0,0,0,0,0,0,0,0,28.88052
2,30.28437,0,0,0,0,0,0,0,0,0,0,0,0,34.80051
2,15.77608,0,0,0,0,0,0,0,0,0,0,0,0,29.76176
2,22.56107,0,0,0,0,0,0,0,0,0,0,0,0,31.83838
2,22.00235,0,0,0,0,0,0,0,0,0,0,0,0,31.15907
2,24.1433,0,0,0,0,0,0,0,0,0,0,0,0,34.62115
2,25.0251,0,0,0,0,0,0,0,0,0,0,0,0,32.82584
2,24.96162,0,0,0,0,0,0,0,0,0,0,0,0,40.54165
2,21.77796,0,0,0,0,0,0,0,0,0,0,0,0,28.52272
2,17.29895,0,0,0,0,0,0,0,0,0,0,0,0,24.43692
2,15.94319,0,0,0,0,0,0,0,0,0,0,0,0,29.71183
2,21.3477,0,0,0,0,0,0,0,0,0,0,0,0,29.96081
2,20.75128,0,0,0,0,0,0,0,0,0,0,0,0,33.99358
2,20.31712,0,0,0,0,0,0,0,0,0,0,0,0,26.63515
2,32.32164,0,0,0,0,0,0,0,0,0,0,0,0,36.92112
2,25.845,0,0,0,0,0,0,0,0,0,0,0,0,32.61997
2,22.30532,0,0,0,0,0,0,0,0,0,0,0,0,33.49691
2,22.26712,0,0,0,0,0,0,0,0,0,0,0,0,27.77103
2,20.55809,0,0,0,0,0,0,0,0,0,0,0,0,30.07186
2,29.02766,0,0,0,0,0,0,0,0,0,0,0,0,48.14305
2,32.66071,0,0,0,0,0,0,0,0,0,0,0,0,37.32969
2,23.24902,0,0,0,0,0,0,0,0,0,0,0,0,38.18447
2,26.79926,0,0,0,0,0,0,0,0,0,0,0,0,30.77997
2,19.56606,0,0,0,0,0,0,0,0,0,0,0,0,34.50402
2,19.04984,0,0,0,0,0,0,0,0,0,0,0,0,29.45943
2,26.71111,0,0,0,0,0,0,0,0,0,0,0,0,40.09155
2,20.19641,0,0,0,0,0,0,0,0,0,0,0,0,25.70642
2,27.52279,0,0,0,0,0,0,0,0,0,0,0,0,32.07785
2,15.02582,0,0,0,0,0,0,0,0,0,0,0,0,28.21708
2,19.92459,0,0,0,0,0,0,0,0,0,0,0,0,28.12915
2,15.84524,0,0,0,0,0,0,0,0,0,0,0,0,28.91532
2,21.83121,0,0,0,0,0,0,0,0,0,0,0,0,33.73972
2,21.00212,0,0,0,0,0,0,0,0,0,0,0,0,30.85084
2,21.09928,0,0,0,0,0,0,0,0,0,0,0,0,41.97172
2,31.18158,0,0,0,0,0,0,0,0,0,0,0,0,45.53913
2,22.47936,0,0,0,0,0,0,0,0,0,0,0,0,32.90981
2,28.8025,0,0,0,0,0,0,0,0,0,0,0,0,32.71096
2,22.80832,0,0,0,0,0,0,0,0,0,0,0,0,32.93421
2,27.26872,0,0,0,0,0,0,0,0,0,0,0,0,46.62717
2,24.84065,0,0,0,0,0,0,0,0,0,0,0,0,29.93257
2,26.87345,0,0,0,0,0,0,0,0,0,0,0,0,33.80102
2,17.7704,0,0,0,0,0,0,0,0,0,0,0,0,28.01535
2,36.15707,0,0,0,0,0,0,0,0,0,0,0,0,48.09679
2,21.55846,0,0,0,0,0,0,0,0,0,0,0,0,29.28509
2,28.58602,0,0,0,0,0,0,0,0,0,0,0,0,40.77969
2,22.78065,0,0,0,0,0,0,0,0,0,0,0,0,33.32704
2,20.65849,0,0,0,0,0,0,0,0,0,0,0,0,29.13572
2,29.51068,0,0,0,0,0,0,0,0,0,0,0,0,41.28486
2,29.31438,0,0,0,0,0,0,0,0,0,0,0,0,38.38317
2,32.71921,0,0,0,0,0,0,0,0,0,0,0,0,37.01645
2,18.77192,0,0,0,0,0,0,0,0,0,0,0,0,31.88238
2,18.56101,0,0,0,0,0,0,0,0,0,0,0,0,28.53777
2,23.74383,0,0,0,0,0,0,0,0,0,0,0,0,29.82541
2,26.54681,0,0,0,0,0,0,0,0,0,0,0,0,35.4898
2,21.29607,0,0,0,0,0,0,0,0,0,0,0,0,31.23667
2,27.28167,0,0,0,0,0,0,0,0,0,0,0,0,32.79345
2,19.19102,0,0,0,0,0,0,0,0,0,0,0,0,31.83323
2,25.16999,0,0,0,0,0,0,0,0,0,0,0,0,32.37025
2,28.67575,0,0,0,0,0,0,0,0,0,0,0,0,33.91103
2,31.61017,0,0,0,0,0,0,0,0,0,0,0,0,33.57611
2,19.3496,0,0,0,0,0,0,0,0,0,0,0,0,27.60958
2,24.33548,0,0,0,0,0,0,0,0,0,0,0,0,28.9348
2,30.58923,0,0,0,0,0,0,0,0,0,0,0,0,40.94258
2,30.06383,0,0,0,0,0,0,0,0,0,0,0,0,33.04277
2,21.26605,0,0,0,0,0,0,0,0,0,0,0,0,31.86533
2,16.12915,0,0,0,0,0,0,0,0,0,0,0,0,27.98279
2,17.19398,0,0,0,0,0,0,0,0,0,0,0,0,28.11564
2,28.66507,0,0,0,0,0,0,0,0,0,0,0,0,32.04419
2,24.63068,0,0,0,0,0,0,0,0,0,0,0,0,29.60563
2,26.89537,0,0,0,0,0,0,0,0,0,0,0,0,39.28577
2,26.78969,0,0,0,0,0,0,0,0,0,0,0,0,31.13036
2,34.51848,0,0,0,0,0,0,0,0,0,0,0,0,41.35308
2,17.4971,0,0,0,0,0,0,0,0,0,0,0,0,30.61151
2,25.12566,0,0,0,0,0,0,0,0,0,0,0,0,34.85769
2,20.55427,0,0,0,0,0,0,0,0,0,0,0,0,30.64695
2,20.11161,0,0,0,0,0,0,0,0,0,0,0,0,31.038
2,18.27811,0,0,0,0,0,0,0,0,0,0,0,0,44.86032
2,22.44422,0,0,0,0,0,0,0,0,0,0,0,0,30.2388
2,17.21771,0,0,0,0,0,0,0,0,0,0,0,0,47.25439
2,24.32908,0,0,0,0,0,0,0,0,0,0,0,0,31.63935
2,18.89448,0,0,0,0,0,0,0,0,0,0,0,0,30.23416
2,28.69486,0,0,0,0,0,0,0,0,0,0,0,0,43.25187
2,20.2303,0,0,0,0,0,0,0,0,0,0,0,0,46.60112
2,25.78251,0,0,0,0,0,0,0,0,0,0,0,0,46.51886
2,31.5239,0,0,0,0,0,0,0,0,0,0,0,0,36.64257
2,17.8311,0,0,0,0,0,0,0,0,0,0,0,0,29.84928
2,31.06722,0,0,0,0,0,0,0,0,0,0,0,0,31.99542
2,21.35516,0,0,0,0,0,0,0,0,0,0,0,0,28.87383
2,25.0068,0,0,0,0,0,0,0,0,0,0,0,0,32.39342
2,20.67175,0,0,0,0,0,0,0,0,0,0,0,0,32.49052
2,19.51587,0,0,0,0,0,0,0,0,0,0,0,0,30.94947
2,29.76172,0,0,0,0,0,0,0,0,0,0,0,0,42.59768
2,26.24807,0,0,0,0,0,0,0,0,0,0,0,0,36.56177
2,28.40982,0,0,0,0,0,0,0,0,0,0,0,0,33.71478
2,28.42199,0,0,0,0,0,0,0,0,0,0,0,0,47.18605
2,21.205,0,0,0,0,0,0,0,0,0,0,0,0,30.09575
2,20.31083,0,0,0,0,0,0,0,0,0,0,0,0,32.38543
2,20.22123,0,0,0,0,0,0,0,0,0,0,0,0,28.8352
2,33.82515,0,0,0,0,0,0,0,0,0,0,0,0,41.91589
2,16.56237,0,0,0,0,0,0,0,0,0,0,0,0,45.98159
2,29.53032,0,0,0,0,0,0,0,0,0,0,0,0,43.41028
2,24.026,0,0,0,0,0,0,0,0,0,0,0,0,32.11286
2,21.94589,0,0,0,0,0,0,0,0,0,0,0,0,29.66239
2,26.00544,0,0,0,0,0,0,0,0,0,0,0,0,36.13683
2,30.75847,0,0,0,0,0,0,0,0,0,0,0,0,46.53345
2,23.7863,0,0,0,0,0,0,0,0,0,0,0,0,32.0161
2,19.55041,0,0,0,0,0,0,0,0,0,0,0,0,31.24207
2,26.63071,0,0,0,0,0,0,0,0,0,0,0,0,48.14386
2,18.23619,0,0,0,0,0,0,0,0,0,0,0,0,28.62211
2,23.91193,0,0,0,0,0,0,0,0,0,0,0,0,31.72754
2,25.71992,0,0,0,0,0,0,0,0,0,0,0,0,32.81062
2,26.57696,0,0,0,0,0,0,0,0,0,0,0,0,40.98078
2,16.44325,0,0,0,0,0,0,0,0,0,0,0,0,28.8145
2,20.82115,0,0,0,0,0,0,0,0,0,0,0,0,34.10333
2,24.39482,0,0,0,0,0,0,0,0,0,0,0,0,35.38218
2,21.45858,0,0,0,0,0,0,0,0,0,0,0,0,27.54041
2,25.01309,0,0,0,0,0,0,0,0,0,0,0,0,32.40674
2,23.7062,0,0,0,0,0,0,0,0,0,0,0,0,32.86686
2,26.17643,0,0,0,0,0,0,0,0,0,0,0,0,33.09496
2,30.79666,0,0,0,0,0,0,0,0,0,0,0,0,35.31105
2,27.41179,0,0,0,0,0,0,0,0,0,0,0,0,35.91703
2,20.77326,0,0,0,0,0,0,0,0,0,0,0,0,32.50055
2,24.21155,0,0,0,0,0,0,0,0,0,0,0,0,28.60772
2,28.2177,0,0,0,0,0,0,0,0,0,0,0,0,42.18008
2,22.66665,0,0,0,0,0,0,0,0,0,0,0,0,31.28317
2,28.46598,0,0,0,0,0,0,0,0,0,0,0,0,34.47105
2,27.34842,0,0,0,0,0,0,0,0,0,0,0,0,32.30801
2,20.41324,0,0,0,0,0,0,0,0,0,0,0,0,32.10693
2,18.10266,0,0,0,0,0,0,0,0,0,0,0,0,31.0806
2,25.37443,0,0,0,0,0,0,0,0,0,0,0,0,32.3309
2,25.61485,0,0,0,0,0,0,0,0,0,0,0,0,46.98367
2,21.58865,0,0,0,0,0,0,0,0,0,0,0,0,29.95195
2,32.99787,0,0,0,0,0,0,0,0,0,0,0,0,37.15785
2,23.9665,0,0,0,0,0,0,0,0,0,0,0,0,33.17741
2,26.77317,0,0,0,0,0,0,0,0,0,0,0,0,32.02367
2,18.44029,0,0,0,0,0,0,0,0,0,0,0,0,26.77527
2,31.29062,0,0,0,0,0,0,0,0,0,0,0,0,35.94313
2,25.42089,0,0,0,0,0,0,0,0,0,0,0,0,31.10501
2,24.11134,0,0,0,0,0,0,0,0,0,0,0,0,28.00875
2,27.46221,0,0,0,0,0,0,0,0,0,0,0,0,38.24186
2,21.39708,0,0,0,0,0,0,0,0,0,0,0,0,29.14024
2,30.98638,0,0,0,0,0,0,0,0,0,0,0,0,40.489
2,13.14255,0,0,0,0,0,0,0,0,0,0,0,0,28.55498
2,20.69808,0,0,0,0,0,0,0,0,0,0,0,0,47.68418
2,27.46762,0,0,0,0,0,0,0,0,0,0,0,0,35.69493
2,28.1562,0,0,0,0,0,0,0,0,0,0,0,0,32.21603
2,29.06895,0,0,0,0,0,0,0,0,0,0,0,0,47.01989
2,17.82289,0,0,0,0,0,0,0,0,0,0,0,0,25.45183
2,25.46355,0,0,0,0,0,0,0,0,0,0,0,0,32.31824
2,21.77231,0,0,0,0,0,0,0,0,0,0,0,0,28.73451
2,33.69383,0,0,0,0,0,0,0,0,0,0,0,0,34.38784
2,31.02517,0,0,0,0,0,0,0,0,0,0,0,0,34.10776
2,25.29744,0,0,0,0,0,0,0,0,0,0,0,0,47.47482
2,27.75676,0,0,0,0,0,0,0,0,0,0,0,0,31.61758
2,23.23743,0,0,0,0,0,0,0,0,0,0,0,0,28.55813
2,14.87006,0,0,0,0,0,0,0,0,0,0,0,0,28.75973
2,21.18582,0,0,0,0,0,0,0,0,0,0,0,0,27.6306
2,24.42137,0,0,0,0,0,0,0,0,0,0,0,0,28.61422
2,25.76446,0,0,0,0,0,0,0,0,0,0,0,0,32.21374
2,21.52464,0,0,0,0,0,0,0,0,0,0,0,0,36.67149
2,28.31873,0,0,0,0,0,0,0,0,0,0,0,0,38.47241
2,25.88041,0,0,0,0,0,0,0,0,0,0,0,0,30.93302
2,18.69916,0,0,0,0,0,0,0,0,0,0,0,0,24.81308
2,23.1947,0,0,0,0,0,0,0,0,0,0,0,0,29.89841
2,27.02708,0,0,0,0,0,0,0,0,0,0,0,0,38.45999
2,22.20006,0,0,0,0,0,0,0,0,0,0,0,0,33.23133
2,36.13213,0,0,0,0,0,0,0,0,0,0,0,0,48.06073
2,22.3949,0,0,0,0,0,0,0,0,0,0,0,0,45.10833
2,29.46621,0,0,0,0,0,0,0,0,0,0,0,0,33.21901
2,24.14236,0,0,0,0,0,0,0,0,0,0,0,0,32.58226
2,24.43657,0,0,0,0,0,0,0,0,0,0,0,0,41.49858
2,23.99021,0,0,0,0,0,0,0,0,0,0,0,0,35.25317
2,19.81912,0,0,0,0,0,0,0,0,0,0,0,0,29.84981
2,30.47726,0,0,0,0,0,0,0,0,0,0,0,0,40.38876
2,28.02655,0,0,0,0,0,0,0,0,0,0,0,0,36.6996
2,23.76526,0,0,0,0,0,0,0,0,0,0,0,0,33.18384
2,23.96325,0,0,0,0,0,0,0,0,0,0,0,0,28.84785
2,25.06111,0,0,0,0,0,0,0,0,0,0,0,0,30.24716
2,24.13076,0,0,0,0,0,0,0,0,0,0,0,0,31.7977
2,27.38996,0,0,0,0,0,0,0,0,0,0,0,0,32.00296
2,28.49128,0,0,0,0,0,0,0,0,0,0,0,0,36.20049
2,21.71183,0,0,0,0,0,0,0,0,0,0,0,0,30.33728
2,31.39437,0,0,0,0,0,0,0,0,0,0,0,0,43.92179
2,17.81468,0,0,0,0,0,0,0,0,0,0,0,0,29.04866
2,31.12669,0,0,0,0,0,0,0,0,0,0,0,0,42.88668
2,29.27966,0,0,0,0,0,0,0,0,0,0,0,0,39.53788
2,26.38624,0,0,0,0,0,0,0,0,0,0,0,0,29.19486
2,20.13927,0,0,0,0,0,0,0,0,0,0,0,0,31.43723
2,24.79319,0,0,0,0,0,0,0,0,0,0,0,0,42.06923
2,29.93868,0,0,0,0,0,0,0,0,0,0,0,0,40.70671
2,27.12254,0,0,0,0,0,0,0,0,0,0,0,0,42.20894
2,24.62454,0,0,0,0,0,0,0,0,0,0,0,0,34.94435
2,28.18984,0,0,0,0,0,0,0,0,0,0,0,0,41.66639
2,22.32399,0,0,0,0,0,0,0,0,0,0,0,0,30.65566
2,21.50786,0,0,0,0,0,0,0,0,0,0,0,0,35.16625
2,23.92306,0,0,0,0,0,0,0,0,0,0,0,0,37.34157
2,30.79794,0,0,0,0,0,0,0,0,0,0,0,0,33.62488
2,24.04027,0,0,0,0,0,0,0,0,0,0,0,0,39.26062
2,28.30388,0,0,0,0,0,0,0,0,0,0,0,0,36.27028
2,32.62444,0,0,0,0,0,0,0,0,0,0,0,0,29.42614
2,17.29898,0,0,0,0,0,0,0,0,0,0,0,0,33.71749
2,19.59049,0,0,0,0,0,0,0,0,0,0,0,0,30.14465
2,13.67008,0,0,0,0,0,0,0,0,0,0,0,0,25.41788
2,22.0749,0,0,0,0,0,0,0,0,0,0,0,0,30.9735
2,20.14436,0,0,0,0,0,0,0,0,0,0,0,0,30.18686
2,21.81311,0,0,0,0,0,0,0,0,0,0,0,0,31.64543
2,22.76229,0,0,0,0,0,0,0,0,0,0,0,0,34.92155
2,25.08538,0,0,0,0,0,0,0,0,0,0,0,0,31.56597
2,19.15348,0,0,0,0,0,0,0,0,0,0,0,0,29.42339
2,24.13984,0,0,0,0,0,0,0,0,0,0,0,0,36.31106
2,28.12156,0,0,0,0,0,0,0,0,0,0,0,0,44.85293
2,19.74056,0,0,0,0,0,0,0,0,0,0,0,0,32.746
2,28.61321,0,0,0,0,0,0,0,0,0,0,0,0,45.33675
2,21.69385,0,0,0,0,0,0,0,0,0,0,0,0,28.94374
2,29.99182,0,0,0,0,0,0,0,0,0,0,0,0,43.86922
2,22.52739,0,0,0,0,0,0,0,0,0,0,0,0,28.59049
2,28.74453,0,0,0,0,0,0,0,0,0,0,0,0,47.0936
2,25.57902,0,0,0,0,0,0,0,0,0,0,0,0,30.2557
2,15.73668,0,0,0,0,0,0,0,0,0,0,0,0,28.00718
2,31.50839,0,0,0,0,0,0,0,0,0,0,0,0,37.15462
2,24.6275,0,0,0,0,0,0,0,0,0,0,0,0,30.34815
2,22.0424,0,0,0,0,0,0,0,0,0,0,0,0,29.12805
2,22.20024,0,0,0,0,0,0,0,0,0,0,0,0,33.98117
2,28.17078,0,0,0,0,0,0,0,0,0,0,0,0,34.9953
2,24.54846,0,0,0,0,0,0,0,0,0,0,0,0,31.63933
2,26.16299,0,0,0,0,0,0,0,0,0,0,0,0,41.38953
2,20.64967,0,0,0,0,0,0,0,0,0,0,0,0,32.50348
2,20.83839,0,0,0,0,0,0,0,0,0,0,0,0,42.9968
2,25.57713,0,0,0,0,0,0,0,0,0,0,0,0,28.20279
2,28.71634,0,0,0,0,0,0,0,0,0,0,0,0,35.67614
2,17.4748,0,0,0,0,0,0,0,0,0,0,0,0,27.45727
2,30.33556,0,0,0,0,0,0,0,0,0,0,0,0,38.44432
2,27.80455,0,0,0,0,0,0,0,0,0,0,0,0,41.75066
2,22.76921,0,0,0,0,0,0,0,0,0,0,0,0,32.61422
2,20.9942,0,0,0,0,0,0,0,0,0,0,0,0,31.45906
2,30.12601,0,0,0,0,0,0,0,0,0,0,0,0,42.63631
2,26.54472,0,0,0,0,0,0,0,0,0,0,0,0,41.00202
2,19.07957,0,0,0,0,0,0,0,0,0,0,0,0,32.40707
2,24.85478,0,0,0,0,0,0,0,0,0,0,0,0,35.27367
2,22.35769,0,0,0,0,0,0,0,0,0,0,0,0,32.50837
2,14.81404,0,0,0,0,0,0,0,0,0,0,0,0,24.60052
2,19.76795,0,0,0,0,0,0,0,0,0,0,0,0,29.65479
2,15.12895,0,0,0,0,0,0,0,0,0,0,0,0,26.6189
2,29.17178,0,0,0,0,0,0,0,0,0,0,0,0,36.77578
2,32.73978,0,0,0,0,0,0,0,0,0,0,0,0,40.95033
2,19.00941,0,0,0,0,0,0,0,0,0,0,0,0,30.16939
2,21.53351,0,0,0,0,0,0,0,0,0,0,0,0,29.16381
2,26.72458,0,0,0,0,0,0,0,0,0,0,0,0,44.12991
2,21.64066,0,0,0,0,0,0,0,0,0,0,0,0,31.19152
2,17.33491,0,0,0,0,0,0,0,0,0,0,0,0,28.27525
2,32.45833,0,0,0,0,0,0,0,0,0,0,0,0,34.60355
2,20.49903,0,0,0,0,0,0,0,0,0,0,0,0,32.63401
2,17.96884,0,0,0,0,0,0,0,0,0,0,0,0,30.73736
2,24.85713,0,0,0,0,0,0,0,0,0,0,0,0,31.69525
2,23.20934,0,0,0,0,0,0,0,0,0,0,0,0,33.87867
2,27.60912,0,0,0,0,0,0,0,0,0,0,0,0,31.07198
2,23.22691,0,0,0,0,0,0,0,0,0,0,0,0,35.94364
2,28.91902,0,0,0,0,0,0,0,0,0,0,0,0,37.36591
2,32.7119,0,0,0,0,0,0,0,0,0,0,0,0,39.29759
2,25.10123,0,0,0,0,0,0,0,0,0,0,0,0,30.77867
2,23.64552,0,0,0,0,0,0,0,0,0,0,0,0,32.44462
2,28.32151,0,0,0,0,0,0,0,0,0,0,0,0,33.48246
2,19.4576,0,0,0,0,0,0,0,0,0,0,0,0,33.05709
2,27.45082,0,0,0,0,0,0,0,0,0,0,0,0,32.26102
2,24.89223,0,0,0,0,0,0,0,0,0,0,0,0,28.56912
2,25.6249,0,0,0,0,0,0,0,0,0,0,0,0,28.71378
2,23.3237,0,0,0,0,0,0,0,0,0,0,0,0,29.14458
2,34.48633,0,0,0,0,0,0,0,0,0,0,0,0,44.3353
2,28.1232,0,0,0,0,0,0,0,0,0,0,0,0,35.11642
2,17.40809,0,0,0,0,0,0,0,0,0,0,0,0,26.79531
2,22.6778,0,0,0,0,0,0,0,0,0,0,0,0,32.62072
2,21.12821,0,0,0,0,0,0,0,0,0,0,0,0,30.84627
2,25.79305,0,0,0,0,0,0,0,0,0,0,0,0,31.63195
2,20.52388,0,0,0,0,0,0,0,0,0,0,0,0,45.73269
2,24.5918,0,0,0,0,0,0,0,0,0,0,0,0,29.24935
2,18.68603,0,0,0,0,0,0,0,0,0,0,0,0,25.91503
2,19.33468,0,0,0,0,0,0,0,0,0,0,0,0,29.17121
2,32.82903,0,0,0,0,0,0,0,0,0,0,0,0,44.03015
2,20.33207,0,0,0,0,0,0,0,0,0,0,0,0,33.48036
2,18.42156,0,0,0,0,0,0,0,0,0,0,0,0,28.45
2,24.7576,0,0,0,0,0,0,0,0,0,0,0,0,30.07831
2,25.8972,0,0,0,0,0,0,0,0,0,0,0,0,32.27555
2,25.48125,0,0,0,0,0,0,0,0,0,0,0,0,32.04337
2,29.00216,0,0,0,0,0,0,0,0,0,0,0,0,34.68211
2,32.06383,0,0,0,0,0,0,0,0,0,0,0,0,44.35664
2,25.16771,0,0,0,0,0,0,0,0,0,0,0,0,43.52774
2,33.30605,0,0,0,0,0,0,0,0,0,0,0,0,37.95869
2,33.26819,0,0,0,0,0,0,0,0,0,0,0,0,39.22395
2,21.23061,0,0,0,0,0,0,0,0,0,0,0,0,31.52574
2,15.91358,0,0,0,0,0,0,0,0,0,0,0,0,29.19856
2,21.20229,0,0,0,0,0,0,0,0,0,0,0,0,29.90748
2,21.86785,0,0,0,0,0,0,0,0,0,0,0,0,33.66736
2,21.20393,0,0,0,0,0,0,0,0,0,0,0,0,33.30148
2,23.21058,0,0,0,0,0,0,0,0,0,0,0,0,28.30254
2,29.56118,0,0,0,0,0,0,0,0,0,0,0,0,31.90222
2,16.2167,0,0,0,0,0,0,0,0,0,0,0,0,29.41418
2,24.01826,0,0,0,0,0,0,0,0,0,0,0,0,34.54239
2,17.75516,0,0,0,0,0,0,0,0,0,0,0,0,26.90869
2,31.10743,0,0,0,0,0,0,0,0,0,0,0,0,34.62778
2,22.58796,0,0,0,0,0,0,0,0,0,0,0,0,34.03355
2,19.21102,0,0,0,0,0,0,0,0,0,0,0,0,29.38029
2,23.56875,0,0,0,0,0,0,0,0,0,0,0,0,28.31585
2,20.79734,0,0,0,0,0,0,0,0,0,0,0,0,30.44979
2,29.52262,0,0,0,0,0,0,0,0,0,0,0,0,33.02503
2,29.43332,0,0,0,0,0,0,0,0,0,0,0,0,45.63042
2,19.77883,0,0,0,0,0,0,0,0,0,0,0,0,29.669
2,21.62268,0,0,0,0,0,0,0,0,0,0,0,0,33.36114
2,22.00405,0,0,0,0,0,0,0,0,0,0,0,0,34.25321
2,31.65898,0,0,0,0,0,0,0,0,0,0,0,0,37.4841
2,19.56523,0,0,0,0,0,0,0,0,0,0,0,0,28.16767
2,22.89764,0,0,0,0,0,0,0,0,0,0,0,0,31.89149
2,20.93429,0,0,0,0,0,0,0,0,0,0,0,0,28.27425
2,22.60931,0,0,0,0,0,0,0,0,0,0,0,0,34.32528
2,24.03686,0,0,0,0,0,0,0,0,0,0,0,0,29.08938
2,26.39456,0,0,0,0,0,0,0,0,0,0,0,0,47.73117
2,16.60873,0,0,0,0,0,0,0,0,0,0,0,0,31.11104
2,27.63007,0,0,0,0,0,0,0,0,0,0,0,0,38.59058
2,22.56548,0,0,0,0,0,0,0,0,0,0,0,0,30.97386
2,23.39704,0,0,0,0,0,0,0,0,0,0,0,0,31.55408
2,22.21656,0,0,0,0,0,0,0,0,0,0,0,0,28.51134
2,34.36025,0,0,0,0,0,0,0,0,0,0,0,0,37.50598
2,18.13497,0,0,0,0,0,0,0,0,0,0,0,0,26.54649
2,18.83841,0,0,0,0,0,0,0,0,0,0,0,0,32.26123
2,17.67267,0,0,0,0,0,0,0,0,0,0,0,0,30.1334
2,18.97078,0,0,0,0,0,0,0,0,0,0,0,0,30.32656
2,24.45101,0,0,0,0,0,0,0,0,0,0,0,0,33.46181
2,26.95104,0,0,0,0,0,0,0,0,0,0,0,0,40.85281
2,35.44592,0,0,0,0,0,0,0,0,0,0,0,0,39.8144
2,31.2207,0,0,0,0,0,0,0,0,0,0,0,0,48.39007
2,32.15713,0,0,0,0,0,0,0,0,0,0,0,0,42.35168
2,23.96019,0,0,0,0,0,0,0,0,0,0,0,0,48.50769
2,29.39784,0,0,0,0,0,0,0,0,0,0,0,0,32.38583
2,21.82248,0,0,0,0,0,0,0,0,0,0,0,0,30.19193
2,29.42242,0,0,0,0,0,0,0,0,0,0,0,0,35.99676
2,18.14308,0,0,0,0,0,0,0,0,0,0,0,0,26.32691
2,20.38676,0,0,0,0,0,0,0,0,0,0,0,0,28.67037
2,21.8545,0,0,0,0,0,0,0,0,0,0,0,0,28.97137
2,21.582,0,0,0,0,0,0,0,0,0,0,0,0,31.40103
2,20.08177,0,0,0,0,0,0,0,0,0,0,0,0,25.56475
2,25.45772,0,0,0,0,0,0,0,0,0,0,0,0,32.39118
2,29.04252,0,0,0,0,0,0,0,0,0,0,0,0,33.92971
2,33.65281,0,0,0,0,0,0,0,0,0,0,0,0,37.41933
2,34.0617,0,0,0,0,0,0,0,0,0,0,0,0,42.44955
2,21.41636,0,0,0,0,0,0,0,0,0,0,0,0,31.8659
2,21.37171,0,0,0,0,0,0,0,0,0,0,0,0,30.57767
2,24.06576,0,0,0,0,0,0,0,0,0,0,0,0,35.38327
2,18.00015,0,0,0,0,0,0,0,0,0,0,0,0,33.6713
2,30.45869,0,0,0,0,0,0,0,0,0,0,0,0,37.43563
2,29.07514,0,0,0,0,0,0,0,0,0,0,0,0,32.67509
2,24.11003,0,0,0,0,0,0,0,0,0,0,0,0,31.96185
2,26.7895,0,0,0,0,0,0,0,0,0,0,0,0,32.27356
2,19.34549,0,0,0,0,0,0,0,0,0,0,0,0,29.13596
2,32.58987,0,0,0,0,0,0,0,0,0,0,0,0,36.4996
2,17.93141,0,0,0,0,0,0,0,0,0,0,0,0,27.68184
2,25.98637,0,0,0,0,0,0,0,0,0,0,0,0,32.47164
2,20.53206,0,0,0,0,0,0,0,0,0,0,0,0,30.56371
2,18.65978,0,0,0,0,0,0,0,0,0,0,0,0,27.05137
2,24.23924,0,0,0,0,0,0,0,0,0,0,0,0,33.3903
2,19.87168,0,0,0,0,0,0,0,0,0,0,0,0,31.8226
2,25.62799,0,0,0,0,0,0,0,0,0,0,0,0,34.15104
2,21.14991,0,0,0,0,0,0,0,0,0,0,0,0,32.16724
2,28.99158,0,0,0,0,0,0,0,0,0,0,0,0,39.32106
2,26.82226,0,0,0,0,0,0,0,0,0,0,0,0,43.12359
2,22.97901,0,0,0,0,0,0,0,0,0,0,0,0,36.27343
2,24.18312,0,0,0,0,0,0,0,0,0,0,0,0,33.84845
2,20.78528,0,0,0,0,0,0,0,0,0,0,0,0,28.42192
2,26.72711,0,0,0,0,0,0,0,0,0,0,0,0,34.99064
2,26.55497,0,0,0,0,0,0,0,0,0,0,0,0,30.82207
2,21.64148,0,0,0,0,0,0,0,0,0,0,0,0,30.61042
2,15.51011,0,0,0,0,0,0,0,0,0,0,0,0,44.8292
2,23.43083,0,0,0,0,0,0,0,0,0,0,0,0,32.36236
2,18.52017,0,0,0,0,0,0,0,0,0,0,0,0,28.78649
2,25.74215,0,0,0,0,0,0,0,0,0,0,0,0,34.29818
2,21.93509,0,0,0,0,0,0,0,0,0,0,0,0,28.64463
2,22.89584,0,0,0,0,0,0,0,0,0,0,0,0,27.80523
2,30.79052,0,0,0,0,0,0,0,0,0,0,0,0,43.8689
2,19.72069,0,0,0,0,0,0,0,0,0,0,0,0,28.3867
2,20.93775,0,0,0,0,0,0,0,0,0,0,0,0,45.51409
2,27.01412,0,0,0,0,0,0,0,0,0,0,0,0,48.00953
2,33.29269,0,0,0,0,0,0,0,0,0,0,0,0,42.47575
2,20.02159,0,0,0,0,0,0,0,0,0,0,0,0,29.27623
2,24.71406,0,0,0,0,0,0,0,0,0,0,0,0,33.42501
2,20.63775,0,0,0,0,0,0,0,0,0,0,0,0,28.9026
2,35.65239,0,0,0,0,0,0,0,0,0,0,0,0,45.75854
2,18.71873,0,0,0,0,0,0,0,0,0,0,0,0,45.85603
2,25.99655,0,0,0,0,0,0,0,0,0,0,0,0,35.49648
2,28.03149,0,0,0,0,0,0,0,0,0,0,0,0,35.21216
2,35.73613,0,0,0,0,0,0,0,0,0,0,0,0,40.57821
2,28.72472,0,0,0,0,0,0,0,0,0,0,0,0,34.09533
2,26.11056,0,0,0,0,0,0,0,0,0,0,0,0,31.51931
2,25.39407,0,0,0,0,0,0,0,0,0,0,0,0,29.35541
2,22.57939,0,0,0,0,0,0,0,0,0,0,0,0,34.31617
2,29.49419,0,0,0,0,0,0,0,0,0,0,0,0,35.35501
2,27.6595,0,0,0,0,0,0,0,0,0,0,0,0,38.32801
2,17.91024,0,0,0,0,0,0,0,0,0,0,0,0,27.9463
2,20.46741,0,0,0,0,0,0,0,0,0,0,0,0,44.3676
2,16.55457,0,0,0,0,0,0,0,0,0,0,0,0,31.31609
2,28.48536,0,0,0,0,0,0,0,0,0,0,0,0,39.65162
2,30.67613,0,0,0,0,0,0,0,0,0,0,0,0,36.58648
2,22.58827,0,0,0,0,0,0,0,0,0,0,0,0,33.27134
2,33.15112,0,0,0,0,0,0,0,0,0,0,0,0,44.29531
2,26.81425,0,0,0,0,0,0,0,0,0,0,0,0,42.55103
2,25.144,0,0,0,0,0,0,0,0,0,0,0,0,31.17694
2,23.47015,0,0,0,0,0,0,0,0,0,0,0,0,30.98883
2,28.86286,0,0,0,0,0,0,0,0,0,0,0,0,31.20902
2,33.80841,0,0,0,0,0,0,0,0,0,0,0,0,44.03157
2,16.18427,0,0,0,0,0,0,0,0,0,0,0,0,28.36563
2,22.87738,0,0,0,0,0,0,0,0,0,0,0,0,32.01049
2,22.17128,0,0,0,0,0,0,0,0,0,0,0,0,32.42334
2,24.76904,0,0,0,0,0,0,0,0,0,0,0,0,32.40379
2,29.35195,0,0,0,0,0,0,0,0,0,0,0,0,44.09943
2,22.19344,0,0,0,0,0,0,0,0,0,0,0,0,29.88143
2,19.26455,0,0,0,0,0,0,0,0,0,0,0,0,30.68004
2,26.22425,0,0,0,0,0,0,0,0,0,0,0,0,38.56269
2,27.46095,0,0,0,0,0,0,0,0,0,0,0,0,34.67761
2,23.99189,0,0,0,0,0,0,0,0,0,0,0,0,31.73762
2,14.55455,0,0,0,0,0,0,0,0,0,0,0,0,45.87613
2,26.70005,0,0,0,0,0,0,0,0,0,0,0,0,47.39838
2,20.32817,0,0,0,0,0,0,0,0,0,0,0,0,46.00784
2,30.68723,0,0,0,0,0,0,0,0,0,0,0,0,36.58095
2,26.68447,0,0,0,0,0,0,0,0,0,0,0,0,30.77047
2,16.31994,0,0,0,0,0,0,0,0,0,0,0,0,27.06202
2,26.89677,0,0,0,0,0,0,0,0,0,0,0,0,45.13367
2,29.31428,0,0,0,0,0,0,0,0,0,0,0,0,47.42513
2,27.9155,0,0,0,0,0,0,0,0,0,0,0,0,43.19235
2,27.79928,0,0,0,0,0,0,0,0,0,0,0,0,46.84932
2,21.10468,0,0,0,0,0,0,0,0,0,0,0,0,31.59663
2,25.45187,0,0,0,0,0,0,0,0,0,0,0,0,38.62309
2,20.27862,0,0,0,0,0,0,0,0,0,0,0,0,29.03816
2,37.14399,0,0,0,0,0,0,0,0,0,0,0,0,47.39184
2,22.99794,0,0,0,0,0,0,0,0,0,0,0,0,28.61375
2,21.54206,0,0,0,0,0,0,0,0,0,0,0,0,31.60801
2,36.04437,0,0,0,0,0,0,0,0,0,0,0,0,42.87573
2,31.81237,0,0,0,0,0,0,0,0,0,0,0,0,41.99411
2,25.23884,0,0,0,0,0,0,0,0,0,0,0,0,33.28737
2,16.93633,0,0,0,0,0,0,0,0,0,0,0,0,26.37514
2,24.69203,0,0,0,0,0,0,0,0,0,0,0,0,31.19621
2,27.32453,0,0,0,0,0,0,0,0,0,0,0,0,34.64113
2,28.46958,0,0,0,0,0,0,0,0,0,0,0,0,33.89705
2,28.94506,0,0,0,0,0,0,0,0,0,0,0,0,33.78988
2,21.78014,0,0,0,0,0,0,0,0,0,0,0,0,31.85538
2,29.40668,0,0,0,0,0,0,0,0,0,0,0,0,40.13961
2,20.58768,0,0,0,0,0,0,0,0,0,0,0,0,27.95648
2,33.49197,0,0,0,0,0,0,0,0,0,0,0,0,44.96199
2,22.70525,0,0,0,0,0,0,0,0,0,0,0,0,31.41641
2,27.63063,0,0,0,0,0,0,0,0,0,0,0,0,36.34332
2,20.14523,0,0,0,0,0,0,0,0,0,0,0,0,29.76329
2,25.88769,0,0,0,0,0,0,0,0,0,0,0,0,47.83328
2,16.31834,0,0,0,0,0,0,0,0,0,0,0,0,45.33404
2,20.34115,0,0,0,0,0,0,0,0,0,0,0,0,30.70333
2,33.12832,0,0,0,0,0,0,0,0,0,0,0,0,42.56312
2,29.88397,0,0,0,0,0,0,0,0,0,0,0,0,43.07521
2,23.81519,0,0,0,0,0,0,0,0,0,0,0,0,29.38221
2,31.03547,0,0,0,0,0,0,0,0,0,0,0,0,46.9649
2,32.51252,0,0,0,0,0,0,0,0,0,0,0,0,36.63005
2,35.11561,0,0,0,0,0,0,0,0,0,0,0,0,48.0687
2,31.37435,0,0,0,0,0,0,0,0,0,0,0,0,47.87179
2,24.08514,0,0,0,0,0,0,0,0,0,0,0,0,31.65881
2,33.05093,0,0,0,0,0,0,0,0,0,0,0,0,33.89616
2,19.77281,0,0,0,0,0,0,0,0,0,0,0,0,46.12881
2,25.84792,0,0,0,0,0,0,0,0,0,0,0,0,40.84932
2,27.84319,0,0,0,0,0,0,0,0,0,0,0,0,37.38645
2,32.36464,0,0,0,0,0,0,0,0,0,0,0,0,42.25214
2,24.29452,0,0,0,0,0,0,0,0,0,0,0,0,31.675
2,33.3701,0,0,0,0,0,0,0,0,0,0,0,0,47.94138
2,24.56618,0,0,0,0,0,0,0,0,0,0,0,0,32.90997
2,31.14014,0,0,0,0,0,0,0,0,0,0,0,0,42.18376
2,23.38095,0,0,0,0,0,0,0,0,0,0,0,0,33.87572
2,28.84141,0,0,0,0,0,0,0,0,0,0,0,0,43.28788
2,18.2364,0,0,0,0,0,0,0,0,0,0,0,0,29.52208
2,26.53793,0,0,0,0,0,0,0,0,0,0,0,0,39.80848
2,19.04885,0,0,0,0,0,0,0,0,0,0,0,0,30.87326
2,22.58224,0,0,0,0,0,0,0,0,0,0,0,0,35.54607
2,25.06124,0,0,0,0,0,0,0,0,0,0,0,0,33.6476
2,21.55262,0,0,0,0,0,0,0,0,0,0,0,0,48.39119
2,23.33428,0,0,0,0,0,0,0,0,0,0,0,0,27.31372
2,18.81106,0,0,0,0,0,0,0,0,0,0,0,0,31.66892
2,21.12155,0,0,0,0,0,0,0,0,0,0,0,0,28.10929
2,24.9807,0,0,0,0,0,0,0,0,0,0,0,0,32.19434
2,26.85166,0,0,0,0,0,0,0,0,0,0,0,0,40.80663
2,30.34065,0,0,0,0,0,0,0,0,0,0,0,0,38.94289
2,29.69116,0,0,0,0,0,0,0,0,0,0,0,0,44.83825
2,25.43282,0,0,0,0,0,0,0,0,0,0,0,0,45.50128
2,23.95084,0,0,0,0,0,0,0,0,0,0,0,0,30.44707
2,26.22796,0,0,0,0,0,0,0,0,0,0,0,0,33.27776
2,28.64866,0,0,0,0,0,0,0,0,0,0,0,0,44.37913
2,21.56518,0,0,0,0,0,0,0,0,0,0,0,0,29.41532
2,30.64034,0,0,0,0,0,0,0,0,0,0,0,0,34.96058
2,28.11157,0,0,0,0,0,0,0,0,0,0,0,0,46.0811
2,32.79705,0,0,0,0,0,0,0,0,0,0,0,0,39.42241
2,22.90452,0,0,0,0,0,0,0,0,0,0,0,0,28.87809
2,22.38289,0,0,0,0,0,0,0,0,0,0,0,0,35.48501
2,34.70046,0,0,0,0,0,0,0,0,0,0,0,0,41.38689
2,20.08285,0,0,0,0,0,0,0,0,0,0,0,0,47.44949
2,25.37007,0,0,0,0,0,0,0,0,0,0,0,0,28.34541
2,30.39666,0,0,0,0,0,0,0,0,0,0,0,0,40.30371
2,22.77555,0,0,0,0,0,0,0,0,0,0,0,0,30.25724
2,24.53971,0,0,0,0,0,0,0,0,0,0,0,0,32.57856
2,20.71637,0,0,0,0,0,0,0,0,0,0,0,0,28.27188
2,27.52525,0,0,0,0,0,0,0,0,0,0,0,0,36.64774
2,28.37159,0,0,0,0,0,0,0,0,0,0,0,0,45.41497
2,27.49949,0,0,0,0,0,0,0,0,0,0,0,0,35.83282
2,28.69208,0,0,0,0,0,0,0,0,0,0,0,0,35.56392
2,31.45513,0,0,0,0,0,0,0,0,0,0,0,0,37.03571
2,27.8547,0,0,0,0,0,0,0,0,0,0,0,0,46.23045
2,29.63805,0,0,0,0,0,0,0,0,0,0,0,0,32.92693
2,22.44574,0,0,0,0,0,0,0,0,0,0,0,0,46.1484
2,23.29266,0,0,0,0,0,0,0,0,0,0,0,0,46.82004
2,21.66992,0,0,0,0,0,0,0,0,0,0,0,0,29.53069
2,25.64839,0,0,0,0,0,0,0,0,0,0,0,0,39.48809
2,25.03556,0,0,0,0,0,0,0,0,0,0,0,0,34.57287
2,22.76635,0,0,0,0,0,0,0,0,0,0,0,0,25.95979
2,23.37657,0,0,0,0,0,0,0,0,0,0,0,0,28.03101
2,21.45487,0,0,0,0,0,0,0,0,0,0,0,0,28.76701
2,18.18056,0,0,0,0,0,0,0,0,0,0,0,0,30.68217
2,24.78835,0,0,0,0,0,0,0,0,0,0,0,0,33.31812
2,24.75769,0,0,0,0,0,0,0,0,0,0,0,0,34.00792
2,19.68213,0,0,0,0,0,0,0,0,0,0,0,0,30.0238
2,27.48221,0,0,0,0,0,0,0,0,0,0,0,0,36.18693
2,22.87796,0,0,0,0,0,0,0,0,0,0,0,0,33.04841
2,25.69722,0,0,0,0,0,0,0,0,0,0,0,0,45.08532
2,22.50822,0,0,0,0,0,0,0,0,0,0,0,0,37.97999
2,20.71141,0,0,0,0,0,0,0,0,0,0,0,0,30.04394
2,33.01927,0,0,0,0,0,0,0,0,0,0,0,0,36.90641
2,22.62265,0,0,0,0,0,0,0,0,0,0,0,0,31.19808
2,21.43453,0,0,0,0,0,0,0,0,0,0,0,0,29.6361
2,26.09673,0,0,0,0,0,0,0,0,0,0,0,0,43.06216
2,25.58662,0,0,0,0,0,0,0,0,0,0,0,0,34.70643
2,18.67264,0,0,0,0,0,0,0,0,0,0,0,0,28.45734
2,32.11039,0,0,0,0,0,0,0,0,0,0,0,0,45.7651
2,25.04208,0,0,0,0,0,0,0,0,0,0,0,0,44.7925
2,23.83681,0,0,0,0,0,0,0,0,0,0,0,0,29.29562
2,19.31393,0,0,0,0,0,0,0,0,0,0,0,0,34.22847
2,27.08484,0,0,0,0,0,0,0,0,0,0,0,0,36.83365
2,22.8778,0,0,0,0,0,0,0,0,0,0,0,0,35.14598
2,24.90333,0,0,0,0,0,0,0,0,0,0,0,0,44.83412
2,15.28522,0,0,0,0,0,0,0,0,0,0,0,0,44.49718
2,30.08615,0,0,0,0,0,0,0,0,0,0,0,0,43.93272
2,30.51128,0,0,0,0,0,0,0,0,0,0,0,0,34.41467
2,22.17425,0,0,0,0,0,0,0,0,0,0,0,0,29.83257
2,25.33981,0,0,0,0,0,0,0,0,0,0,0,0,30.83548
2,25.08202,0,0,0,0,0,0,0,0,0,0,0,0,41.26678
2,24.17878,0,0,0,0,0,0,0,0,0,0,0,0,32.77866
2,24.81039,0,0,0,0,0,0,0,0,0,0,0,0,36.1409
2,28.26463,0,0,0,0,0,0,0,0,0,0,0,0,39.7322
2,19.10164,0,0,0,0,0,0,0,0,0,0,0,0,28.9625
2,24.80979,0,0,0,0,0,0,0,0,0,0,0,0,33.55378
2,21.44694,0,0,0,0,0,0,0,0,0,0,0,0,27.03165
2,25.86444,0,0,0,0,0,0,0,0,0,0,0,0,28.58802
2,34.00059,0,0,0,0,0,0,0,0,0,0,0,0,40.54485
2,25.56761,0,0,0,0,0,0,0,0,0,0,0,0,35.84157
2,34.40904,0,0,0,0,0,0,0,0,0,0,0,0,39.80959
2,31.77234,0,0,0,0,0,0,0,0,0,0,0,0,44.90686
2,23.27254,0,0,0,0,0,0,0,0,0,0,0,0,31.93081
2,19.10979,0,0,0,0,0,0,0,0,0,0,0,0,45.124
2,23.46977,0,0,0,0,0,0,0,0,0,0,0,0,33.9486
2,27.57759,0,0,0,0,0,0,0,0,0,0,0,0,32.34252
2,31.60019,0,0,0,0,0,0,0,0,0,0,0,0,36.98625
2,27.84096,0,0,0,0,0,0,0,0,0,0,0,0,47.75827
2,15.61169,0,0,0,0,0,0,0,0,0,0,0,0,25.86193
2,23.6624,0,0,0,0,0,0,0,0,0,0,0,0,31.87025
2,26.21977,0,0,0,0,0,0,0,0,0,0,0,0,34.87046
2,26.17481,0,0,0,0,0,0,0,0,0,0,0,0,42.51855
2,20.69011,0,0,0,0,0,0,0,0,0,0,0,0,29.27521
2,23.63046,0,0,0,0,0,0,0,0,0,0,0,0,30.62279
2,26.13371,0,0,0,0,0,0,0,0,0,0,0,0,32.56475
2,18.21274,0,0,0,0,0,0,0,0,0,0,0,0,29.58324
2,28.60651,0,0,0,0,0,0,0,0,0,0,0,0,40.22485
2,37.14664,0,0,0,0,0,0,0,0,0,0,0,0,41.83543
2,19.75593,0,0,0,0,0,0,0,0,0,0,0,0,29.00014
2,23.03754,0,0,0,0,0,0,0,0,0,0,0,0,32.35712
2,19.62619,0,0,0,0,0,0,0,0,0,0,0,0,32.04999
2,28.66774,0,0,0,0,0,0,0,0,0,0,0,0,46.03537
2,19.31974,0,0,0,0,0,0,0,0,0,0,0,0,28.74694
2,26.43953,0,0,0,0,0,0,0,0,0,0,0,0,32.59089
2,19.68245,0,0,0,0,0,0,0,0,0,0,0,0,33.19462
2,19.69314,0,0,0,0,0,0,0,0,0,0,0,0,25.9049
2,26.06413,0,0,0,0,0,0,0,0,0,0,0,0,32.87999
2,32.24908,0,0,0,0,0,0,0,0,0,0,0,0,42.85721
2,25.35631,0,0,0,0,0,0,0,0,0,0,0,0,46.7298
2,25.84227,0,0,0,0,0,0,0,0,0,0,0,0,30.8664
2,20.91656,0,0,0,0,0,0,0,0,0,0,0,0,31.81588
2,17.72528,0,0,0,0,0,0,0,0,0,0,0,0,28.7679
2,31.78093,0,0,0,0,0,0,0,0,0,0,0,0,37.883
2,28.37995,0,0,0,0,0,0,0,0,0,0,0,0,33.03072
2,23.42441,0,0,0,0,0,0,0,0,0,0,0,0,30.46408
2,22.87294,0,0,0,0,0,0,0,0,0,0,0,0,33.5862
2,23.85014,0,0,0,0,0,0,0,0,0,0,0,0,31.0713
2,28.53752,0,0,0,0,0,0,0,0,0,0,0,0,36.49276
2,23.61234,0,0,0,0,0,0,0,0,0,0,0,0,33.7844
2,20.08501,0,0,0,0,0,0,0,0,0,0,0,0,31.78068
2,37.01008,0,0,0,0,0,0,0,0,0,0,0,0,46.20195
2,28.84441,0,0,0,0,0,0,0,0,0,0,0,0,28.18028
2,21.99493,0,0,0,0,0,0,0,0,0,0,0,0,29.98757
2,24.25279,0,0,0,0,0,0,0,0,0,0,0,0,28.31081
2,26.44951,0,0,0,0,0,0,0,0,0,0,0,0,31.897
2,20.35421,0,0,0,0,0,0,0,0,0,0,0,0,31.44886
2,25.31479,0,0,0,0,0,0,0,0,0,0,0,0,32.51414
2,27.11394,0,0,0,0,0,0,0,0,0,0,0,0,32.69546
2,23.13165,0,0,0,0,0,0,0,0,0,0,0,0,29.16094
2,24.44952,0,0,0,0,0,0,0,0,0,0,0,0,34.4593
2,36.06593,0,0,0,0,0,0,0,0,0,0,0,0,43.58442
2,24.28206,0,0,0,0,0,0,0,0,0,0,0,0,28.32774
2,24.60588,0,0,0,0,0,0,0,0,0,0,0,0,29.58076
2,29.15997,0,0,0,0,0,0,0,0,0,0,0,0,47.85857
2,28.12731,0,0,0,0,0,0,0,0,0,0,0,0,32.54233
2,22.75362,0,0,0,0,0,0,0,0,0,0,0,0,31.7413
2,28.32557,0,0,0,0,0,0,0,0,0,0,0,0,31.75696
2,23.1598,0,0,0,0,0,0,0,0,0,0,0,0,30.23485
2,30.4257,0,0,0,0,0,0,0,0,0,0,0,0,34.7482
2,20.52147,0,0,0,0,0,0,0,0,0,0,0,0,28.57294
2,34.48401,0,0,0,0,0,0,0,0,0,0,0,0,42.34785
2,30.03744,0,0,0,0,0,0,0,0,0,0,0,0,48.01466
2,32.58499,0,0,0,0,0,0,0,0,0,0,0,0,35.181
2,27.47352,0,0,0,0,0,0,0,0,0,0,0,0,32.78876
2,28.45773,0,0,0,0,0,0,0,0,0,0,0,0,34.36533
2,27.79116,0,0,0,0,0,0,0,0,0,0,0,0,41.70897
2,26.80547,0,0,0,0,0,0,0,0,0,0,0,0,48.42702
2,17.21722,0,0,0,0,0,0,0,0,0,0,0,0,30.57105
2,26.64635,0,0,0,0,0,0,0,0,0,0,0,0,37.17296
2,23.23037,0,0,0,0,0,0,0,0,0,0,0,0,32.17085
2,30.72151,0,0,0,0,0,0,0,0,0,0,0,0,42.67919
2,27.05872,0,0,0,0,0,0,0,0,0,0,0,0,31.11357
2,19.18814,0,0,0,0,0,0,0,0,0,0,0,0,29.91013
2,27.38352,0,0,0,0,0,0,0,0,0,0,0,0,34.53114
2,32.46032,0,0,0,0,0,0,0,0,0,0,0,0,40.36522
2,29.50515,0,0,0,0,0,0,0,0,0,0,0,0,38.23627
2,32.10931,0,0,0,0,0,0,0,0,0,0,0,0,40.32116
2,23.08966,0,0,0,0,0,0,0,0,0,0,0,0,30.81687
2,21.20767,0,0,0,0,0,0,0,0,0,0,0,0,27.89598
2,32.5644,0,0,0,0,0,0,0,0,0,0,0,0,46.84901
2,22.02616,0,0,0,0,0,0,0,0,0,0,0,0,30.9092
2,23.2264,0,0,0,0,0,0,0,0,0,0,0,0,41.9755
2,20.73072,0,0,0,0,0,0,0,0,0,0,0,0,26.79351
2,26.27663,0,0,0,0,0,0,0,0,0,0,0,0,43.04198
2,29.73422,0,0,0,0,0,0,0,0,0,0,0,0,37.55497
2,28.83393,0,0,0,0,0,0,0,0,0,0,0,0,41.24897
2,24.42612,0,0,0,0,0,0,0,0,0,0,0,0,30.0128
2,26.01135,0,0,0,0,0,0,0,0,0,0,0,0,46.74612
2,23.04056,0,0,0,0,0,0,0,0,0,0,0,0,37.43569
2,29.60746,0,0,0,0,0,0,0,0,0,0,0,0,32.81591
2,28.66807,0,0,0,0,0,0,0,0,0,0,0,0,37.11945
2,24.37904,0,0,0,0,0,0,0,0,0,0,0,0,33.14109
2,22.2493,0,0,0,0,0,0,0,0,0,0,0,0,33.13665
2,23.58696,0,0,0,0,0,0,0,0,0,0,0,0,28.55452
2,34.64717,0,0,0,0,0,0,0,0,0,0,0,0,39.85138
2,27.15492,0,0,0,0,0,0,0,0,0,0,0,0,34.71317
2,33.01056,0,0,0,0,0,0,0,0,0,0,0,0,37.01513
2,19.9453,0,0,0,0,0,0,0,0,0,0,0,0,28.62866
2,23.81687,0,0,0,0,0,0,0,0,0,0,0,0,31.1691
2,29.83584,0,0,0,0,0,0,0,0,0,0,0,0,46.69304
2,29.07011,0,0,0,0,0,0,0,0,0,0,0,0,31.99261
2,23.93315,0,0,0,0,0,0,0,0,0,0,0,0,30.1881
2,29.79555,0,0,0,0,0,0,0,0,0,0,0,0,31.88052
2,20.77284,0,0,0,0,0,0,0,0,0,0,0,0,28.01875
2,23.53191,0,0,0,0,0,0,0,0,0,0,0,0,28.9257
2,33.20422,0,0,0,0,0,0,0,0,0,0,0,0,42.5288
2,24.7631,0,0,0,0,0,0,0,0,0,0,0,0,45.37575
2,15.41077,0,0,0,0,0,0,0,0,0,0,0,0,28.10103
2,24.52142,0,0,0,0,0,0,0,0,0,0,0,0,48.1112
2,26.44118,0,0,0,0,0,0,0,0,0,0,0,0,32.84386
2,24.69699,0,0,0,0,0,0,0,0,0,0,0,0,31.98854
2,24.74707,0,0,0,0,0,0,0,0,0,0,0,0,31.32062
2,25.52928,0,0,0,0,0,0,0,0,0,0,0,0,39.33955
2,20.79018,0,0,0,0,0,0,0,0,0,0,0,0,29.0893
2,23.68178,0,0,0,0,0,0,0,0,0,0,0,0,32.25104
2,29.75671,0,0,0,0,0,0,0,0,0,0,0,0,42.31112
2,26.81214,0,0,0,0,0,0,0,0,0,0,0,0,44.6909
2,20.53411,0,0,0,0,0,0,0,0,0,0,0,0,43.4811
2,29.52374,0,0,0,0,0,0,0,0,0,0,0,0,38.04998
2,27.66008,0,0,0,0,0,0,0,0,0,0,0,0,36.91882
2,22.9187,0,0,0,0,0,0,0,0,0,0,0,0,45.60905
2,27.56069,0,0,0,0,0,0,0,0,0,0,0,0,44.56052
2,26.76837,0,0,0,0,0,0,0,0,0,0,0,0,33.08415
2,27.76062,0,0,0,0,0,0,0,0,0,0,0,0,42.10813
2,26.45564,0,0,0,0,0,0,0,0,0,0,0,0,32.99586
2,24.62305,0,0,0,0,0,0,0,0,0,0,0,0,35.80988
2,29.10144,0,0,0,0,0,0,0,0,0,0,0,0,40.77124
2,23.00044,0,0,0,0,0,0,0,0,0,0,0,0,30.93749
2,23.63582,0,0,0,0,0,0,0,0,0,0,0,0,31.29507
2,28.78,0,0,0,0,0,0,0,0,0,0,0,0,44.533
2,21.37337,0,0,0,0,0,0,0,0,0,0,0,0,46.90546
2,31.17305,0,0,0,0,0,0,0,0,0,0,0,0,36.32149
2,24.31562,0,0,0,0,0,0,0,0,0,0,0,0,27.68896
2,19.97905,0,0,0,0,0,0,0,0,0,0,0,0,30.05443
2,27.69438,0,0,0,0,0,0,0,0,0,0,0,0,32.78207
2,12.99637,0,0,0,0,0,0,0,0,0,0,0,0,42.81943
2,30.24468,0,0,0,0,0,0,0,0,0,0,0,0,37.19379
2,16.02174,0,0,0,0,0,0,0,0,0,0,0,0,31.17498
2,27.00059,0,0,0,0,0,0,0,0,0,0,0,0,46.61728
2,24.39878,0,0,0,0,0,0,0,0,0,0,0,0,34.26759
2,27.75914,0,0,0,0,0,0,0,0,0,0,0,0,32.07566
2,24.66383,0,0,0,0,0,0,0,0,0,0,0,0,36.97257
2,19.40387,0,0,0,0,0,0,0,0,0,0,0,0,29.31953
2,36.9957,0,0,0,0,0,0,0,0,0,0,0,0,48.0133
2,33.24591,0,0,0,0,0,0,0,0,0,0,0,0,35.44044
2,28.24925,0,0,0,0,0,0,0,0,0,0,0,0,34.02623
2,19.63539,0,0,0,0,0,0,0,0,0,0,0,0,32.0565
2,22.84707,0,0,0,0,0,0,0,0,0,0,0,0,29.68576
2,22.06264,0,0,0,0,0,0,0,0,0,0,0,0,32.21546
2,22.50249,0,0,0,0,0,0,0,0,0,0,0,0,47.52646
2,24.97784,0,0,0,0,0,0,0,0,0,0,0,0,35.08187
2,26.57896,0,0,0,0,0,0,0,0,0,0,0,0,31.94397
2,27.20604,0,0,0,0,0,0,0,0,0,0,0,0,32.35895
2,20.21371,0,0,0,0,0,0,0,0,0,0,0,0,28.93023
2,21.51936,0,0,0,0,0,0,0,0,0,0,0,0,29.06487
2,27.99871,0,0,0,0,0,0,0,0,0,0,0,0,38.03764
2,27.12389,0,0,0,0,0,0,0,0,0,0,0,0,32.74559
2,21.24608,0,0,0,0,0,0,0,0,0,0,0,0,47.16381
2,29.41796,0,0,0,0,0,0,0,0,0,0,0,0,36.01127
2,26.07481,0,0,0,0,0,0,0,0,0,0,0,0,33.55464
2,35.20148,0,0,0,0,0,0,0,0,0,0,0,0,44.22435
2,31.64334,0,0,0,0,0,0,0,0,0,0,0,0,40.4295
2,28.41932,0,0,0,0,0,0,0,0,0,0,0,0,35.991
2,28.45903,0,0,0,0,0,0,0,0,0,0,0,0,46.02138
2,21.15353,0,0,0,0,0,0,0,0,0,0,0,0,30.07397
2,32.95072,0,0,0,0,0,0,0,0,0,0,0,0,38.75846
2,20.66108,0,0,0,0,0,0,0,0,0,0,0,0,30.0627
2,24.46919,0,0,0,0,0,0,0,0,0,0,0,0,31.99773
2,36.03055,0,0,0,0,0,0,0,0,0,0,0,0,42.94227
2,30.4839,0,0,0,0,0,0,0,0,0,0,0,0,41.0237
2,28.88878,0,0,0,0,0,0,0,0,0,0,0,0,33.87317
2,24.10138,0,0,0,0,0,0,0,0,0,0,0,0,28.2792
2,22.76235,0,0,0,0,0,0,0,0,0,0,0,0,33.50828
2,20.07869,0,0,0,0,0,0,0,0,0,0,0,0,32.72818
2,22.59188,0,0,0,0,0,0,0,0,0,0,0,0,28.4265
2,25.48938,0,0,0,0,0,0,0,0,0,0,0,0,31.48276
2,22.50516,0,0,0,0,0,0,0,0,0,0,0,0,30.3903
2,24.11283,0,0,0,0,0,0,0,0,0,0,0,0,47.50549
2,25.13855,0,0,0,0,0,0,0,0,0,0,0,0,33.96603
2,28.18101,0,0,0,0,0,0,0,0,0,0,0,0,32.43029
2,24.82785,0,0,0,0,0,0,0,0,0,0,0,0,28.06575
2,24.00926,0,0,0,0,0,0,0,0,0,0,0,0,32.32771
2,32.0992,0,0,0,0,0,0,0,0,0,0,0,0,41.93203
2,24.32228,0,0,0,0,0,0,0,0,0,0,0,0,30.05851
2,28.42273,0,0,0,0,0,0,0,0,0,0,0,0,36.6491
2,28.0838,0,0,0,0,0,0,0,0,0,0,0,0,32.86581
2,24.31688,0,0,0,0,0,0,0,0,0,0,0,0,30.76714
2,24.1456,0,0,0,0,0,0,0,0,0,0,0,0,29.36118
2,22.05786,0,0,0,0,0,0,0,0,0,0,0,0,31.82492
2,25.12552,0,0,0,0,0,0,0,0,0,0,0,0,42.29311
2,23.05896,0,0,0,0,0,0,0,0,0,0,0,0,34.64432
2,23.20909,0,0,0,0,0,0,0,0,0,0,0,0,30.54718
2,24.08642,0,0,0,0,0,0,0,0,0,0,0,0,34.78019
2,27.91694,0,0,0,0,0,0,0,0,0,0,0,0,32.24701
2,30.62763,0,0,0,0,0,0,0,0,0,0,0,0,47.86086
2,25.42678,0,0,0,0,0,0,0,0,0,0,0,0,35.21083
2,28.74487,0,0,0,0,0,0,0,0,0,0,0,0,31.16852
2,25.79535,0,0,0,0,0,0,0,0,0,0,0,0,30.26551
2,18.14398,0,0,0,0,0,0,0,0,0,0,0,0,42.40425
2,18.57145,0,0,0,0,0,0,0,0,0,0,0,0,25.95887
2,25.4959,0,0,0,0,0,0,0,0,0,0,0,0,45.12708
2,21.5427,0,0,0,0,0,0,0,0,0,0,0,0,33.82418
2,19.77345,0,0,0,0,0,0,0,0,0,0,0,0,26.03035
2,21.07052,0,0,0,0,0,0,0,0,0,0,0,0,31.18714
2,30.78763,0,0,0,0,0,0,0,0,0,0,0,0,34.75911
2,26.85133,0,0,0,0,0,0,0,0,0,0,0,0,46.06688
2,26.70443,0,0,0,0,0,0,0,0,0,0,0,0,33.36884
2,26.24059,0,0,0,0,0,0,0,0,0,0,0,0,33.9937
2,25.28519,0,0,0,0,0,0,0,0,0,0,0,0,33.99307
2,28.82026,0,0,0,0,0,0,0,0,0,0,0,0,38.13774
2,29.17019,0,0,0,0,0,0,0,0,0,0,0,0,34.24909
2,22.55032,0,0,0,0,0,0,0,0,0,0,0,0,26.62016
2,25.16641,0,0,0,0,0,0,0,0,0,0,0,0,30.59274
2,26.91069,0,0,0,0,0,0,0,0,0,0,0,0,41.7769
2,28.71148,0,0,0,0,0,0,0,0,0,0,0,0,31.99564
2,29.8168,0,0,0,0,0,0,0,0,0,0,0,0,35.09509
2,26.87424,0,0,0,0,0,0,0,0,0,0,0,0,46.02054
2,24.06524,0,0,0,0,0,0,0,0,0,0,0,0,47.10075
2,28.73735,0,0,0,0,0,0,0,0,0,0,0,0,32.51231
2,23.36528,0,0,0,0,0,0,0,0,0,0,0,0,31.44847
2,28.32635,0,0,0,0,0,0,0,0,0,0,0,0,37.84238
2,37.98838,0,0,0,0,0,0,0,0,0,0,0,0,39.28832
2,18.14611,0,0,0,0,0,0,0,0,0,0,0,0,26.73006
2,23.20068,0,0,0,0,0,0,0,0,0,0,0,0,32.58396
2,23.22782,0,0,0,0,0,0,0,0,0,0,0,0,31.20702
2,34.3982,0,0,0,0,0,0,0,0,0,0,0,0,41.68655
2,28.20365,0,0,0,0,0,0,0,0,0,0,0,0,45.45091
2,26.27523,0,0,0,0,0,0,0,0,0,0,0,0,32.40022
2,20.05752,0,0,0,0,0,0,0,0,0,0,0,0,47.41756
2,34.70503,0,0,0,0,0,0,0,0,0,0,0,0,41.81342
2,23.64855,0,0,0,0,0,0,0,0,0,0,0,0,31.57633
2,30.8768,0,0,0,0,0,0,0,0,0,0,0,0,38.44052
2,30.6035,0,0,0,0,0,0,0,0,0,0,0,0,33.72701
2,25.76439,0,0,0,0,0,0,0,0,0,0,0,0,34.42815
2,21.97462,0,0,0,0,0,0,0,0,0,0,0,0,32.19103
2,27.59792,0,0,0,0,0,0,0,0,0,0,0,0,46.91865
2,26.61349,0,0,0,0,0,0,0,0,0,0,0,0,31.61348
2,28.01857,0,0,0,0,0,0,0,0,0,0,0,0,31.76509
2,33.06605,0,0,0,0,0,0,0,0,0,0,0,0,34.95158
2,24.88732,0,0,0,0,0,0,0,0,0,0,0,0,34.97567
2,22.52938,0,0,0,0,0,0,0,0,0,0,0,0,30.37977
2,24.02227,0,0,0,0,0,0,0,0,0,0,0,0,46.26067
2,23.5677,0,0,0,0,0,0,0,0,0,0,0,0,46.09654
2,25.47581,0,0,0,0,0,0,0,0,0,0,0,0,33.78199
2,26.42286,0,0,0,0,0,0,0,0,0,0,0,0,44.66082
2,21.42563,0,0,0,0,0,0,0,0,0,0,0,0,29.23689
2,28.17159,0,0,0,0,0,0,0,0,0,0,0,0,32.93077
2,19.78182,0,0,0,0,0,0,0,0,0,0,0,0,30.98534
2,15.41311,0,0,0,0,0,0,0,0,0,0,0,0,28.54649
2,30.19509,0,0,0,0,0,0,0,0,0,0,0,0,47.99712
2,25.67869,0,0,0,0,0,0,0,0,0,0,0,0,30.79458
2,29.47068,0,0,0,0,0,0,0,0,0,0,0,0,34.71421
2,25.44317,0,0,0,0,0,0,0,0,0,0,0,0,31.38963
2,25.71502,0,0,0,0,0,0,0,0,0,0,0,0,33.66677
2,24.15971,0,0,0,0,0,0,0,0,0,0,0,0,30.70821
2,30.62797,0,0,0,0,0,0,0,0,0,0,0,0,36.00356
2,30.00004,0,0,0,0,0,0,0,0,0,0,0,0,37.77056
2,24.24275,0,0,0,0,0,0,0,0,0,0,0,0,27.8926
2,19.82597,0,0,0,0,0,0,0,0,0,0,0,0,27.64305
2,19.66363,0,0,0,0,0,0,0,0,0,0,0,0,46.92743
2,25.08804,0,0,0,0,0,0,0,0,0,0,0,0,46.65808
2,23.14467,0,0,0,0,0,0,0,0,0,0,0,0,30.32756
2,35.67125,0,0,0,0,0,0,0,0,0,0,0,0,46.99495
2,33.31326,0,0,0,0,0,0,0,0,0,0,0,0,37.03086
2,29.04091,0,0,0,0,0,0,0,0,0,0,0,0,40.38845
2,31.52993,0,0,0,0,0,0,0,0,0,0,0,0,34.11448
2,21.53123,0,0,0,0,0,0,0,0,0,0,0,0,28.80236
2,26.72805,0,0,0,0,0,0,0,0,0,0,0,0,35.03653
2,34.52517,0,0,0,0,0,0,0,0,0,0,0,0,38.055
2,19.04569,0,0,0,0,0,0,0,0,0,0,0,0,29.52687
2,22.01912,0,0,0,0,0,0,0,0,0,0,0,0,28.25598
2,22.6754,0,0,0,0,0,0,0,0,0,0,0,0,30.80833
2,32.03468,0,0,0,0,0,0,0,0,0,0,0,0,44.08988
2,35.3664,0,0,0,0,0,0,0,0,0,0,0,0,46.63539
2,31.95353,0,0,0,0,0,0,0,0,0,0,0,0,42.20473
2,24.77731,0,0,0,0,0,0,0,0,0,0,0,0,30.09358
2,30.65569,0,0,0,0,0,0,0,0,0,0,0,0,37.71025
2,33.34761,0,0,0,0,0,0,0,0,0,0,0,0,35.43162
2,18.23846,0,0,0,0,0,0,0,0,0,0,0,0,45.0305
2,19.53679,0,0,0,0,0,0,0,0,0,0,0,0,29.5239
2,16.97835,0,0,0,0,0,0,0,0,0,0,0,0,45.08146
2,23.32434,0,0,0,0,0,0,0,0,0,0,0,0,33.93935
2,19.23503,0,0,0,0,0,0,0,0,0,0,0,0,43.00974
2,30.9708,0,0,0,0,0,0,0,0,0,0,0,0,42.49141
2,28.37475,0,0,0,0,0,0,0,0,0,0,0,0,33.10347
2,25.5433,0,0,0,0,0,0,0,0,0,0,0,0,34.01858
2,17.23151,0,0,0,0,0,0,0,0,0,0,0,0,28.61751
2,24.38069,0,0,0,0,0,0,0,0,0,0,0,0,27.14348
2,36.92194,0,0,0,0,0,0,0,0,0,0,0,0,41.53064
2,28.06565,0,0,0,0,0,0,0,0,0,0,0,0,47.40572
2,25.24805,0,0,0,0,0,0,0,0,0,0,0,0,33.59384
2,26.68838,0,0,0,0,0,0,0,0,0,0,0,0,28.81025
2,28.25305,0,0,0,0,0,0,0,0,0,0,0,0,31.29243
2,25.1958,0,0,0,0,0,0,0,0,0,0,0,0,31.08407
2,32.01798,0,0,0,0,0,0,0,0,0,0,0,0,36.14143
2,23.29863,0,0,0,0,0,0,0,0,0,0,0,0,45.79953
2,25.57958,0,0,0,0,0,0,0,0,0,0,0,0,46.18497
2,23.34642,0,0,0,0,0,0,0,0,0,0,0,0,32.4066
2,28.49682,0,0,0,0,0,0,0,0,0,0,0,0,33.91663
2,25.95526,0,0,0,0,0,0,0,0,0,0,0,0,33.61674
2,21.34485,0,0,0,0,0,0,0,0,0,0,0,0,44.65847
2,27.8845,0,0,0,0,0,0,0,0,0,0,0,0,43.36179
2,31.49979,0,0,0,0,0,0,0,0,0,0,0,0,36.92642
2,32.14418,0,0,0,0,0,0,0,0,0,0,0,0,42.73885
2,23.34258,0,0,0,0,0,0,0,0,0,0,0,0,47.67935
2,23.40325,0,0,0,0,0,0,0,0,0,0,0,0,30.27115
2,24.98794,0,0,0,0,0,0,0,0,0,0,0,0,29.67948
2,34.70814,0,0,0,0,0,0,0,0,0,0,0,0,40.01627
2,21.26187,0,0,0,0,0,0,0,0,0,0,0,0,29.21843
2,23.87908,0,0,0,0,0,0,0,0,0,0,0,0,32.62857
2,20.12841,0,0,0,0,0,0,0,0,0,0,0,0,34.62313
2,23.29103,0,0,0,0,0,0,0,0,0,0,0,0,31.49925
2,35.63822,0,0,0,0,0,0,0,0,0,0,0,0,42.29483
2,19.8761,0,0,0,0,0,0,0,0,0,0,0,0,29.70226
2,23.35664,0,0,0,0,0,0,0,0,0,0,0,0,35.1931
2,34.4132,0,0,0,0,0,0,0,0,0,0,0,0,47.66813
2,29.77509,0,0,0,0,0,0,0,0,0,0,0,0,47.98376
2,22.36431,0,0,0,0,0,0,0,0,0,0,0,0,45.12172
2,23.30166,0,0,0,0,0,0,0,0,0,0,0,0,31.86326
2,21.72383,0,0,0,0,0,0,0,0,0,0,0,0,45.0633
2,24.73973,0,0,0,0,0,0,0,0,0,0,0,0,30.88797
2,21.56277,0,0,0,0,0,0,0,0,0,0,0,0,45.92837
2,28.58461,0,0,0,0,0,0,0,0,0,0,0,0,32.42387
2,29.05098,0,0,0,0,0,0,0,0,0,0,0,0,32.27765
2,34.15369,0,0,0,0,0,0,0,0,0,0,0,0,39.46304
2,26.29024,0,0,0,0,0,0,0,0,0,0,0,0,46.53031
2,25.18872,0,0,0,0,0,0,0,0,0,0,0,0,30.86579
2,23.58025,0,0,0,0,0,0,0,0,0,0,0,0,32.13014
2,26.95129,0,0,0,0,0,0,0,0,0,0,0,0,34.53421
2,36.83727,0,0,0,0,0,0,0,0,0,0,0,0,46.80683
2,26.85903,0,0,0,0,0,0,0,0,0,0,0,0,33.82662
2,28.20904,0,0,0,0,0,0,0,0,0,0,0,0,48.26674
2,25.24785,0,0,0,0,0,0,0,0,0,0,0,0,38.26494
2,23.64501,0,0,0,0,0,0,0,0,0,0,0,0,29.53792
2,24.47579,0,0,0,0,0,0,0,0,0,0,0,0,30.79529
2,27.36862,0,0,0,0,0,0,0,0,0,0,0,0,35.60698
2,32.28014,0,0,0,0,0,0,0,0,0,0,0,0,46.62099
2,31.61203,0,0,0,0,0,0,0,0,0,0,0,0,35.19587
2,24.87945,0,0,0,0,0,0,0,0,0,0,0,0,33.03647
2,22.94843,0,0,0,0,0,0,0,0,0,0,0,0,28.52657
2,26.55655,0,0,0,0,0,0,0,0,0,0,0,0,33.55221
2,24.14245,0,0,0,0,0,0,0,0,0,0,0,0,35.81294
2,21.24631,0,0,0,0,0,0,0,0,0,0,0,0,43.61119
2,27.4375,0,0,0,0,0,0,0,0,0,0,0,0,32.86497
2,21.79751,0,0,0,0,0,0,0,0,0,0,0,0,31.92758
2,35.2185,0,0,0,0,0,0,0,0,0,0,0,0,36.50724
2,25.13159,0,0,0,0,0,0,0,0,0,0,0,0,34.42445
2,25.55452,0,0,0,0,0,0,0,0,0,0,0,0,32.45225
2,35.12653,0,0,0,0,0,0,0,0,0,0,0,0,43.4028
2,16.30535,0,0,0,0,0,0,0,0,0,0,0,0,43.72199
2,13.6484,0,0,0,0,0,0,0,0,0,0,0,0,43.11189
2,25.42928,0,0,0,0,0,0,0,0,0,0,0,0,32.63648
2,36.0597,0,0,0,0,0,0,0,0,0,0,0,0,40.12091
2,36.70591,0,0,0,0,0,0,0,0,0,0,0,0,41.40902
2,18.94577,0,0,0,0,0,0,0,0,0,0,0,0,28.72447
2,28.86236,0,0,0,0,0,0,0,0,0,0,0,0,37.16867
2,24.08814,0,0,0,0,0,0,0,0,0,0,0,0,30.09396
2,28.55014,0,0,0,0,0,0,0,0,0,0,0,0,33.17149
2,27.91876,0,0,0,0,0,0,0,0,0,0,0,0,38.91512
2,15.88771,0,0,0,0,0,0,0,0,0,0,0,0,46.80869
2,23.30362,0,0,0,0,0,0,0,0,0,0,0,0,32.90089
2,31.68232,0,0,0,0,0,0,0,0,0,0,0,0,40.98923
2,17.93451,0,0,0,0,0,0,0,0,0,0,0,0,45.98838
2,28.88368,0,0,0,0,0,0,0,0,0,0,0,0,36.97444
2,33.32506,0,0,0,0,0,0,0,0,0,0,0,0,44.17749
2,25.23055,0,0,0,0,0,0,0,0,0,0,0,0,32.14941
2,29.16837,0,0,0,0,0,0,0,0,0,0,0,0,30.36503
2,27.8747,0,0,0,0,0,0,0,0,0,0,0,0,47.71893
2,26.40072,0,0,0,0,0,0,0,0,0,0,0,0,31.07011
2,26.68587,0,0,0,0,0,0,0,0,0,0,0,0,36.6389
2,30.40366,0,0,0,0,0,0,0,0,0,0,0,0,31.73085
2,25.77192,0,0,0,0,0,0,0,0,0,0,0,0,35.98013
2,24.11621,0,0,0,0,0,0,0,0,0,0,0,0,30.89673
2,23.06479,0,0,0,0,0,0,0,0,0,0,0,0,29.89651
2,19.72678,0,0,0,0,0,0,0,0,0,0,0,0,38.16174
2,24.56827,0,0,0,0,0,0,0,0,0,0,0,0,33.74737
2,24.27609,0,0,0,0,0,0,0,0,0,0,0,0,45.41928
2,24.65528,0,0,0,0,0,0,0,0,0,0,0,0,32.26566
2,32.1093,0,0,0,0,0,0,0,0,0,0,0,0,35.99063
2,26.59555,0,0,0,0,0,0,0,0,0,0,0,0,34.40113
2,29.8583,0,0,0,0,0,0,0,0,0,0,0,0,33.33503
2,28.07323,0,0,0,0,0,0,0,0,0,0,0,0,31.72688
2,29.53463,0,0,0,0,0,0,0,0,0,0,0,0,40.04566
2,27.2006,0,0,0,0,0,0,0,0,0,0,0,0,34.14403
2,23.98485,0,0,0,0,0,0,0,0,0,0,0,0,37.84399
2,30.8222,0,0,0,0,0,0,0,0,0,0,0,0,32.99835
2,18.12463,0,0,0,0,0,0,0,0,0,0,0,0,28.20031
2,28.83176,0,0,0,0,0,0,0,0,0,0,0,0,33.6727
2,27.17618,0,0,0,0,0,0,0,0,0,0,0,0,33.08537
2,32.90559,0,0,0,0,0,0,0,0,0,0,0,0,44.15358
2,25.29979,0,0,0,0,0,0,0,0,0,0,0,0,33.58134
2,23.33982,0,0,0,0,0,0,0,0,0,0,0,0,47.72755
2,22.58059,0,0,0,0,0,0,0,0,0,0,0,0,46.67195
2,28.34758,0,0,0,0,0,0,0,0,0,0,0,0,34.40945
2,36.70888,0,0,0,0,0,0,0,0,0,0,0,0,45.81734
2,23.72327,0,0,0,0,0,0,0,0,0,0,0,0,30.90265
2,20.0662,0,0,0,0,0,0,0,0,0,0,0,0,30.18628
2,26.69098,0,0,0,0,0,0,0,0,0,0,0,0,33.58296
2,21.84852,0,0,0,0,0,0,0,0,0,0,0,0,31.60034
2,35.59479,0,0,0,0,0,0,0,0,0,0,0,0,47.54501
2,19.5822,0,0,0,0,0,0,0,0,0,0,0,0,31.86637
2,36.20135,0,0,0,0,0,0,0,0,0,0,0,0,41.37116
2,22.4202,0,0,0,0,0,0,0,0,0,0,0,0,32.95695
2,26.33169,0,0,0,0,0,0,0,0,0,0,0,0,31.54156
2,23.39347,0,0,0,0,0,0,0,0,0,0,0,0,35.6816
2,37.56831,0,0,0,0,0,0,0,0,0,0,0,0,41.24104
2,20.38265,0,0,0,0,0,0,0,0,0,0,0,0,28.01893
2,32.31841,0,0,0,0,0,0,0,0,0,0,0,0,39.7085
2,31.25611,0,0,0,0,0,0,0,0,0,0,0,0,42.50473
2,21.83656,0,0,0,0,0,0,0,0,0,0,0,0,45.88118
2,35.65506,0,0,0,0,0,0,0,0,0,0,0,0,39.15726
2,22.54839,0,0,0,0,0,0,0,0,0,0,0,0,32.93075
2,30.88007,0,0,0,0,0,0,0,0,0,0,0,0,40.05991
2,22.94767,0,0,0,0,0,0,0,0,0,0,0,0,32.73299
2,22.81182,0,0,0,0,0,0,0,0,0,0,0,0,32.47041
2,26.47125,0,0,0,0,0,0,0,0,0,0,0,0,32.51241
2,30.74287,0,0,0,0,0,0,0,0,0,0,0,0,36.08151
2,28.98603,0,0,0,0,0,0,0,0,0,0,0,0,45.74731
2,29.94319,0,0,0,0,0,0,0,0,0,0,0,0,46.20563
2,27.91535,0,0,0,0,0,0,0,0,0,0,0,0,35.67454
2,29.49391,0,0,0,0,0,0,0,0,0,0,0,0,38.322
2,27.22555,0,0,0,0,0,0,0,0,0,0,0,0,35.98895
2,25.49954,0,0,0,0,0,0,0,0,0,0,0,0,31.89375
2,23.11024,0,0,0,0,0,0,0,0,0,0,0,0,45.96938
2,25.5628,0,0,0,0,0,0,0,0,0,0,0,0,35.64311
2,33.06635,0,0,0,0,0,0,0,0,0,0,0,0,36.74455
2,26.38584,0,0,0,0,0,0,0,0,0,0,0,0,32.19849
2,27.01772,0,0,0,0,0,0,0,0,0,0,0,0,46.271
2,30.45412,0,0,0,0,0,0,0,0,0,0,0,0,37.29286
2,35.34582,0,0,0,0,0,0,0,0,0,0,0,0,41.62442
2,21.87801,0,0,0,0,0,0,0,0,0,0,0,0,30.03132
2,38.21513,0,0,0,0,0,0,0,0,0,0,0,0,42.99247
2,25.43179,0,0,0,0,0,0,0,0,0,0,0,0,33.06147
2,18.05937,0,0,0,0,0,0,0,0,0,0,0,0,32.69763
2,24.712,0,0,0,0,0,0,0,0,0,0,0,0,31.91483
2,25.48209,0,0,0,0,0,0,0,0,0,0,0,0,36.10834
2,31.15319,0,0,0,0,0,0,0,0,0,0,0,0,40.24595
2,24.85903,0,0,0,0,0,0,0,0,0,0,0,0,30.68391
2,32.9882,0,0,0,0,0,0,0,0,0,0,0,0,46.5892
2,31.26462,0,0,0,0,0,0,0,0,0,0,0,0,44.09732
2,26.8179,0,0,0,0,0,0,0,0,0,0,0,0,46.83073
2,27.14043,0,0,0,0,0,0,0,0,0,0,0,0,37.66103
2,25.31501,0,0,0,0,0,0,0,0,0,0,0,0,30.62005
2,21.52855,0,0,0,0,0,0,0,0,0,0,0,0,33.41236
2,29.72706,0,0,0,0,0,0,0,0,0,0,0,0,34.56753
2,22.99823,0,0,0,0,0,0,0,0,0,0,0,0,29.29537
2,25.34045,0,0,0,0,0,0,0,0,0,0,0,0,33.7611
2,21.0381,0,0,0,0,0,0,0,0,0,0,0,0,30.58352
2,25.42822,0,0,0,0,0,0,0,0,0,0,0,0,31.52387
2,35.77402,0,0,0,0,0,0,0,0,0,0,0,0,47.15629
2,30.76457,0,0,0,0,0,0,0,0,0,0,0,0,45.74941
2,32.16975,0,0,0,0,0,0,0,0,0,0,0,0,42.99208
2,31.60298,0,0,0,0,0,0,0,0,0,0,0,0,40.81961
2,24.14376,0,0,0,0,0,0,0,0,0,0,0,0,32.69498
2,26.09378,0,0,0,0,0,0,0,0,0,0,0,0,44.61104
2,31.63697,0,0,0,0,0,0,0,0,0,0,0,0,46.45092
2,27.46568,0,0,0,0,0,0,0,0,0,0,0,0,32.75148
2,35.18155,0,0,0,0,0,0,0,0,0,0,0,0,42.84068
2,33.30704,0,0,0,0,0,0,0,0,0,0,0,0,36.80759
2,26.92312,0,0,0,0,0,0,0,0,0,0,0,0,32.62872
2,25.92819,0,0,0,0,0,0,0,0,0,0,0,0,34.50955
2,16.85229,0,0,0,0,0,0,0,0,0,0,0,0,26.25815
2,39.45231,0,0,0,0,0,0,0,0,0,0,0,0,45.56141
2,18.96415,0,0,0,0,0,0,0,0,0,0,0,0,27.68836
2,20.67352,0,0,0,0,0,0,0,0,0,0,0,0,45.27842
2,30.02728,0,0,0,0,0,0,0,0,0,0,0,0,40.17473
2,20.92573,0,0,0,0,0,0,0,0,0,0,0,0,45.95716
2,27.17043,0,0,0,0,0,0,0,0,0,0,0,0,28.35613
2,27.03881,0,0,0,0,0,0,0,0,0,0,0,0,32.76412
2,34.79744,0,0,0,0,0,0,0,0,0,0,0,0,47.17895
2,22.94328,0,0,0,0,0,0,0,0,0,0,0,0,33.02399
2,26.10691,0,0,0,0,0,0,0,0,0,0,0,0,31.80553
2,27.52065,0,0,0,0,0,0,0,0,0,0,0,0,33.86685
2,33.79309,0,0,0,0,0,0,0,0,0,0,0,0,40.15731
2,34.4299,0,0,0,0,0,0,0,0,0,0,0,0,39.41444
2,24.24782,0,0,0,0,0,0,0,0,0,0,0,0,35.15437
2,27.30426,0,0,0,0,0,0,0,0,0,0,0,0,48.13858
2,27.64131,0,0,0,0,0,0,0,0,0,0,0,0,33.98512
2,28.98176,0,0,0,0,0,0,0,0,0,0,0,0,33.71681
2,30.65207,0,0,0,0,0,0,0,0,0,0,0,0,34.55908
2,31.33793,0,0,0,0,0,0,0,0,0,0,0,0,34.04699
2,20.2996,0,0,0,0,0,0,0,0,0,0,0,0,38.11104
2,27.01928,0,0,0,0,0,0,0,0,0,0,0,0,43.58732
2,28.60345,0,0,0,0,0,0,0,0,0,0,0,0,35.6039
2,28.41736,0,0,0,0,0,0,0,0,0,0,0,0,28.1757
2,24.78534,0,0,0,0,0,0,0,0,0,0,0,0,29.95452
2,21.1412,0,0,0,0,0,0,0,0,0,0,0,0,40.34335
2,30.54042,0,0,0,0,0,0,0,0,0,0,0,0,37.32216
2,20.23772,0,0,0,0,0,0,0,0,0,0,0,0,33.97225
2,33.2601,0,0,0,0,0,0,0,0,0,0,0,0,45.25452
2,29.37903,0,0,0,0,0,0,0,0,0,0,0,0,34.85582
2,22.94752,0,0,0,0,0,0,0,0,0,0,0,0,31.60611
2,29.5529,0,0,0,0,0,0,0,0,0,0,0,0,38.62367
2,26.25846,0,0,0,0,0,0,0,0,0,0,0,0,46.09686
2,26.67259,0,0,0,0,0,0,0,0,0,0,0,0,33.75319
2,24.07552,0,0,0,0,0,0,0,0,0,0,0,0,33.82631
2,23.35325,0,0,0,0,0,0,0,0,0,0,0,0,33.01529
2,26.18557,0,0,0,0,0,0,0,0,0,0,0,0,34.36287
2,26.72471,0,0,0,0,0,0,0,0,0,0,0,0,31.67084
2,22.46312,0,0,0,0,0,0,0,0,0,0,0,0,32.23002
2,26.56828,0,0,0,0,0,0,0,0,0,0,0,0,31.39885
2,22.03334,0,0,0,0,0,0,0,0,0,0,0,0,30.8372
2,26.68961,0,0,0,0,0,0,0,0,0,0,0,0,34.99946
2,24.91241,0,0,0,0,0,0,0,0,0,0,0,0,34.56433
2,21.71038,0,0,0,0,0,0,0,0,0,0,0,0,31.17673
2,27.46177,0,0,0,0,0,0,0,0,0,0,0,0,47.50895
2,21.04263,0,0,0,0,0,0,0,0,0,0,0,0,44.21182
2,29.179,0,0,0,0,0,0,0,0,0,0,0,0,30.60234
2,20.43731,0,0,0,0,0,0,0,0,0,0,0,0,32.69437
2,28.94776,0,0,0,0,0,0,0,0,0,0,0,0,33.96566
2,23.33754,0,0,0,0,0,0,0,0,0,0,0,0,27.35322
2,28.82076,0,0,0,0,0,0,0,0,0,0,0,0,47.02297
2,31.10724,0,0,0,0,0,0,0,0,0,0,0,0,46.54045
2,25.15542,0,0,0,0,0,0,0,0,0,0,0,0,37.43881
2,21.91901,0,0,0,0,0,0,0,0,0,0,0,0,32.25352
2,25.43703,0,0,0,0,0,0,0,0,0,0,0,0,32.17179
2,22.43332,0,0,0,0,0,0,0,0,0,0,0,0,30.42529
2,25.86436,0,0,0,0,0,0,0,0,0,0,0,0,30.16987
2,19.54304,0,0,0,0,0,0,0,0,0,0,0,0,33.5418
2,24.8656,0,0,0,0,0,0,0,0,0,0,0,0,45.18131
2,24.85036,0,0,0,0,0,0,0,0,0,0,0,0,44.98514
2,28.57308,0,0,0,0,0,0,0,0,0,0,0,0,34.67294
2,24.03976,0,0,0,0,0,0,0,0,0,0,0,0,45.20298
2,31.20142,0,0,0,0,0,0,0,0,0,0,0,0,47.17648
2,30.86357,0,0,0,0,0,0,0,0,0,0,0,0,35.23672
2,24.1013,0,0,0,0,0,0,0,0,0,0,0,0,34.28154
2,26.80025,0,0,0,0,0,0,0,0,0,0,0,0,30.55002
2,31.42052,0,0,0,0,0,0,0,0,0,0,0,0,34.05966
2,28.78051,0,0,0,0,0,0,0,0,0,0,0,0,46.9344
2,23.45176,0,0,0,0,0,0,0,0,0,0,0,0,40.23092
2,26.81266,0,0,0,0,0,0,0,0,0,0,0,0,33.07404
2,28.11761,0,0,0,0,0,0,0,0,0,0,0,0,35.85891
2,30.54308,0,0,0,0,0,0,0,0,0,0,0,0,32.68256
2,25.60244,0,0,0,0,0,0,0,0,0,0,0,0,32.37201
2,28.27584,0,0,0,0,0,0,0,0,0,0,0,0,30.27885
2,29.19246,0,0,0,0,0,0,0,0,0,0,0,0,34.62107
2,23.85754,0,0,0,0,0,0,0,0,0,0,0,0,29.79039
2,24.93826,0,0,0,0,0,0,0,0,0,0,0,0,46.79454
2,26.69657,0,0,0,0,0,0,0,0,0,0,0,0,44.60615
2,32.76041,0,0,0,0,0,0,0,0,0,0,0,0,40.43998
2,26.41075,0,0,0,0,0,0,0,0,0,0,0,0,36.36575
2,23.63615,0,0,0,0,0,0,0,0,0,0,0,0,32.06012
2,19.1938,0,0,0,0,0,0,0,0,0,0,0,0,26.60409
2,22.64227,0,0,0,0,0,0,0,0,0,0,0,0,25.56321
2,22.41563,0,0,0,0,0,0,0,0,0,0,0,0,29.26087
2,23.79018,0,0,0,0,0,0,0,0,0,0,0,0,30.80599
2,25.08801,0,0,0,0,0,0,0,0,0,0,0,0,28.94639
2,21.33589,0,0,0,0,0,0,0,0,0,0,0,0,26.51067
2,24.75074,0,0,0,0,0,0,0,0,0,0,0,0,29.7853
2,26.82265,0,0,0,0,0,0,0,0,0,0,0,0,37.03512
2,30.49516,0,0,0,0,0,0,0,0,0,0,0,0,37.32713
2,23.59476,0,0,0,0,0,0,0,0,0,0,0,0,28.94779
2,31.94311,0,0,0,0,0,0,0,0,0,0,0,0,36.9
2,26.6319,0,0,0,0,0,0,0,0,0,0,0,0,32.07684
2,23.67521,0,0,0,0,0,0,0,0,0,0,0,0,31.63037
2,25.40355,0,0,0,0,0,0,0,0,0,0,0,0,41.41022
2,28.71912,0,0,0,0,0,0,0,0,0,0,0,0,46.33929
2,29.15339,0,0,0,0,0,0,0,0,0,0,0,0,34.24368
2,22.59113,0,0,0,0,0,0,0,0,0,0,0,0,31.51685
2,26.74639,0,0,0,0,0,0,0,0,0,0,0,0,34.6193
2,25.90041,0,0,0,0,0,0,0,0,0,0,0,0,32.13037
2,30.41838,0,0,0,0,0,0,0,0,0,0,0,0,34.51158
2,24.62004,0,0,0,0,0,0,0,0,0,0,0,0,31.15331
2,25.9613,0,0,0,0,0,0,0,0,0,0,0,0,32.25072
2,21.28386,0,0,0,0,0,0,0,0,0,0,0,0,28.22459
2,30.21868,0,0,0,0,0,0,0,0,0,0,0,0,35.78258
2,26.4548,0,0,0,0,0,0,0,0,0,0,0,0,31.65795
2,17.58631,0,0,0,0,0,0,0,0,0,0,0,0,27.8266
2,20.21983,0,0,0,0,0,0,0,0,0,0,0,0,32.45095
2,26.15329,0,0,0,0,0,0,0,0,0,0,0,0,31.51376
2,18.06634,0,0,0,0,0,0,0,0,0,0,0,0,28.59805
2,29.53508,0,0,0,0,0,0,0,0,0,0,0,0,45.21269
2,17.18477,0,0,0,0,0,0,0,0,0,0,0,0,27.80809
2,27.94126,0,0,0,0,0,0,0,0,0,0,0,0,33.74144
2,19.71283,0,0,0,0,0,0,0,0,0,0,0,0,30.76519
2,23.25043,0,0,0,0,0,0,0,0,0,0,0,0,29.18552
2,20.22405,0,0,0,0,0,0,0,0,0,0,0,0,26.76921
2,18.33054,0,0,0,0,0,0,0,0,0,0,0,0,27.20068
2,26.25453,0,0,0,0,0,0,0,0,0,0,0,0,31.74137
2,21.57995,0,0,0,0,0,0,0,0,0,0,0,0,30.28185
2,24.69843,0,0,0,0,0,0,0,0,0,0,0,0,31.09321
2,24.83854,0,0,0,0,0,0,0,0,0,0,0,0,30.5038
2,25.17715,0,0,0,0,0,0,0,0,0,0,0,0,28.0971
2,23.61889,0,0,0,0,0,0,0,0,0,0,0,0,32.27202
2,23.86891,0,0,0,0,0,0,0,0,0,0,0,0,31.26872
2,24.39587,0,0,0,0,0,0,0,0,0,0,0,0,29.76699
2,24.68326,0,0,0,0,0,0,0,0,0,0,0,0,30.18852
2,32.43699,0,0,0,0,0,0,0,0,0,0,0,0,46.73882
2,22.53809,0,0,0,0,0,0,0,0,0,0,0,0,34.05155
2,25.3712,0,0,0,0,0,0,0,0,0,0,0,0,32.4788
2,20.23329,0,0,0,0,0,0,0,0,0,0,0,0,31.37165
2,27.85929,0,0,0,0,0,0,0,0,0,0,0,0,35.67115
2,22.26696,0,0,0,0,0,0,0,0,0,0,0,0,29.39845
2,26.23816,0,0,0,0,0,0,0,0,0,0,0,0,32.94421
2,22.54893,0,0,0,0,0,0,0,0,0,0,0,0,29.44691
2,19.6687,0,0,0,0,0,0,0,0,0,0,0,0,30.03049
2,24.08254,0,0,0,0,0,0,0,0,0,0,0,0,34.52514
2,27.80221,0,0,0,0,0,0,0,0,0,0,0,0,46.61746
2,21.59791,0,0,0,0,0,0,0,0,0,0,0,0,31.91168
2,27.24581,0,0,0,0,0,0,0,0,0,0,0,0,41.33394
2,20.72084,0,0,0,0,0,0,0,0,0,0,0,0,30.57926
2,22.81158,0,0,0,0,0,0,0,0,0,0,0,0,29.30694
2,22.42193,0,0,0,0,0,0,0,0,0,0,0,0,32.80451
2,26.71903,0,0,0,0,0,0,0,0,0,0,0,0,46.10349
2,27.95754,0,0,0,0,0,0,0,0,0,0,0,0,32.15829
2,20.74847,0,0,0,0,0,0,0,0,0,0,0,0,31.68571
2,25.11258,0,0,0,0,0,0,0,0,0,0,0,0,34.30393
2,21.31257,0,0,0,0,0,0,0,0,0,0,0,0,29.94137
2,34.32317,0,0,0,0,0,0,0,0,0,0,0,0,39.33265
2,30.00027,0,0,0,0,0,0,0,0,0,0,0,0,47.39452
2,27.14849,0,0,0,0,0,0,0,0,0,0,0,0,32.99621
2,29.14641,0,0,0,0,0,0,0,0,0,0,0,0,34.37809
2,32.16415,0,0,0,0,0,0,0,0,0,0,0,0,39.6759
2,16.24764,0,0,0,0,0,0,0,0,0,0,0,0,28.53184
2,29.81062,0,0,0,0,0,0,0,0,0,0,0,0,31.72871
2,29.38079,0,0,0,0,0,0,0,0,0,0,0,0,33.84669
2,22.3339,0,0,0,0,0,0,0,0,0,0,0,0,31.80317
2,22.8237,0,0,0,0,0,0,0,0,0,0,0,0,29.15071
2,23.66064,0,0,0,0,0,0,0,0,0,0,0,0,32.6169
2,23.12564,0,0,0,0,0,0,0,0,0,0,0,0,28.78672
2,16.45649,0,0,0,0,0,0,0,0,0,0,0,0,31.70407
2,19.62212,0,0,0,0,0,0,0,0,0,0,0,0,27.12881
2,27.48244,0,0,0,0,0,0,0,0,0,0,0,0,39.57957
2,19.94899,0,0,0,0,0,0,0,0,0,0,0,0,33.23806
2,23.67901,0,0,0,0,0,0,0,0,0,0,0,0,27.09602
2,24.8555,0,0,0,0,0,0,0,0,0,0,0,0,29.0145
2,22.48649,0,0,0,0,0,0,0,0,0,0,0,0,28.42493
2,26.77666,0,0,0,0,0,0,0,0,0,0,0,0,47.6249
2,26.15303,0,0,0,0,0,0,0,0,0,0,0,0,33.38545
2,22.48453,0,0,0,0,0,0,0,0,0,0,0,0,29.85743
2,26.0523,0,0,0,0,0,0,0,0,0,0,0,0,44.88558
2,24.23006,0,0,0,0,0,0,0,0,0,0,0,0,29.16294
2,18.21355,0,0,0,0,0,0,0,0,0,0,0,0,30.62702
2,17.53462,0,0,0,0,0,0,0,0,0,0,0,0,26.27626
2,28.0586,0,0,0,0,0,0,0,0,0,0,0,0,37.12555
2,27.17924,0,0,0,0,0,0,0,0,0,0,0,0,38.93368
2,33.50439,0,0,0,0,0,0,0,0,0,0,0,0,38.42713
2,30.32844,0,0,0,0,0,0,0,0,0,0,0,0,35.16566
2,31.15271,0,0,0,0,0,0,0,0,0,0,0,0,42.39412
2,27.35135,0,0,0,0,0,0,0,0,0,0,0,0,32.28538
2,24.11847,0,0,0,0,0,0,0,0,0,0,0,0,30.64125
2,24.59809,0,0,0,0,0,0,0,0,0,0,0,0,33.60342
2,29.08368,0,0,0,0,0,0,0,0,0,0,0,0,35.70202
2,27.22592,0,0,0,0,0,0,0,0,0,0,0,0,38.49098
2,28.21195,0,0,0,0,0,0,0,0,0,0,0,0,33.86808
2,20.3182,0,0,0,0,0,0,0,0,0,0,0,0,46.31652
2,27.56783,0,0,0,0,0,0,0,0,0,0,0,0,26.66924
2,29.38967,0,0,0,0,0,0,0,0,0,0,0,0,31.2195
2,28.73305,0,0,0,0,0,0,0,0,0,0,0,0,31.50974
2,22.56427,0,0,0,0,0,0,0,0,0,0,0,0,32.06693
2,29.81755,0,0,0,0,0,0,0,0,0,0,0,0,32.7245
2,26.50851,0,0,0,0,0,0,0,0,0,0,0,0,47.74954
2,25.27977,0,0,0,0,0,0,0,0,0,0,0,0,29.75948
2,24.57313,0,0,0,0,0,0,0,0,0,0,0,0,32.56768
2,19.53643,0,0,0,0,0,0,0,0,0,0,0,0,27.00801
2,24.16541,0,0,0,0,0,0,0,0,0,0,0,0,43.12653
2,24.6979,0,0,0,0,0,0,0,0,0,0,0,0,32.99733
2,25.52857,0,0,0,0,0,0,0,0,0,0,0,0,43.68902
2,29.30994,0,0,0,0,0,0,0,0,0,0,0,0,34.13142
2,24.2602,0,0,0,0,0,0,0,0,0,0,0,0,32.21549
2,29.27582,0,0,0,0,0,0,0,0,0,0,0,0,35.21699
2,30.75346,0,0,0,0,0,0,0,0,0,0,0,0,36.36843
2,26.43806,0,0,0,0,0,0,0,0,0,0,0,0,32.43291
2,23.72737,0,0,0,0,0,0,0,0,0,0,0,0,30.15224
2,26.79394,0,0,0,0,0,0,0,0,0,0,0,0,30.84052
2,28.73104,0,0,0,0,0,0,0,0,0,0,0,0,33.02848
2,23.93655,0,0,0,0,0,0,0,0,0,0,0,0,34.49831
2,29.37075,0,0,0,0,0,0,0,0,0,0,0,0,32.70733
2,26.05654,0,0,0,0,0,0,0,0,0,0,0,0,33.01073
2,21.51589,0,0,0,0,0,0,0,0,0,0,0,0,28.85167
2,31.33269,0,0,0,0,0,0,0,0,0,0,0,0,45.97297
2,27.42744,0,0,0,0,0,0,0,0,0,0,0,0,32.42119
2,22.9073,0,0,0,0,0,0,0,0,0,0,0,0,29.58187
2,34.39255,0,0,0,0,0,0,0,0,0,0,0,0,38.88033
2,28.45571,0,0,0,0,0,0,0,0,0,0,0,0,32.53312
2,24.00995,0,0,0,0,0,0,0,0,0,0,0,0,30.18077
2,33.44246,0,0,0,0,0,0,0,0,0,0,0,0,38.23493
2,19.73045,0,0,0,0,0,0,0,0,0,0,0,0,25.90897
2,23.7232,0,0,0,0,0,0,0,0,0,0,0,0,29.68389
2,19.22622,0,0,0,0,0,0,0,0,0,0,0,0,27.6573
2,32.41878,0,0,0,0,0,0,0,0,0,0,0,0,39.70031
2,30.21662,0,0,0,0,0,0,0,0,0,0,0,0,33.10434
2,33.47991,0,0,0,0,0,0,0,0,0,0,0,0,35.66479
2,26.20517,0,0,0,0,0,0,0,0,0,0,0,0,31.13194
2,21.38685,0,0,0,0,0,0,0,0,0,0,0,0,28.66118
2,30.83339,0,0,0,0,0,0,0,0,0,0,0,0,46.06108
2,27.74253,0,0,0,0,0,0,0,0,0,0,0,0,44.81823
2,23.86263,0,0,0,0,0,0,0,0,0,0,0,0,30.81828
2,29.56444,0,0,0,0,0,0,0,0,0,0,0,0,41.3777
2,25.00821,0,0,0,0,0,0,0,0,0,0,0,0,35.96677
2,22.73341,0,0,0,0,0,0,0,0,0,0,0,0,43.68146
2,28.33544,0,0,0,0,0,0,0,0,0,0,0,0,32.82615
2,31.70018,0,0,0,0,0,0,0,0,0,0,0,0,43.81394
2,28.1818,0,0,0,0,0,0,0,0,0,0,0,0,32.04268
2,23.17194,0,0,0,0,0,0,0,0,0,0,0,0,36.1567
2,36.44594,0,0,0,0,0,0,0,0,0,0,0,0,42.19875
2,23.12424,0,0,0,0,0,0,0,0,0,0,0,0,30.26964
2,31.01652,0,0,0,0,0,0,0,0,0,0,0,0,36.85429
2,23.95308,0,0,0,0,0,0,0,0,0,0,0,0,34.67045
2,25.94776,0,0,0,0,0,0,0,0,0,0,0,0,30.3074
2,22.85007,0,0,0,0,0,0,0,0,0,0,0,0,29.96902
2,27.85452,0,0,0,0,0,0,0,0,0,0,0,0,30.93281
2,20.32326,0,0,0,0,0,0,0,0,0,0,0,0,31.85232
2,28.42453,0,0,0,0,0,0,0,0,0,0,0,0,38.00427
2,23.18729,0,0,0,0,0,0,0,0,0,0,0,0,30.2902
2,24.0438,0,0,0,0,0,0,0,0,0,0,0,0,33.92765
2,29.72064,0,0,0,0,0,0,0,0,0,0,0,0,32.77619
2,12.88956,0,0,0,0,0,0,0,0,0,0,0,0,43.72782
2,18.29516,0,0,0,0,0,0,0,0,0,0,0,0,29.53925
2,25.0244,0,0,0,0,0,0,0,0,0,0,0,0,28.7701
2,16.49992,0,0,0,0,0,0,0,0,0,0,0,0,30.24525
2,34.23801,0,0,0,0,0,0,0,0,0,0,0,0,35.97789
2,25.41195,0,0,0,0,0,0,0,0,0,0,0,0,32.02556
2,30.89082,0,0,0,0,0,0,0,0,0,0,0,0,32.7243
2,24.45564,0,0,0,0,0,0,0,0,0,0,0,0,30.47466
2,28.33255,0,0,0,0,0,0,0,0,0,0,0,0,32.5445
2,32.80842,0,0,0,0,0,0,0,0,0,0,0,0,45.21065
2,27.39478,0,0,0,0,0,0,0,0,0,0,0,0,39.74521
2,24.33854,0,0,0,0,0,0,0,0,0,0,0,0,30.84243
2,30.16354,0,0,0,0,0,0,0,0,0,0,0,0,36.77526
2,23.99302,0,0,0,0,0,0,0,0,0,0,0,0,32.45947
2,25.2138,0,0,0,0,0,0,0,0,0,0,0,0,46.924
2,25.17884,0,0,0,0,0,0,0,0,0,0,0,0,28.49789
2,18.86964,0,0,0,0,0,0,0,0,0,0,0,0,27.62545
2,31.75782,0,0,0,0,0,0,0,0,0,0,0,0,33.73607
2,27.88853,0,0,0,0,0,0,0,0,0,0,0,0,36.7672
2,24.48973,0,0,0,0,0,0,0,0,0,0,0,0,34.48103
2,34.33545,0,0,0,0,0,0,0,0,0,0,0,0,41.47752
2,29.43738,0,0,0,0,0,0,0,0,0,0,0,0,34.74487
2,32.65575,0,0,0,0,0,0,0,0,0,0,0,0,44.14547
2,37.46522,0,0,0,0,0,0,0,0,0,0,0,0,43.59673
2,32.24056,0,0,0,0,0,0,0,0,0,0,0,0,38.51724
2,22.20382,0,0,0,0,0,0,0,0,0,0,0,0,31.29846
2,24.59734,0,0,0,0,0,0,0,0,0,0,0,0,27.0811
2,25.04449,0,0,0,0,0,0,0,0,0,0,0,0,30.28576
2,25.81401,0,0,0,0,0,0,0,0,0,0,0,0,32.13807
2,22.12524,0,0,0,0,0,0,0,0,0,0,0,0,31.83766
2,25.96043,0,0,0,0,0,0,0,0,0,0,0,0,30.47123
2,25.8207,0,0,0,0,0,0,0,0,0,0,0,0,31.36401
2,25.26778,0,0,0,0,0,0,0,0,0,0,0,0,30.90736
2,18.92515,0,0,0,0,0,0,0,0,0,0,0,0,31.79913
2,27.99225,0,0,0,0,0,0,0,0,0,0,0,0,45.07312
2,34.08792,0,0,0,0,0,0,0,0,0,0,0,0,40.49345
2,33.15211,0,0,0,0,0,0,0,0,0,0,0,0,44.16326
2,27.84238,0,0,0,0,0,0,0,0,0,0,0,0,33.21175
2,14.6453,0,0,0,0,0,0,0,0,0,0,0,0,44.34204
2,22.45993,0,0,0,0,0,0,0,0,0,0,0,0,31.96297
2,34.60851,0,0,0,0,0,0,0,0,0,0,0,0,40.25627
2,21.82072,0,0,0,0,0,0,0,0,0,0,0,0,34.09321
2,26.77347,0,0,0,0,0,0,0,0,0,0,0,0,32.35292
2,32.01571,0,0,0,0,0,0,0,0,0,0,0,0,31.57449
2,21.29234,0,0,0,0,0,0,0,0,0,0,0,0,27.9192
2,27.09091,0,0,0,0,0,0,0,0,0,0,0,0,32.39705
2,25.22245,0,0,0,0,0,0,0,0,0,0,0,0,31.11677
2,25.14331,0,0,0,0,0,0,0,0,0,0,0,0,29.9817
2,28.84111,0,0,0,0,0,0,0,0,0,0,0,0,32.32385
2,23.89384,0,0,0,0,0,0,0,0,0,0,0,0,31.65939
2,29.91773,0,0,0,0,0,0,0,0,0,0,0,0,30.25062
2,38.27293,0,0,0,0,0,0,0,0,0,0,0,0,36.37349
2,33.40388,0,0,0,0,0,0,0,0,0,0,0,0,39.08934
2,30.11793,0,0,0,0,0,0,0,0,0,0,0,0,40.40163
2,23.36871,0,0,0,0,0,0,0,0,0,0,0,0,31.73256
2,22.16518,0,0,0,0,0,0,0,0,0,0,0,0,28.96343
2,21.27534,0,0,0,0,0,0,0,0,0,0,0,0,30.21387
2,22.44123,0,0,0,0,0,0,0,0,0,0,0,0,31.23182
2,28.10423,0,0,0,0,0,0,0,0,0,0,0,0,33.09292
2,23.97897,0,0,0,0,0,0,0,0,0,0,0,0,30.81906
2,31.36625,0,0,0,0,0,0,0,0,0,0,0,0,42.09401
2,23.07749,0,0,0,0,0,0,0,0,0,0,0,0,33.89479
2,24.78335,0,0,0,0,0,0,0,0,0,0,0,0,32.02121
2,23.5401,0,0,0,0,0,0,0,0,0,0,0,0,32.69994
2,25.2393,0,0,0,0,0,0,0,0,0,0,0,0,35.03026
2,27.56409,0,0,0,0,0,0,0,0,0,0,0,0,32.98986
2,20.60743,0,0,0,0,0,0,0,0,0,0,0,0,34.72316
2,25.64815,0,0,0,0,0,0,0,0,0,0,0,0,38.46542
2,29.05349,0,0,0,0,0,0,0,0,0,0,0,0,41.00404
2,26.98602,0,0,0,0,0,0,0,0,0,0,0,0,32.19282
2,24.4359,0,0,0,0,0,0,0,0,0,0,0,0,29.72455
2,21.09994,0,0,0,0,0,0,0,0,0,0,0,0,29.7026
2,23.06969,0,0,0,0,0,0,0,0,0,0,0,0,31.33054
2,22.67522,0,0,0,0,0,0,0,0,0,0,0,0,28.16031
2,27.82246,0,0,0,0,0,0,0,0,0,0,0,0,35.30096
2,23.34801,0,0,0,0,0,0,0,0,0,0,0,0,31.43218
2,22.91592,0,0,0,0,0,0,0,0,0,0,0,0,29.47104
2,32.76587,0,0,0,0,0,0,0,0,0,0,0,0,39.13581
2,24.90327,0,0,0,0,0,0,0,0,0,0,0,0,35.0197
2,22.59365,0,0,0,0,0,0,0,0,0,0,0,0,30.08579
2,26.19932,0,0,0,0,0,0,0,0,0,0,0,0,29.32683
2,26.89906,0,0,0,0,0,0,0,0,0,0,0,0,35.27185
2,28.64961,0,0,0,0,0,0,0,0,0,0,0,0,33.75998
2,26.21795,0,0,0,0,0,0,0,0,0,0,0,0,33.11995
2,24.68583,0,0,0,0,0,0,0,0,0,0,0,0,32.30774
2,26.40138,0,0,0,0,0,0,0,0,0,0,0,0,33.46354
2,31.85273,0,0,0,0,0,0,0,0,0,0,0,0,47.86609
2,29.75316,0,0,0,0,0,0,0,0,0,0,0,0,34.66182
2,27.16717,0,0,0,0,0,0,0,0,0,0,0,0,31.35812
2,29.38771,0,0,0,0,0,0,0,0,0,0,0,0,34.26934
2,22.97451,0,0,0,0,0,0,0,0,0,0,0,0,33.39799
2,32.23938,0,0,0,0,0,0,0,0,0,0,0,0,39.66576
2,22.25399,0,0,0,0,0,0,0,0,0,0,0,0,31.85546
2,23.72756,0,0,0,0,0,0,0,0,0,0,0,0,31.96871
2,34.22212,0,0,0,0,0,0,0,0,0,0,0,0,46.10473
2,24.84723,0,0,0,0,0,0,0,0,0,0,0,0,31.61772
2,27.76907,0,0,0,0,0,0,0,0,0,0,0,0,35.619
2,20.72183,0,0,0,0,0,0,0,0,0,0,0,0,27.5899
2,23.1178,0,0,0,0,0,0,0,0,0,0,0,0,32.25235
2,27.0887,0,0,0,0,0,0,0,0,0,0,0,0,32.49863
2,23.91283,0,0,0,0,0,0,0,0,0,0,0,0,37.25953
2,24.79369,0,0,0,0,0,0,0,0,0,0,0,0,32.53995
2,23.91851,0,0,0,0,0,0,0,0,0,0,0,0,28.35205
2,20.91064,0,0,0,0,0,0,0,0,0,0,0,0,32.39063
2,30.4391,0,0,0,0,0,0,0,0,0,0,0,0,35.16879
2,26.31003,0,0,0,0,0,0,0,0,0,0,0,0,33.27501
2,31.03407,0,0,0,0,0,0,0,0,0,0,0,0,38.91679
2,29.19535,0,0,0,0,0,0,0,0,0,0,0,0,33.47917
2,24.29365,0,0,0,0,0,0,0,0,0,0,0,0,31.69957
2,33.36346,0,0,0,0,0,0,0,0,0,0,0,0,48.65355
2,34.67998,0,0,0,0,0,0,0,0,0,0,0,0,45.65649
2,28.29712,0,0,0,0,0,0,0,0,0,0,0,0,35.30067
2,28.54029,0,0,0,0,0,0,0,0,0,0,0,0,39.37243
2,27.34887,0,0,0,0,0,0,0,0,0,0,0,0,32.6592
2,32.85197,0,0,0,0,0,0,0,0,0,0,0,0,46.54253
2,25.00133,0,0,0,0,0,0,0,0,0,0,0,0,34.13815
2,19.69724,0,0,0,0,0,0,0,0,0,0,0,0,31.18722
2,26.23433,0,0,0,0,0,0,0,0,0,0,0,0,34.22077
2,23.41957,0,0,0,0,0,0,0,0,0,0,0,0,35.82887
2,22.0358,0,0,0,0,0,0,0,0,0,0,0,0,32.48683
2,29.2801,0,0,0,0,0,0,0,0,0,0,0,0,36.53672
2,35.91307,0,0,0,0,0,0,0,0,0,0,0,0,42.26706
2,19.4711,0,0,0,0,0,0,0,0,0,0,0,0,36.40923
2,23.52323,0,0,0,0,0,0,0,0,0,0,0,0,31.9591
2,32.12613,0,0,0,0,0,0,0,0,0,0,0,0,46.51928
2,26.61967,0,0,0,0,0,0,0,0,0,0,0,0,32.19349
2,29.76856,0,0,0,0,0,0,0,0,0,0,0,0,31.7704
2,23.4046,0,0,0,0,0,0,0,0,0,0,0,0,34.85109
2,24.86791,0,0,0,0,0,0,0,0,0,0,0,0,34.84267
2,32.38737,0,0,0,0,0,0,0,0,0,0,0,0,35.11789
2,25.17619,0,0,0,0,0,0,0,0,0,0,0,0,35.25881
2,27.96849,0,0,0,0,0,0,0,0,0,0,0,0,32.96836
2,32.42369,0,0,0,0,0,0,0,0,0,0,0,0,35.9812
2,34.84497,0,0,0,0,0,0,0,0,0,0,0,0,45.2416
2,28.37666,0,0,0,0,0,0,0,0,0,0,0,0,32.53935
2,22.37937,0,0,0,0,0,0,0,0,0,0,0,0,32.67164
2,23.6845,0,0,0,0,0,0,0,0,0,0,0,0,34.08242
2,18.866,0,0,0,0,0,0,0,0,0,0,0,0,30.98629
2,21.65137,0,0,0,0,0,0,0,0,0,0,0,0,32.88853
2,28.62151,0,0,0,0,0,0,0,0,0,0,0,0,33.23075
2,24.29606,0,0,0,0,0,0,0,0,0,0,0,0,43.41779
2,27.96498,0,0,0,0,0,0,0,0,0,0,0,0,33.76249
2,28.52597,0,0,0,0,0,0,0,0,0,0,0,0,36.96075
2,33.22153,0,0,0,0,0,0,0,0,0,0,0,0,45.98211
2,23.07632,0,0,0,0,0,0,0,0,0,0,0,0,28.46577
2,28.12588,0,0,0,0,0,0,0,0,0,0,0,0,29.46729
2,36.4814,0,0,0,0,0,0,0,0,0,0,0,0,42.66
2,30.2059,0,0,0,0,0,0,0,0,0,0,0,0,47.83317
2,33.56171,0,0,0,0,0,0,0,0,0,0,0,0,41.67567
2,32.29865,0,0,0,0,0,0,0,0,0,0,0,0,35.14358
2,33.22116,0,0,0,0,0,0,0,0,0,0,0,0,38.4895
2,25.04789,0,0,0,0,0,0,0,0,0,0,0,0,28.50363
2,30.34032,0,0,0,0,0,0,0,0,0,0,0,0,38.43991
2,29.22246,0,0,0,0,0,0,0,0,0,0,0,0,46.71603
2,21.15278,0,0,0,0,0,0,0,0,0,0,0,0,34.06136
2,28.56017,0,0,0,0,0,0,0,0,0,0,0,0,39.49569
2,26.01028,0,0,0,0,0,0,0,0,0,0,0,0,32.42893
2,29.2994,0,0,0,0,0,0,0,0,0,0,0,0,41.64785
2,31.8779,0,0,0,0,0,0,0,0,0,0,0,0,42.12524
2,27.66065,0,0,0,0,0,0,0,0,0,0,0,0,46.62098
2,33.08336,0,0,0,0,0,0,0,0,0,0,0,0,39.86846
2,19.28962,0,0,0,0,0,0,0,0,0,0,0,0,31.17037
2,27.81714,0,0,0,0,0,0,0,0,0,0,0,0,34.50631
2,26.06104,0,0,0,0,0,0,0,0,0,0,0,0,32.74593
2,32.83032,0,0,0,0,0,0,0,0,0,0,0,0,43.10241
2,26.6932,0,0,0,0,0,0,0,0,0,0,0,0,33.97695
2,35.92374,0,0,0,0,0,0,0,0,0,0,0,0,37.08351
2,28.77436,0,0,0,0,0,0,0,0,0,0,0,0,36.38132
2,24.01437,0,0,0,0,0,0,0,0,0,0,0,0,34.27371
2,26.6971,0,0,0,0,0,0,0,0,0,0,0,0,43.07673
2,27.96874,0,0,0,0,0,0,0,0,0,0,0,0,33.29385
2,21.18962,0,0,0,0,0,0,0,0,0,0,0,0,47.74445
2,14.15127,0,0,0,0,0,0,0,0,0,0,0,0,40.5911
2,29.87197,0,0,0,0,0,0,0,0,0,0,0,0,32.75029
2,30.88972,0,0,0,0,0,0,0,0,0,0,0,0,36.96579
2,29.34236,0,0,0,0,0,0,0,0,0,0,0,0,43.51181
2,34.01115,0,0,0,0,0,0,0,0,0,0,0,0,42.96022
2,36.36361,0,0,0,0,0,0,0,0,0,0,0,0,45.59376
2,25.21748,0,0,0,0,0,0,0,0,0,0,0,0,33.33144
2,31.65943,0,0,0,0,0,0,0,0,0,0,0,0,33.59464
2,30.36162,0,0,0,0,0,0,0,0,0,0,0,0,35.33477
2,36.05857,0,0,0,0,0,0,0,0,0,0,0,0,39.90993
2,32.17426,0,0,0,0,0,0,0,0,0,0,0,0,32.79776
2,26.25743,0,0,0,0,0,0,0,0,0,0,0,0,36.74853
2,22.16203,0,0,0,0,0,0,0,0,0,0,0,0,35.85028
2,24.31719,0,0,0,0,0,0,0,0,0,0,0,0,30.59246
2,25.6407,0,0,0,0,0,0,0,0,0,0,0,0,41.52449
2,29.15052,0,0,0,0,0,0,0,0,0,0,0,0,40.92936
2,17.7658,0,0,0,0,0,0,0,0,0,0,0,0,29.93051
2,36.71298,0,0,0,0,0,0,0,0,0,0,0,0,37.31982
2,24.7071,0,0,0,0,0,0,0,0,0,0,0,0,32.28
2,26.86937,0,0,0,0,0,0,0,0,0,0,0,0,34.11623
2,26.21545,0,0,0,0,0,0,0,0,0,0,0,0,35.29492
2,28.90708,0,0,0,0,0,0,0,0,0,0,0,0,43.91835
2,30.53418,0,0,0,0,0,0,0,0,0,0,0,0,38.80512
2,30.01097,0,0,0,0,0,0,0,0,0,0,0,0,37.08102
2,21.59581,0,0,0,0,0,0,0,0,0,0,0,0,30.31539
2,16.38101,0,0,0,0,0,0,0,0,0,0,0,0,29.67369
2,21.39924,0,0,0,0,0,0,0,0,0,0,0,0,40.04218
2,26.94038,0,0,0,0,0,0,0,0,0,0,0,0,38.71781
2,28.41167,0,0,0,0,0,0,0,0,0,0,0,0,45.25259
2,28.86354,0,0,0,0,0,0,0,0,0,0,0,0,32.95657
2,26.86,0,0,0,0,0,0,0,0,0,0,0,0,33.59932
2,28.97835,0,0,0,0,0,0,0,0,0,0,0,0,31.69032
2,33.87509,0,0,0,0,0,0,0,0,0,0,0,0,38.44668
2,27.47779,0,0,0,0,0,0,0,0,0,0,0,0,47.14449
2,22.87727,0,0,0,0,0,0,0,0,0,0,0,0,32.66688
2,35.07054,0,0,0,0,0,0,0,0,0,0,0,0,47.70631
2,26.40346,0,0,0,0,0,0,0,0,0,0,0,0,35.35186
2,24.45138,0,0,0,0,0,0,0,0,0,0,0,0,43.23349
2,22.41831,0,0,0,0,0,0,0,0,0,0,0,0,33.77626
2,31.50502,0,0,0,0,0,0,0,0,0,0,0,0,36.94148
2,36.00876,0,0,0,0,0,0,0,0,0,0,0,0,43.94696
2,25.35909,0,0,0,0,0,0,0,0,0,0,0,0,34.18098
2,24.66975,0,0,0,0,0,0,0,0,0,0,0,0,45.8475
2,23.56628,0,0,0,0,0,0,0,0,0,0,0,0,32.94849
2,31.93468,0,0,0,0,0,0,0,0,0,0,0,0,46.46575
2,26.66712,0,0,0,0,0,0,0,0,0,0,0,0,31.00084
2,25.8158,0,0,0,0,0,0,0,0,0,0,0,0,34.63265
2,30.53662,0,0,0,0,0,0,0,0,0,0,0,0,33.0414
2,30.56311,0,0,0,0,0,0,0,0,0,0,0,0,36.11403
2,33.31828,0,0,0,0,0,0,0,0,0,0,0,0,43.28723
2,23.29078,0,0,0,0,0,0,0,0,0,0,0,0,31.70657
2,21.95221,0,0,0,0,0,0,0,0,0,0,0,0,30.60477
2,23.33199,0,0,0,0,0,0,0,0,0,0,0,0,32.00494
2,30.95696,0,0,0,0,0,0,0,0,0,0,0,0,34.16731
2,24.43216,0,0,0,0,0,0,0,0,0,0,0,0,29.91949
2,21.51281,0,0,0,0,0,0,0,0,0,0,0,0,30.04564
2,33.14501,0,0,0,0,0,0,0,0,0,0,0,0,38.83435
2,31.55412,0,0,0,0,0,0,0,0,0,0,0,0,34.71938
2,32.86347,0,0,0,0,0,0,0,0,0,0,0,0,47.08619
2,32.73709,0,0,0,0,0,0,0,0,0,0,0,0,36.1669
2,27.22143,0,0,0,0,0,0,0,0,0,0,0,0,32.36837
2,23.62251,0,0,0,0,0,0,0,0,0,0,0,0,33.0911
2,35.91923,0,0,0,0,0,0,0,0,0,0,0,0,39.85769
2,29.01891,0,0,0,0,0,0,0,0,0,0,0,0,36.20535
2,25.39785,0,0,0,0,0,0,0,0,0,0,0,0,36.28777
2,28.11945,0,0,0,0,0,0,0,0,0,0,0,0,36.03711
2,27.65953,0,0,0,0,0,0,0,0,0,0,0,0,31.92188
2,28.01895,0,0,0,0,0,0,0,0,0,0,0,0,34.17843
2,28.52481,0,0,0,0,0,0,0,0,0,0,0,0,34.14121
2,25.47576,0,0,0,0,0,0,0,0,0,0,0,0,33.86432
2,26.01526,0,0,0,0,0,0,0,0,0,0,0,0,43.52204
2,32.55527,0,0,0,0,0,0,0,0,0,0,0,0,35.29517
2,26.8332,0,0,0,0,0,0,0,0,0,0,0,0,45.06216
2,20.40088,0,0,0,0,0,0,0,0,0,0,0,0,29.36218
2,29.25053,0,0,0,0,0,0,0,0,0,0,0,0,33.63677
2,32.8768,0,0,0,0,0,0,0,0,0,0,0,0,46.17839
2,29.51022,0,0,0,0,0,0,0,0,0,0,0,0,35.05742
2,26.97107,0,0,0,0,0,0,0,0,0,0,0,0,34.51706
2,26.20356,0,0,0,0,0,0,0,0,0,0,0,0,33.11302
2,29.90971,0,0,0,0,0,0,0,0,0,0,0,0,31.23905
2,23.76732,0,0,0,0,0,0,0,0,0,0,0,0,31.72766
2,30.54983,0,0,0,0,0,0,0,0,0,0,0,0,40.82742
2,31.25275,0,0,0,0,0,0,0,0,0,0,0,0,47.26731
2,16.43375,0,0,0,0,0,0,0,0,0,0,0,0,25.41071
2,32.25985,0,0,0,0,0,0,0,0,0,0,0,0,44.93602
2,27.86361,0,0,0,0,0,0,0,0,0,0,0,0,43.47435
2,37.21687,0,0,0,0,0,0,0,0,0,0,0,0,39.18478
2,25.94687,0,0,0,0,0,0,0,0,0,0,0,0,39.50753
2,30.23508,0,0,0,0,0,0,0,0,0,0,0,0,38.77145
2,29.78378,0,0,0,0,0,0,0,0,0,0,0,0,38.31009
2,25.56736,0,0,0,0,0,0,0,0,0,0,0,0,31.65893
2,25.48258,0,0,0,0,0,0,0,0,0,0,0,0,46.78173
2,20.77121,0,0,0,0,0,0,0,0,0,0,0,0,30.74103
2,30.01199,0,0,0,0,0,0,0,0,0,0,0,0,33.34359
2,25.89097,0,0,0,0,0,0,0,0,0,0,0,0,33.32774
2,24.76295,0,0,0,0,0,0,0,0,0,0,0,0,35.40249
2,25.12583,0,0,0,0,0,0,0,0,0,0,0,0,33.65734
2,33.73698,0,0,0,0,0,0,0,0,0,0,0,0,39.12585
2,22.11663,0,0,0,0,0,0,0,0,0,0,0,0,31.20755
2,37.68275,0,0,0,0,0,0,0,0,0,0,0,0,40.61767
2,24.43206,0,0,0,0,0,0,0,0,0,0,0,0,31.97974
2,26.96653,0,0,0,0,0,0,0,0,0,0,0,0,41.22781
2,30.85488,0,0,0,0,0,0,0,0,0,0,0,0,46.29547
2,23.25762,0,0,0,0,0,0,0,0,0,0,0,0,31.77892
2,35.4736,0,0,0,0,0,0,0,0,0,0,0,0,45.97484
2,33.98281,0,0,0,0,0,0,0,0,0,0,0,0,44.84564
2,32.70803,0,0,0,0,0,0,0,0,0,0,0,0,37.5357
2,20.34156,0,0,0,0,0,0,0,0,0,0,0,0,30.92636
2,32.39701,0,0,0,0,0,0,0,0,0,0,0,0,44.46923
2,27.13165,0,0,0,0,0,0,0,0,0,0,0,0,36.11509
2,32.49863,0,0,0,0,0,0,0,0,0,0,0,0,33.39812
2,33.45114,0,0,0,0,0,0,0,0,0,0,0,0,38.99022
2,23.19689,0,0,0,0,0,0,0,0,0,0,0,0,30.37253
2,32.56904,0,0,0,0,0,0,0,0,0,0,0,0,40.21806
2,26.47593,0,0,0,0,0,0,0,0,0,0,0,0,35.23747
2,26.02937,0,0,0,0,0,0,0,0,0,0,0,0,31.99972
2,19.9848,0,0,0,0,0,0,0,0,0,0,0,0,28.81158
2,34.1236,0,0,0,0,0,0,0,0,0,0,0,0,45.42784
2,32.91529,0,0,0,0,0,0,0,0,0,0,0,0,39.59521
2,25.52281,0,0,0,0,0,0,0,0,0,0,0,0,34.5964
2,27.52134,0,0,0,0,0,0,0,0,0,0,0,0,31.10591
2,30.00938,0,0,0,0,0,0,0,0,0,0,0,0,48.20163
2,33.83842,0,0,0,0,0,0,0,0,0,0,0,0,33.56324
2,25.16576,0,0,0,0,0,0,0,0,0,0,0,0,30.858
2,28.69409,0,0,0,0,0,0,0,0,0,0,0,0,33.8363
2,32.15728,0,0,0,0,0,0,0,0,0,0,0,0,32.57682
2,25.0496,0,0,0,0,0,0,0,0,0,0,0,0,30.73103
2,29.17166,0,0,0,0,0,0,0,0,0,0,0,0,33.37937
2,26.18594,0,0,0,0,0,0,0,0,0,0,0,0,32.1574
2,28.08125,0,0,0,0,0,0,0,0,0,0,0,0,33.03696
2,18.76851,0,0,0,0,0,0,0,0,0,0,0,0,30.39338
2,21.40152,0,0,0,0,0,0,0,0,0,0,0,0,32.71968
2,32.82133,0,0,0,0,0,0,0,0,0,0,0,0,35.39611
2,34.63892,0,0,0,0,0,0,0,0,0,0,0,0,40.27951
2,29.34002,0,0,0,0,0,0,0,0,0,0,0,0,47.60902
2,32.61882,0,0,0,0,0,0,0,0,0,0,0,0,42.2819
2,33.69511,0,0,0,0,0,0,0,0,0,0,0,0,40.09168
2,27.74792,0,0,0,0,0,0,0,0,0,0,0,0,30.52864
2,25.58831,0,0,0,0,0,0,0,0,0,0,0,0,35.05294
2,30.94135,0,0,0,0,0,0,0,0,0,0,0,0,45.88459
2,28.68205,0,0,0,0,0,0,0,0,0,0,0,0,44.54721
2,31.66561,0,0,0,0,0,0,0,0,0,0,0,0,35.4298
2,22.65989,0,0,0,0,0,0,0,0,0,0,0,0,29.15404
2,17.82981,0,0,0,0,0,0,0,0,0,0,0,0,41.26358
2,27.11221,0,0,0,0,0,0,0,0,0,0,0,0,31.78476
2,26.17244,0,0,0,0,0,0,0,0,0,0,0,0,31.15162
2,27.51096,0,0,0,0,0,0,0,0,0,0,0,0,34.82596
2,28.6306,0,0,0,0,0,0,0,0,0,0,0,0,35.68155
2,25.11179,0,0,0,0,0,0,0,0,0,0,0,0,33.21014
2,27.00509,0,0,0,0,0,0,0,0,0,0,0,0,39.13493
2,31.12279,0,0,0,0,0,0,0,0,0,0,0,0,33.59913
2,28.61793,0,0,0,0,0,0,0,0,0,0,0,0,30.83269
2,26.02966,0,0,0,0,0,0,0,0,0,0,0,0,32.75274
2,30.10936,0,0,0,0,0,0,0,0,0,0,0,0,38.14695
2,25.52877,0,0,0,0,0,0,0,0,0,0,0,0,32.14447
2,26.01633,0,0,0,0,0,0,0,0,0,0,0,0,44.29448
2,23.05761,0,0,0,0,0,0,0,0,0,0,0,0,33.44425
2,23.97951,0,0,0,0,0,0,0,0,0,0,0,0,29.54007
2,28.97441,0,0,0,0,0,0,0,0,0,0,0,0,34.15712
2,30.85327,0,0,0,0,0,0,0,0,0,0,0,0,35.69743
2,25.37277,0,0,0,0,0,0,0,0,0,0,0,0,35.4687
2,25.2451,0,0,0,0,0,0,0,0,0,0,0,0,32.73401
2,28.2077,0,0,0,0,0,0,0,0,0,0,0,0,35.50585
2,33.76514,0,0,0,0,0,0,0,0,0,0,0,0,40.56327
2,32.2426,0,0,0,0,0,0,0,0,0,0,0,0,33.90334
2,24.00993,0,0,0,0,0,0,0,0,0,0,0,0,35.75515
2,33.9922,0,0,0,0,0,0,0,0,0,0,0,0,35.97645
2,28.0732,0,0,0,0,0,0,0,0,0,0,0,0,34.85729
2,31.85233,0,0,0,0,0,0,0,0,0,0,0,0,34.24229
2,30.34217,0,0,0,0,0,0,0,0,0,0,0,0,41.82558
2,29.74052,0,0,0,0,0,0,0,0,0,0,0,0,32.47461
2,23.5522,0,0,0,0,0,0,0,0,0,0,0,0,28.0819
2,28.34185,0,0,0,0,0,0,0,0,0,0,0,0,35.76134
2,31.09404,0,0,0,0,0,0,0,0,0,0,0,0,38.29822
2,33.16137,0,0,0,0,0,0,0,0,0,0,0,0,41.51503
2,29.27135,0,0,0,0,0,0,0,0,0,0,0,0,37.8374
2,27.75578,0,0,0,0,0,0,0,0,0,0,0,0,32.63831
2,26.12087,0,0,0,0,0,0,0,0,0,0,0,0,33.08039
2,28.40331,0,0,0,0,0,0,0,0,0,0,0,0,33.4752
2,29.26797,0,0,0,0,0,0,0,0,0,0,0,0,31.46947
2,30.93203,0,0,0,0,0,0,0,0,0,0,0,0,36.04578
2,33.14087,0,0,0,0,0,0,0,0,0,0,0,0,35.81406
2,31.76282,0,0,0,0,0,0,0,0,0,0,0,0,46.75572
2,31.30233,0,0,0,0,0,0,0,0,0,0,0,0,33.27707
2,30.41327,0,0,0,0,0,0,0,0,0,0,0,0,36.28104
2,26.86075,0,0,0,0,0,0,0,0,0,0,0,0,30.57613
2,22.81462,0,0,0,0,0,0,0,0,0,0,0,0,33.79167
2,34.65277,0,0,0,0,0,0,0,0,0,0,0,0,39.73067
2,28.24454,0,0,0,0,0,0,0,0,0,0,0,0,32.17701
2,36.2311,0,0,0,0,0,0,0,0,0,0,0,0,41.79208
2,20.14185,0,0,0,0,0,0,0,0,0,0,0,0,32.51649
2,25.66615,0,0,0,0,0,0,0,0,0,0,0,0,28.50801
2,33.69573,0,0,0,0,0,0,0,0,0,0,0,0,39.44046
2,30.51199,0,0,0,0,0,0,0,0,0,0,0,0,32.37527
2,23.9981,0,0,0,0,0,0,0,0,0,0,0,0,34.81536
2,29.02271,0,0,0,0,0,0,0,0,0,0,0,0,36.4509
2,35.80878,0,0,0,0,0,0,0,0,0,0,0,0,40.22688
2,34.78699,0,0,0,0,0,0,0,0,0,0,0,0,37.25414
2,24.93722,0,0,0,0,0,0,0,0,0,0,0,0,29.66186
2,34.77165,0,0,0,0,0,0,0,0,0,0,0,0,42.83938
2,34.52156,0,0,0,0,0,0,0,0,0,0,0,0,40.71383
2,34.49966,0,0,0,0,0,0,0,0,0,0,0,0,38.74952
2,27.12171,0,0,0,0,0,0,0,0,0,0,0,0,30.01435
2,24.88703,0,0,0,0,0,0,0,0,0,0,0,0,32.53205
2,29.66722,0,0,0,0,0,0,0,0,0,0,0,0,36.57717
2,26.54894,0,0,0,0,0,0,0,0,0,0,0,0,37.30659
2,32.86071,0,0,0,0,0,0,0,0,0,0,0,0,44.48968
2,31.04982,0,0,0,0,0,0,0,0,0,0,0,0,42.55157
2,30.49449,0,0,0,0,0,0,0,0,0,0,0,0,34.36058
2,29.50697,0,0,0,0,0,0,0,0,0,0,0,0,32.68039
2,27.54263,0,0,0,0,0,0,0,0,0,0,0,0,33.35525
2,21.6212,0,0,0,0,0,0,0,0,0,0,0,0,26.83221
2,28.55076,0,0,0,0,0,0,0,0,0,0,0,0,33.66968
2,26.84063,0,0,0,0,0,0,0,0,0,0,0,0,32.48626
2,26.99425,0,0,0,0,0,0,0,0,0,0,0,0,34.90993
2,22.65966,0,0,0,0,0,0,0,0,0,0,0,0,29.18556
2,29.76326,0,0,0,0,0,0,0,0,0,0,0,0,33.42979
2,21.43692,0,0,0,0,0,0,0,0,0,0,0,0,32.75737
2,31.68042,0,0,0,0,0,0,0,0,0,0,0,0,36.35566
2,25.26404,0,0,0,0,0,0,0,0,0,0,0,0,33.31973
2,34.04937,0,0,0,0,0,0,0,0,0,0,0,0,38.58895
2,28.20893,0,0,0,0,0,0,0,0,0,0,0,0,32.82318
2,23.80696,0,0,0,0,0,0,0,0,0,0,0,0,29.76091
2,34.25824,0,0,0,0,0,0,0,0,0,0,0,0,41.95458
2,30.16041,0,0,0,0,0,0,0,0,0,0,0,0,35.91019
2,18.95507,0,0,0,0,0,0,0,0,0,0,0,0,26.52332
2,28.47488,0,0,0,0,0,0,0,0,0,0,0,0,31.03199
2,37.42234,0,0,0,0,0,0,0,0,0,0,0,0,40.41095
2,29.17838,0,0,0,0,0,0,0,0,0,0,0,0,34.4958
2,25.01419,0,0,0,0,0,0,0,0,0,0,0,0,33.60895
2,28.89184,0,0,0,0,0,0,0,0,0,0,0,0,38.5413
2,32.44516,0,0,0,0,0,0,0,0,0,0,0,0,37.52957
2,28.13462,0,0,0,0,0,0,0,0,0,0,0,0,30.98021
2,32.77267,0,0,0,0,0,0,0,0,0,0,0,0,37.58625
2,30.01678,0,0,0,0,0,0,0,0,0,0,0,0,36.01469
2,36.38965,0,0,0,0,0,0,0,0,0,0,0,0,44.16877
2,21.9353,0,0,0,0,0,0,0,0,0,0,0,0,34.68971
2,22.17562,0,0,0,0,0,0,0,0,0,0,0,0,29.51583
2,27.91602,0,0,0,0,0,0,0,0,0,0,0,0,36.75061
2,29.03259,0,0,0,0,0,0,0,0,0,0,0,0,34.35002
2,34.48508,0,0,0,0,0,0,0,0,0,0,0,0,43.87888
2,25.28217,0,0,0,0,0,0,0,0,0,0,0,0,29.10581
2,23.77835,0,0,0,0,0,0,0,0,0,0,0,0,32.70353
2,33.21354,0,0,0,0,0,0,0,0,0,0,0,0,33.68045
2,24.93961,0,0,0,0,0,0,0,0,0,0,0,0,35.35778
2,23.01255,0,0,0,0,0,0,0,0,0,0,0,0,33.63945
2,29.09409,0,0,0,0,0,0,0,0,0,0,0,0,37.387
2,18.18782,0,0,0,0,0,0,0,0,0,0,0,0,28.41536
2,27.8833,0,0,0,0,0,0,0,0,0,0,0,0,34.4394
2,28.19821,0,0,0,0,0,0,0,0,0,0,0,0,34.53146
2,34.62929,0,0,0,0,0,0,0,0,0,0,0,0,41.91538
2,28.47279,0,0,0,0,0,0,0,0,0,0,0,0,33.12769
2,30.6666,0,0,0,0,0,0,0,0,0,0,0,0,37.90281
2,25.23866,0,0,0,0,0,0,0,0,0,0,0,0,32.23569
2,31.6436,0,0,0,0,0,0,0,0,0,0,0,0,36.15594
2,22.65775,0,0,0,0,0,0,0,0,0,0,0,0,28.74987
2,23.4453,0,0,0,0,0,0,0,0,0,0,0,0,34.43085
2,28.89191,0,0,0,0,0,0,0,0,0,0,0,0,34.21952
2,18.0254,0,0,0,0,0,0,0,0,0,0,0,0,31.84608
2,31.50232,0,0,0,0,0,0,0,0,0,0,0,0,36.43637
2,22.20571,0,0,0,0,0,0,0,0,0,0,0,0,31.53506
2,24.33609,0,0,0,0,0,0,0,0,0,0,0,0,34.54042
2,27.99676,0,0,0,0,0,0,0,0,0,0,0,0,29.91448
2,28.13293,0,0,0,0,0,0,0,0,0,0,0,0,35.06339
2,35.35937,0,0,0,0,0,0,0,0,0,0,0,0,44.34099
2,26.01141,0,0,0,0,0,0,0,0,0,0,0,0,30.85476
2,31.82339,0,0,0,0,0,0,0,0,0,0,0,0,32.31272
2,27.00912,0,0,0,0,0,0,0,0,0,0,0,0,35.98388
2,22.52109,0,0,0,0,0,0,0,0,0,0,0,0,30.56937
2,31.47119,0,0,0,0,0,0,0,0,0,0,0,0,37.44289
2,21.8266,0,0,0,0,0,0,0,0,0,0,0,0,32.42726
2,35.52065,0,0,0,0,0,0,0,0,0,0,0,0,38.50423
2,32.17214,0,0,0,0,0,0,0,0,0,0,0,0,37.92776
2,25.99517,0,0,0,0,0,0,0,0,0,0,0,0,31.81356
2,30.82057,0,0,0,0,0,0,0,0,0,0,0,0,38.11805
2,27.31058,0,0,0,0,0,0,0,0,0,0,0,0,34.50903
2,28.62307,0,0,0,0,0,0,0,0,0,0,0,0,44.65613
2,25.39096,0,0,0,0,0,0,0,0,0,0,0,0,30.57923
2,26.14896,0,0,0,0,0,0,0,0,0,0,0,0,32.28809
2,27.11584,0,0,0,0,0,0,0,0,0,0,0,0,47.09235
2,28.80169,0,0,0,0,0,0,0,0,0,0,0,0,34.27592
2,26.64711,0,0,0,0,0,0,0,0,0,0,0,0,32.78822
2,30.78848,0,0,0,0,0,0,0,0,0,0,0,0,44.20563
2,23.2028,0,0,0,0,0,0,0,0,0,0,0,0,29.562
2,29.57518,0,0,0,0,0,0,0,0,0,0,0,0,33.13459
2,26.43254,0,0,0,0,0,0,0,0,0,0,0,0,29.41374
2,30.02157,0,0,0,0,0,0,0,0,0,0,0,0,35.29693
2,29.0404,0,0,0,0,0,0,0,0,0,0,0,0,33.29583
2,29.85672,0,0,0,0,0,0,0,0,0,0,0,0,33.86636
2,27.4563,0,0,0,0,0,0,0,0,0,0,0,0,32.64661
2,24.45285,0,0,0,0,0,0,0,0,0,0,0,0,29.53353
2,30.9588,0,0,0,0,0,0,0,0,0,0,0,0,32.53587
2,20.54537,0,0,0,0,0,0,0,0,0,0,0,0,28.28336
2,26.01896,0,0,0,0,0,0,0,0,0,0,0,0,34.41281
2,28.23472,0,0,0,0,0,0,0,0,0,0,0,0,34.18994
2,34.39198,0,0,0,0,0,0,0,0,0,0,0,0,33.37115
2,26.83524,0,0,0,0,0,0,0,0,0,0,0,0,34.36258
2,21.66071,0,0,0,0,0,0,0,0,0,0,0,0,26.7014
2,28.26135,0,0,0,0,0,0,0,0,0,0,0,0,35.61776
2,28.93848,0,0,0,0,0,0,0,0,0,0,0,0,30.09007
2,32.95417,0,0,0,0,0,0,0,0,0,0,0,0,35.93205
2,24.92491,0,0,0,0,0,0,0,0,0,0,0,0,33.58998
2,16.77802,0,0,0,0,0,0,0,0,0,0,0,0,26.29716
2,23.49688,0,0,0,0,0,0,0,0,0,0,0,0,30.26022
2,22.79296,0,0,0,0,0,0,0,0,0,0,0,0,26.90567
2,30.3318,0,0,0,0,0,0,0,0,0,0,0,0,46.17529
2,30.30563,0,0,0,0,0,0,0,0,0,0,0,0,43.23082
2,21.2552,0,0,0,0,0,0,0,0,0,0,0,0,31.5934
2,26.59653,0,0,0,0,0,0,0,0,0,0,0,0,35.29323
2,30.295,0,0,0,0,0,0,0,0,0,0,0,0,29.7225
2,27.9557,0,0,0,0,0,0,0,0,0,0,0,0,34.12647
2,31.84,0,0,0,0,0,0,0,0,0,0,0,0,36.59975
2,33.81459,0,0,0,0,0,0,0,0,0,0,0,0,42.4291
2,27.08904,0,0,0,0,0,0,0,0,0,0,0,0,34.80079
2,28.63907,0,0,0,0,0,0,0,0,0,0,0,0,33.46362
2,20.79424,0,0,0,0,0,0,0,0,0,0,0,0,32.26623
2,26.32402,0,0,0,0,0,0,0,0,0,0,0,0,33.97847
2,26.74323,0,0,0,0,0,0,0,0,0,0,0,0,31.74276
2,32.23537,0,0,0,0,0,0,0,0,0,0,0,0,39.98449
2,31.69444,0,0,0,0,0,0,0,0,0,0,0,0,33.87088
2,35.3655,0,0,0,0,0,0,0,0,0,0,0,0,40.34772
2,25.11612,0,0,0,0,0,0,0,0,0,0,0,0,28.61506
2,25.11092,0,0,0,0,0,0,0,0,0,0,0,0,31.23589
2,29.97222,0,0,0,0,0,0,0,0,0,0,0,0,38.11134
2,35.96753,0,0,0,0,0,0,0,0,0,0,0,0,47.77259
2,26.00879,0,0,0,0,0,0,0,0,0,0,0,0,33.81399
2,30.54825,0,0,0,0,0,0,0,0,0,0,0,0,32.87317
2,27.70107,0,0,0,0,0,0,0,0,0,0,0,0,31.6996
2,29.52732,0,0,0,0,0,0,0,0,0,0,0,0,45.15025
2,20.92386,0,0,0,0,0,0,0,0,0,0,0,0,25.78334
2,26.55745,0,0,0,0,0,0,0,0,0,0,0,0,29.37591
2,31.32587,0,0,0,0,0,0,0,0,0,0,0,0,32.44924
2,20.1967,0,0,0,0,0,0,0,0,0,0,0,0,30.19561
2,30.62195,0,0,0,0,0,0,0,0,0,0,0,0,35.41652
2,23.05849,0,0,0,0,0,0,0,0,0,0,0,0,30.55437
2,25.38111,0,0,0,0,0,0,0,0,0,0,0,0,33.54109
2,26.21864,0,0,0,0,0,0,0,0,0,0,0,0,30.82398
2,33.84404,0,0,0,0,0,0,0,0,0,0,0,0,38.39864
2,22.81668,0,0,0,0,0,0,0,0,0,0,0,0,33.97609
2,32.00004,0,0,0,0,0,0,0,0,0,0,0,0,42.71694
2,23.225,0,0,0,0,0,0,0,0,0,0,0,0,33.57347
2,22.72187,0,0,0,0,0,0,0,0,0,0,0,0,25.75187
2,36.46379,0,0,0,0,0,0,0,0,0,0,0,0,39.14272
2,24.43233,0,0,0,0,0,0,0,0,0,0,0,0,30.92788
2,23.01,0,0,0,0,0,0,0,0,0,0,0,0,34.46897
2,33.72432,0,0,0,0,0,0,0,0,0,0,0,0,37.95692
2,22.45117,0,0,0,0,0,0,0,0,0,0,0,0,31.69014
2,25.86182,0,0,0,0,0,0,0,0,0,0,0,0,35.29977
2,23.87206,0,0,0,0,0,0,0,0,0,0,0,0,45.90065
2,27.57713,0,0,0,0,0,0,0,0,0,0,0,0,32.12592
2,31.24017,0,0,0,0,0,0,0,0,0,0,0,0,36.65732
2,32.1265,0,0,0,0,0,0,0,0,0,0,0,0,38.02476
2,29.40674,0,0,0,0,0,0,0,0,0,0,0,0,36.55559
2,25.81281,0,0,0,0,0,0,0,0,0,0,0,0,31.68593
2,28.16426,0,0,0,0,0,0,0,0,0,0,0,0,32.15474
2,27.5446,0,0,0,0,0,0,0,0,0,0,0,0,45.63079
2,27.44065,0,0,0,0,0,0,0,0,0,0,0,0,37.76387
2,26.57323,0,0,0,0,0,0,0,0,0,0,0,0,33.75196
2,21.09506,0,0,0,0,0,0,0,0,0,0,0,0,30.34419
2,24.12131,0,0,0,0,0,0,0,0,0,0,0,0,32.4005
2,22.05872,0,0,0,0,0,0,0,0,0,0,0,0,29.2218
2,29.05911,0,0,0,0,0,0,0,0,0,0,0,0,28.3525
2,23.51679,0,0,0,0,0,0,0,0,0,0,0,0,31.6283
2,21.22227,0,0,0,0,0,0,0,0,0,0,0,0,28.69047
2,20.04644,0,0,0,0,0,0,0,0,0,0,0,0,33.30276
2,30.39775,0,0,0,0,0,0,0,0,0,0,0,0,41.14766
2,26.26593,0,0,0,0,0,0,0,0,0,0,0,0,31.26813
2,23.75136,0,0,0,0,0,0,0,0,0,0,0,0,33.65151
2,23.00389,0,0,0,0,0,0,0,0,0,0,0,0,30.88391
2,22.11191,0,0,0,0,0,0,0,0,0,0,0,0,29.30489
2,34.05102,0,0,0,0,0,0,0,0,0,0,0,0,37.90908
2,29.06493,0,0,0,0,0,0,0,0,0,0,0,0,34.93019
2,16.79156,0,0,0,0,0,0,0,0,0,0,0,0,26.56332
2,29.8302,0,0,0,0,0,0,0,0,0,0,0,0,33.37559
2,22.33249,0,0,0,0,0,0,0,0,0,0,0,0,26.28624
2,31.7385,0,0,0,0,0,0,0,0,0,0,0,0,48.21367
2,23.04721,0,0,0,0,0,0,0,0,0,0,0,0,30.50606
2,32.24179,0,0,0,0,0,0,0,0,0,0,0,0,35.37907
2,24.10793,0,0,0,0,0,0,0,0,0,0,0,0,32.62866
2,26.17462,0,0,0,0,0,0,0,0,0,0,0,0,44.09987
2,24.00264,0,0,0,0,0,0,0,0,0,0,0,0,30.12591
2,33.27848,0,0,0,0,0,0,0,0,0,0,0,0,42.06104
2,32.18008,0,0,0,0,0,0,0,0,0,0,0,0,36.4948
2,17.73965,0,0,0,0,0,0,0,0,0,0,0,0,30.06269
2,29.08803,0,0,0,0,0,0,0,0,0,0,0,0,33.80671
2,29.5796,0,0,0,0,0,0,0,0,0,0,0,0,33.11724
2,24.44183,0,0,0,0,0,0,0,0,0,0,0,0,43.91477
2,27.46767,0,0,0,0,0,0,0,0,0,0,0,0,33.84588
2,28.3786,0,0,0,0,0,0,0,0,0,0,0,0,38.35553
2,25.74807,0,0,0,0,0,0,0,0,0,0,0,0,29.60912
2,23.31417,0,0,0,0,0,0,0,0,0,0,0,0,29.07225
2,27.89542,0,0,0,0,0,0,0,0,0,0,0,0,36.4516
2,34.01921,0,0,0,0,0,0,0,0,0,0,0,0,41.46469
2,30.72622,0,0,0,0,0,0,0,0,0,0,0,0,35.34742
2,25.47312,0,0,0,0,0,0,0,0,0,0,0,0,31.52328
2,31.97662,0,0,0,0,0,0,0,0,0,0,0,0,41.35168
2,31.11003,0,0,0,0,0,0,0,0,0,0,0,0,45.01888
2,30.84064,0,0,0,0,0,0,0,0,0,0,0,0,36.48352
2,21.27122,0,0,0,0,0,0,0,0,0,0,0,0,30.86712
2,25.79801,0,0,0,0,0,0,0,0,0,0,0,0,31.39836
2,30.37198,0,0,0,0,0,0,0,0,0,0,0,0,47.0003
2,20.3575,0,0,0,0,0,0,0,0,0,0,0,0,30.20103
2,28.42627,0,0,0,0,0,0,0,0,0,0,0,0,29.27143
2,24.97446,0,0,0,0,0,0,0,0,0,0,0,0,33.23938
2,28.95167,0,0,0,0,0,0,0,0,0,0,0,0,32.65845
2,20.12421,0,0,0,0,0,0,0,0,0,0,0,0,30.6325
2,26.33113,0,0,0,0,0,0,0,0,0,0,0,0,34.09792
2,30.13397,0,0,0,0,0,0,0,0,0,0,0,0,45.17378
2,26.54065,0,0,0,0,0,0,0,0,0,0,0,0,33.18055
2,26.74337,0,0,0,0,0,0,0,0,0,0,0,0,31.76055
2,37.06422,0,0,0,0,0,0,0,0,0,0,0,0,36.6685
2,24.00765,0,0,0,0,0,0,0,0,0,0,0,0,27.76795
2,24.90606,0,0,0,0,0,0,0,0,0,0,0,0,30.01194
2,29.407,0,0,0,0,0,0,0,0,0,0,0,0,35.99847
2,35.50462,0,0,0,0,0,0,0,0,0,0,0,0,47.91654
2,20.93526,0,0,0,0,0,0,0,0,0,0,0,0,31.91945
2,41.62732,0,0,0,0,0,0,0,0,0,0,0,0,47.15937
2,26.60794,0,0,0,0,0,0,0,0,0,0,0,0,30.51558
2,35.96851,0,0,0,0,0,0,0,0,0,0,0,0,40.15282
2,26.93888,0,0,0,0,0,0,0,0,0,0,0,0,29.75213
2,30.15028,0,0,0,0,0,0,0,0,0,0,0,0,35.90439
2,37.64621,0,0,0,0,0,0,0,0,0,0,0,0,45.91914
2,27.61716,0,0,0,0,0,0,0,0,0,0,0,0,35.81608
2,19.73831,0,0,0,0,0,0,0,0,0,0,0,0,26.74098
2,23.52475,0,0,0,0,0,0,0,0,0,0,0,0,29.42828
2,26.79806,0,0,0,0,0,0,0,0,0,0,0,0,32.12742
2,34.02955,0,0,0,0,0,0,0,0,0,0,0,0,33.61445
2,23.89002,0,0,0,0,0,0,0,0,0,0,0,0,31.805
2,30.72727,0,0,0,0,0,0,0,0,0,0,0,0,36.25653
2,25.97465,0,0,0,0,0,0,0,0,0,0,0,0,45.168
2,30.15466,0,0,0,0,0,0,0,0,0,0,0,0,34.40816
2,24.19003,0,0,0,0,0,0,0,0,0,0,0,0,32.29769
2,32.42635,0,0,0,0,0,0,0,0,0,0,0,0,37.19965
2,28.62439,0,0,0,0,0,0,0,0,0,0,0,0,44.34274
2,35.3668,0,0,0,0,0,0,0,0,0,0,0,0,39.33807
2,24.60444,0,0,0,0,0,0,0,0,0,0,0,0,30.2725
2,33.98822,0,0,0,0,0,0,0,0,0,0,0,0,42.54612
2,29.93499,0,0,0,0,0,0,0,0,0,0,0,0,32.59911
2,30.13495,0,0,0,0,0,0,0,0,0,0,0,0,33.6168
2,33.02652,0,0,0,0,0,0,0,0,0,0,0,0,36.90471
2,19.30073,0,0,0,0,0,0,0,0,0,0,0,0,27.8998
2,32.14693,0,0,0,0,0,0,0,0,0,0,0,0,35.78426
2,26.99923,0,0,0,0,0,0,0,0,0,0,0,0,33.54171
2,25.04706,0,0,0,0,0,0,0,0,0,0,0,0,47.68059
2,30.39332,0,0,0,0,0,0,0,0,0,0,0,0,34.11869
2,26.43042,0,0,0,0,0,0,0,0,0,0,0,0,33.73455
2,21.20155,0,0,0,0,0,0,0,0,0,0,0,0,29.88239
2,20.88989,0,0,0,0,0,0,0,0,0,0,0,0,28.66364
2,35.1269,0,0,0,0,0,0,0,0,0,0,0,0,42.90599
2,23.07319,0,0,0,0,0,0,0,0,0,0,0,0,28.06175
2,26.31836,0,0,0,0,0,0,0,0,0,0,0,0,30.96739
2,24.5753,0,0,0,0,0,0,0,0,0,0,0,0,32.20498
2,24.27618,0,0,0,0,0,0,0,0,0,0,0,0,34.84192
2,33.83213,0,0,0,0,0,0,0,0,0,0,0,0,47.3071
2,26.68606,0,0,0,0,0,0,0,0,0,0,0,0,33.31898
2,26.11211,0,0,0,0,0,0,0,0,0,0,0,0,31.74104
2,31.02826,0,0,0,0,0,0,0,0,0,0,0,0,32.8468
2,29.35313,0,0,0,0,0,0,0,0,0,0,0,0,40.56756
2,32.4971,0,0,0,0,0,0,0,0,0,0,0,0,36.6641
2,27.85167,0,0,0,0,0,0,0,0,0,0,0,0,46.49557
2,25.99874,0,0,0,0,0,0,0,0,0,0,0,0,31.50938
2,35.94891,0,0,0,0,0,0,0,0,0,0,0,0,42.30236
2,32.36427,0,0,0,0,0,0,0,0,0,0,0,0,34.37921
2,23.95905,0,0,0,0,0,0,0,0,0,0,0,0,32.90718
2,33.54653,0,0,0,0,0,0,0,0,0,0,0,0,35.55766
2,31.5631,0,0,0,0,0,0,0,0,0,0,0,0,32.72213
2,27.21802,0,0,0,0,0,0,0,0,0,0,0,0,37.05048
2,23.76424,0,0,0,0,0,0,0,0,0,0,0,0,47.14945
2,21.2993,0,0,0,0,0,0,0,0,0,0,0,0,27.68255
2,27.67521,0,0,0,0,0,0,0,0,0,0,0,0,32.04515
2,20.30199,0,0,0,0,0,0,0,0,0,0,0,0,33.35021
2,29.8545,0,0,0,0,0,0,0,0,0,0,0,0,45.08397
2,32.34619,0,0,0,0,0,0,0,0,0,0,0,0,47.98084
2,30.80404,0,0,0,0,0,0,0,0,0,0,0,0,34.40358
2,30.35361,0,0,0,0,0,0,0,0,0,0,0,0,34.86643
2,24.61194,0,0,0,0,0,0,0,0,0,0,0,0,33.13652
2,28.5164,0,0,0,0,0,0,0,0,0,0,0,0,31.8648
2,21.76942,0,0,0,0,0,0,0,0,0,0,0,0,32.81791
2,27.67845,0,0,0,0,0,0,0,0,0,0,0,0,35.29077
2,24.15299,0,0,0,0,0,0,0,0,0,0,0,0,45.43647
2,25.99596,0,0,0,0,0,0,0,0,0,0,0,0,32.20142
2,34.19534,0,0,0,0,0,0,0,0,0,0,0,0,41.27824
2,27.75711,0,0,0,0,0,0,0,0,0,0,0,0,36.512
2,31.08503,0,0,0,0,0,0,0,0,0,0,0,0,34.23161
2,28.8202,0,0,0,0,0,0,0,0,0,0,0,0,42.70046
2,30.73403,0,0,0,0,0,0,0,0,0,0,0,0,35.88906
2,21.46009,0,0,0,0,0,0,0,0,0,0,0,0,31.60595
2,28.99576,0,0,0,0,0,0,0,0,0,0,0,0,35.40032
2,31.71225,0,0,0,0,0,0,0,0,0,0,0,0,47.10547
2,30.44636,0,0,0,0,0,0,0,0,0,0,0,0,43.87135
2,30.64866,0,0,0,0,0,0,0,0,0,0,0,0,33.29718
2,35.63277,0,0,0,0,0,0,0,0,0,0,0,0,41.35301
2,24.16122,0,0,0,0,0,0,0,0,0,0,0,0,36.46006
2,26.00617,0,0,0,0,0,0,0,0,0,0,0,0,32.21962
2,29.36199,0,0,0,0,0,0,0,0,0,0,0,0,35.68867
2,30.47568,0,0,0,0,0,0,0,0,0,0,0,0,35.28111
2,20.92949,0,0,0,0,0,0,0,0,0,0,0,0,44.97649
2,28.60563,0,0,0,0,0,0,0,0,0,0,0,0,36.96422
2,24.47424,0,0,0,0,0,0,0,0,0,0,0,0,30.32132
2,24.64868,0,0,0,0,0,0,0,0,0,0,0,0,36.81142
2,28.8311,0,0,0,0,0,0,0,0,0,0,0,0,38.49562
2,34.18357,0,0,0,0,0,0,0,0,0,0,0,0,38.66179
2,27.08166,0,0,0,0,0,0,0,0,0,0,0,0,32.08147
2,36.08967,0,0,0,0,0,0,0,0,0,0,0,0,39.28627
2,33.49409,0,0,0,0,0,0,0,0,0,0,0,0,35.49078
2,23.86452,0,0,0,0,0,0,0,0,0,0,0,0,33.06813
2,25.53302,0,0,0,0,0,0,0,0,0,0,0,0,33.55776
2,28.84304,0,0,0,0,0,0,0,0,0,0,0,0,32.88683
2,23.97458,0,0,0,0,0,0,0,0,0,0,0,0,34.4264
2,32.91567,0,0,0,0,0,0,0,0,0,0,0,0,38.37313
2,35.62531,0,0,0,0,0,0,0,0,0,0,0,0,37.772
2,29.73146,0,0,0,0,0,0,0,0,0,0,0,0,35.17327
2,21.09382,0,0,0,0,0,0,0,0,0,0,0,0,34.9853
2,21.37112,0,0,0,0,0,0,0,0,0,0,0,0,35.23551
2,30.6775,0,0,0,0,0,0,0,0,0,0,0,0,32.84125
2,34.08096,0,0,0,0,0,0,0,0,0,0,0,0,41.34986
2,30.34761,0,0,0,0,0,0,0,0,0,0,0,0,35.26167
2,28.03666,0,0,0,0,0,0,0,0,0,0,0,0,32.10005
2,24.93461,0,0,0,0,0,0,0,0,0,0,0,0,30.74788
2,32.06532,0,0,0,0,0,0,0,0,0,0,0,0,39.47977
2,33.34185,0,0,0,0,0,0,0,0,0,0,0,0,46.43028
2,23.13829,0,0,0,0,0,0,0,0,0,0,0,0,30.83937
2,32.8093,0,0,0,0,0,0,0,0,0,0,0,0,43.76263
2,24.1887,0,0,0,0,0,0,0,0,0,0,0,0,37.58742
2,33.63103,0,0,0,0,0,0,0,0,0,0,0,0,36.6212
2,28.22115,0,0,0,0,0,0,0,0,0,0,0,0,43.51273
2,32.86415,0,0,0,0,0,0,0,0,0,0,0,0,35.86719
2,33.46929,0,0,0,0,0,0,0,0,0,0,0,0,34.25727
2,28.63167,0,0,0,0,0,0,0,0,0,0,0,0,47.34383
2,33.70866,0,0,0,0,0,0,0,0,0,0,0,0,36.56395
2,37.54488,0,0,0,0,0,0,0,0,0,0,0,0,39.93086
2,30.09378,0,0,0,0,0,0,0,0,0,0,0,0,31.78821
2,25.9005,0,0,0,0,0,0,0,0,0,0,0,0,30.58134
2,28.83339,0,0,0,0,0,0,0,0,0,0,0,0,45.74554
2,24.59643,0,0,0,0,0,0,0,0,0,0,0,0,34.4818
2,29.21521,0,0,0,0,0,0,0,0,0,0,0,0,34.42286
2,22.20504,0,0,0,0,0,0,0,0,0,0,0,0,40.91193
2,21.66204,0,0,0,0,0,0,0,0,0,0,0,0,30.09246
2,25.06727,0,0,0,0,0,0,0,0,0,0,0,0,33.68822
2,39.46732,0,0,0,0,0,0,0,0,0,0,0,0,37.85517
2,30.60917,0,0,0,0,0,0,0,0,0,0,0,0,36.69315
2,29.11499,0,0,0,0,0,0,0,0,0,0,0,0,30.78273
2,38.97655,0,0,0,0,0,0,0,0,0,0,0,0,39.35105
2,27.96194,0,0,0,0,0,0,0,0,0,0,0,0,35.14701
2,25.93506,0,0,0,0,0,0,0,0,0,0,0,0,31.4738
2,32.13766,0,0,0,0,0,0,0,0,0,0,0,0,47.60038
2,32.50475,0,0,0,0,0,0,0,0,0,0,0,0,45.66054
2,26.13985,0,0,0,0,0,0,0,0,0,0,0,0,33.7747
2,30.42689,0,0,0,0,0,0,0,0,0,0,0,0,47.95307
2,32.6732,0,0,0,0,0,0,0,0,0,0,0,0,34.25743
2,24.69849,0,0,0,0,0,0,0,0,0,0,0,0,31.45925
2,30.89725,0,0,0,0,0,0,0,0,0,0,0,0,36.35387
2,26.93197,0,0,0,0,0,0,0,0,0,0,0,0,35.04753
2,32.37106,0,0,0,0,0,0,0,0,0,0,0,0,47.04346
2,32.93638,0,0,0,0,0,0,0,0,0,0,0,0,36.00826
2,30.14752,0,0,0,0,0,0,0,0,0,0,0,0,45.17219
2,35.67466,0,0,0,0,0,0,0,0,0,0,0,0,37.79704
2,27.40571,0,0,0,0,0,0,0,0,0,0,0,0,32.85286
2,32.20498,0,0,0,0,0,0,0,0,0,0,0,0,36.87256
2,27.64367,0,0,0,0,0,0,0,0,0,0,0,0,31.37843
2,28.03395,0,0,0,0,0,0,0,0,0,0,0,0,35.48859
2,28.52308,0,0,0,0,0,0,0,0,0,0,0,0,35.02159
2,29.14887,0,0,0,0,0,0,0,0,0,0,0,0,35.86366
2,25.89451,0,0,0,0,0,0,0,0,0,0,0,0,31.82472
2,29.18978,0,0,0,0,0,0,0,0,0,0,0,0,34.96743
2,37.6377,0,0,0,0,0,0,0,0,0,0,0,0,45.74424
2,31.98446,0,0,0,0,0,0,0,0,0,0,0,0,37.13111
2,33.28208,0,0,0,0,0,0,0,0,0,0,0,0,35.46476
2,31.14351,0,0,0,0,0,0,0,0,0,0,0,0,35.07438
2,32.43378,0,0,0,0,0,0,0,0,0,0,0,0,35.72641
2,31.30453,0,0,0,0,0,0,0,0,0,0,0,0,36.22845
2,29.57586,0,0,0,0,0,0,0,0,0,0,0,0,48.40926
2,28.9334,0,0,0,0,0,0,0,0,0,0,0,0,36.3646
2,34.50996,0,0,0,0,0,0,0,0,0,0,0,0,45.49166
2,30.24125,0,0,0,0,0,0,0,0,0,0,0,0,31.46799
2,34.8315,0,0,0,0,0,0,0,0,0,0,0,0,40.1705
2,27.34491,0,0,0,0,0,0,0,0,0,0,0,0,33.42346
2,27.8357,0,0,0,0,0,0,0,0,0,0,0,0,37.29352
2,29.09655,0,0,0,0,0,0,0,0,0,0,0,0,42.41436
2,27.84274,0,0,0,0,0,0,0,0,0,0,0,0,37.29301
2,26.29026,0,0,0,0,0,0,0,0,0,0,0,0,31.15932
2,27.63466,0,0,0,0,0,0,0,0,0,0,0,0,31.92561
2,39.5859,0,0,0,0,0,0,0,0,0,0,0,0,44.80375
2,21.63871,0,0,0,0,0,0,0,0,0,0,0,0,46.67598
2,31.61336,0,0,0,0,0,0,0,0,0,0,0,0,42.56065
2,30.86413,0,0,0,0,0,0,0,0,0,0,0,0,37.55757
2,27.44802,0,0,0,0,0,0,0,0,0,0,0,0,36.72918
2,34.52452,0,0,0,0,0,0,0,0,0,0,0,0,42.06742
2,25.99009,0,0,0,0,0,0,0,0,0,0,0,0,31.76939
2,35.70662,0,0,0,0,0,0,0,0,0,0,0,0,41.26976
2,25.68715,0,0,0,0,0,0,0,0,0,0,0,0,30.21925
2,27.16053,0,0,0,0,0,0,0,0,0,0,0,0,35.0911
2,23.3693,0,0,0,0,0,0,0,0,0,0,0,0,31.85555
2,32.80162,0,0,0,0,0,0,0,0,0,0,0,0,45.18181
2,24.04006,0,0,0,0,0,0,0,0,0,0,0,0,31.03287
2,32.22553,0,0,0,0,0,0,0,0,0,0,0,0,38.22448
2,30.92294,0,0,0,0,0,0,0,0,0,0,0,0,35.04719
2,26.05935,0,0,0,0,0,0,0,0,0,0,0,0,33.28304
2,28.62445,0,0,0,0,0,0,0,0,0,0,0,0,34.77126
2,25.45055,0,0,0,0,0,0,0,0,0,0,0,0,46.71581
2,30.61126,0,0,0,0,0,0,0,0,0,0,0,0,44.80695
2,31.1213,0,0,0,0,0,0,0,0,0,0,0,0,39.68659
2,25.84194,0,0,0,0,0,0,0,0,0,0,0,0,34.12044
2,35.34098,0,0,0,0,0,0,0,0,0,0,0,0,39.52238
2,36.66932,0,0,0,0,0,0,0,0,0,0,0,0,42.00891
2,26.22387,0,0,0,0,0,0,0,0,0,0,0,0,36.40053
2,31.04889,0,0,0,0,0,0,0,0,0,0,0,0,42.4353
2,31.58473,0,0,0,0,0,0,0,0,0,0,0,0,37.55323
2,34.12121,0,0,0,0,0,0,0,0,0,0,0,0,45.78288
2,27.20491,0,0,0,0,0,0,0,0,0,0,0,0,43.1792
2,26.89677,0,0,0,0,0,0,0,0,0,0,0,0,46.58886
2,28.04135,0,0,0,0,0,0,0,0,0,0,0,0,33.13927
2,25.0304,0,0,0,0,0,0,0,0,0,0,0,0,30.68627
2,32.46555,0,0,0,0,0,0,0,0,0,0,0,0,45.14705
2,22.89281,0,0,0,0,0,0,0,0,0,0,0,0,32.02079
2,26.65766,0,0,0,0,0,0,0,0,0,0,0,0,35.07
2,29.02921,0,0,0,0,0,0,0,0,0,0,0,0,44.05751
2,28.58246,0,0,0,0,0,0,0,0,0,0,0,0,33.22389
2,28.26587,0,0,0,0,0,0,0,0,0,0,0,0,34.84033
2,31.15047,0,0,0,0,0,0,0,0,0,0,0,0,40.60366
2,36.51092,0,0,0,0,0,0,0,0,0,0,0,0,45.72849
2,22.26714,0,0,0,0,0,0,0,0,0,0,0,0,32.7043
2,28.88956,0,0,0,0,0,0,0,0,0,0,0,0,32.05372
2,30.36968,0,0,0,0,0,0,0,0,0,0,0,0,39.54401
2,21.40245,0,0,0,0,0,0,0,0,0,0,0,0,31.13751
2,26.16329,0,0,0,0,0,0,0,0,0,0,0,0,33.95916
2,33.58317,0,0,0,0,0,0,0,0,0,0,0,0,36.808
2,32.6105,0,0,0,0,0,0,0,0,0,0,0,0,43.94386
2,25.91457,0,0,0,0,0,0,0,0,0,0,0,0,34.00176
2,37.95688,0,0,0,0,0,0,0,0,0,0,0,0,40.87474
2,24.83459,0,0,0,0,0,0,0,0,0,0,0,0,31.50139
2,29.60512,0,0,0,0,0,0,0,0,0,0,0,0,32.00274
2,31.95048,0,0,0,0,0,0,0,0,0,0,0,0,39.71355
2,36.77892,0,0,0,0,0,0,0,0,0,0,0,0,36.3311
2,34.47092,0,0,0,0,0,0,0,0,0,0,0,0,37.1429
2,27.1695,0,0,0,0,0,0,0,0,0,0,0,0,35.22788
2,28.09858,0,0,0,0,0,0,0,0,0,0,0,0,46.86934
2,32.0713,0,0,0,0,0,0,0,0,0,0,0,0,34.98796
2,31.96533,0,0,0,0,0,0,0,0,0,0,0,0,46.50172
2,27.95512,0,0,0,0,0,0,0,0,0,0,0,0,36.39594
2,32.87156,0,0,0,0,0,0,0,0,0,0,0,0,36.39162
2,27.94619,0,0,0,0,0,0,0,0,0,0,0,0,35.29843
2,32.4082,0,0,0,0,0,0,0,0,0,0,0,0,45.1451
2,29.54616,0,0,0,0,0,0,0,0,0,0,0,0,36.70819
2,28.42614,0,0,0,0,0,0,0,0,0,0,0,0,47.92484
2,29.14596,0,0,0,0,0,0,0,0,0,0,0,0,37.71611
2,26.35196,0,0,0,0,0,0,0,0,0,0,0,0,35.42431
2,28.01227,0,0,0,0,0,0,0,0,0,0,0,0,32.68656
2,29.97802,0,0,0,0,0,0,0,0,0,0,0,0,44.06213
2,30.00061,0,0,0,0,0,0,0,0,0,0,0,0,39.5918
2,26.18768,0,0,0,0,0,0,0,0,0,0,0,0,29.12516
2,28.91056,0,0,0,0,0,0,0,0,0,0,0,0,40.47454
2,31.20149,0,0,0,0,0,0,0,0,0,0,0,0,33.1861
2,27.18334,0,0,0,0,0,0,0,0,0,0,0,0,44.57446
2,31.08023,0,0,0,0,0,0,0,0,0,0,0,0,35.36701
2,34.04221,0,0,0,0,0,0,0,0,0,0,0,0,38.20979
2,26.29273,0,0,0,0,0,0,0,0,0,0,0,0,32.89084
2,33.79304,0,0,0,0,0,0,0,0,0,0,0,0,45.1762
2,32.94883,0,0,0,0,0,0,0,0,0,0,0,0,41.57032
2,25.78542,0,0,0,0,0,0,0,0,0,0,0,0,44.13368
2,32.07097,0,0,0,0,0,0,0,0,0,0,0,0,43.68665
2,31.93007,0,0,0,0,0,0,0,0,0,0,0,0,48.1838
2,30.01579,0,0,0,0,0,0,0,0,0,0,0,0,36.11639
2,30.93416,0,0,0,0,0,0,0,0,0,0,0,0,47.0324
2,31.09674,0,0,0,0,0,0,0,0,0,0,0,0,37.13589
2,33.08334,0,0,0,0,0,0,0,0,0,0,0,0,40.08403
2,24.52948,0,0,0,0,0,0,0,0,0,0,0,0,32.32051
2,32.19788,0,0,0,0,0,0,0,0,0,0,0,0,35.63833
2,33.12229,0,0,0,0,0,0,0,0,0,0,0,0,37.38
2,26.13137,0,0,0,0,0,0,0,0,0,0,0,0,33.925
2,27.14051,0,0,0,0,0,0,0,0,0,0,0,0,29.6689
2,20.48718,0,0,0,0,0,0,0,0,0,0,0,0,33.47889
2,30.37716,0,0,0,0,0,0,0,0,0,0,0,0,42.30805
2,33.13509,0,0,0,0,0,0,0,0,0,0,0,0,38.14079
2,29.83714,0,0,0,0,0,0,0,0,0,0,0,0,33.0173
2,32.087,0,0,0,0,0,0,0,0,0,0,0,0,37.84511
2,30.19618,0,0,0,0,0,0,0,0,0,0,0,0,44.66303
2,34.04029,0,0,0,0,0,0,0,0,0,0,0,0,37.10577
2,25.8201,0,0,0,0,0,0,0,0,0,0,0,0,35.58625
2,29.43458,0,0,0,0,0,0,0,0,0,0,0,0,36.28109
2,38.40004,0,0,0,0,0,0,0,0,0,0,0,0,39.32583
2,35.41385,0,0,0,0,0,0,0,0,0,0,0,0,44.12867
2,38.4798,0,0,0,0,0,0,0,0,0,0,0,0,39.35959
2,24.8002,0,0,0,0,0,0,0,0,0,0,0,0,36.19755
2,28.86037,0,0,0,0,0,0,0,0,0,0,0,0,34.51545
2,26.83825,0,0,0,0,0,0,0,0,0,0,0,0,34.42255
2,32.63353,0,0,0,0,0,0,0,0,0,0,0,0,40.26327
2,26.47161,0,0,0,0,0,0,0,0,0,0,0,0,33.55424
2,27.50946,0,0,0,0,0,0,0,0,0,0,0,0,35.22641
2,21.49113,0,0,0,0,0,0,0,0,0,0,0,0,31.82538
2,26.90192,0,0,0,0,0,0,0,0,0,0,0,0,33.14031
2,33.27442,0,0,0,0,0,0,0,0,0,0,0,0,45.59611
2,27.24528,0,0,0,0,0,0,0,0,0,0,0,0,33.75233
2,35.44893,0,0,0,0,0,0,0,0,0,0,0,0,37.31879
2,33.97437,0,0,0,0,0,0,0,0,0,0,0,0,45.7728
2,25.98979,0,0,0,0,0,0,0,0,0,0,0,0,48.53621
2,32.30592,0,0,0,0,0,0,0,0,0,0,0,0,39.52035
2,28.67299,0,0,0,0,0,0,0,0,0,0,0,0,35.33694
2,34.46822,0,0,0,0,0,0,0,0,0,0,0,0,47.81608
2,24.43326,0,0,0,0,0,0,0,0,0,0,0,0,34.92316
2,34.30112,0,0,0,0,0,0,0,0,0,0,0,0,40.42109
2,29.51056,0,0,0,0,0,0,0,0,0,0,0,0,35.26789
2,23.39373,0,0,0,0,0,0,0,0,0,0,0,0,33.92728
2,32.38857,0,0,0,0,0,0,0,0,0,0,0,0,37.56305
2,30.66544,0,0,0,0,0,0,0,0,0,0,0,0,37.13855
2,26.71932,0,0,0,0,0,0,0,0,0,0,0,0,37.98779
2,33.55616,0,0,0,0,0,0,0,0,0,0,0,0,33.31432
2,31.3232,0,0,0,0,0,0,0,0,0,0,0,0,33.67935
2,32.94071,0,0,0,0,0,0,0,0,0,0,0,0,38.07937
2,23.15466,0,0,0,0,0,0,0,0,0,0,0,0,28.32126
2,34.83689,0,0,0,0,0,0,0,0,0,0,0,0,34.28178
2,34.84031,0,0,0,0,0,0,0,0,0,0,0,0,36.00333
2,27.85666,0,0,0,0,0,0,0,0,0,0,0,0,31.07816
2,36.80402,0,0,0,0,0,0,0,0,0,0,0,0,41.82502
2,30.75519,0,0,0,0,0,0,0,0,0,0,0,0,36.58756
2,21.31016,0,0,0,0,0,0,0,0,0,0,0,0,30.17742
2,32.10556,0,0,0,0,0,0,0,0,0,0,0,0,40.0042
2,25.55407,0,0,0,0,0,0,0,0,0,0,0,0,46.11315
2,33.05484,0,0,0,0,0,0,0,0,0,0,0,0,38.7955
2,31.51919,0,0,0,0,0,0,0,0,0,0,0,0,36.04797
2,31.6114,0,0,0,0,0,0,0,0,0,0,0,0,36.60024
2,26.87605,0,0,0,0,0,0,0,0,0,0,0,0,32.56094
2,34.25688,0,0,0,0,0,0,0,0,0,0,0,0,36.95092
2,32.12807,0,0,0,0,0,0,0,0,0,0,0,0,37.0143
2,24.75241,0,0,0,0,0,0,0,0,0,0,0,0,35.18561
2,25.79062,0,0,0,0,0,0,0,0,0,0,0,0,34.13011
2,22.34845,0,0,0,0,0,0,0,0,0,0,0,0,34.69131
2,27.75523,0,0,0,0,0,0,0,0,0,0,0,0,34.74376
2,30.16058,0,0,0,0,0,0,0,0,0,0,0,0,36.92123
2,27.44782,0,0,0,0,0,0,0,0,0,0,0,0,36.30981
2,34.32863,0,0,0,0,0,0,0,0,0,0,0,0,47.03955
2,25.81897,0,0,0,0,0,0,0,0,0,0,0,0,43.67068
2,35.6395,0,0,0,0,0,0,0,0,0,0,0,0,47.7879
2,28.66879,0,0,0,0,0,0,0,0,0,0,0,0,44.55754
2,27.196,0,0,0,0,0,0,0,0,0,0,0,0,35.61973
2,33.33295,0,0,0,0,0,0,0,0,0,0,0,0,33.21646
2,23.02221,0,0,0,0,0,0,0,0,0,0,0,0,31.14025
2,31.55423,0,0,0,0,0,0,0,0,0,0,0,0,37.34472
2,33.44577,0,0,0,0,0,0,0,0,0,0,0,0,44.24758
2,31.19554,0,0,0,0,0,0,0,0,0,0,0,0,36.56615
2,31.14228,0,0,0,0,0,0,0,0,0,0,0,0,32.82842
2,32.77651,0,0,0,0,0,0,0,0,0,0,0,0,32.52697
2,24.00363,0,0,0,0,0,0,0,0,0,0,0,0,30.63568
2,20.07706,0,0,0,0,0,0,0,0,0,0,0,0,32.83276
2,23.8399,0,0,0,0,0,0,0,0,0,0,0,0,35.5685
2,25.52497,0,0,0,0,0,0,0,0,0,0,0,0,32.51015
2,30.03675,0,0,0,0,0,0,0,0,0,0,0,0,33.16145
2,35.21527,0,0,0,0,0,0,0,0,0,0,0,0,40.04764
2,36.55625,0,0,0,0,0,0,0,0,0,0,0,0,44.49422
2,29.94417,0,0,0,0,0,0,0,0,0,0,0,0,33.85065
2,32.4115,0,0,0,0,0,0,0,0,0,0,0,0,35.72748
2,20.23678,0,0,0,0,0,0,0,0,0,0,0,0,33.93545
2,24.87889,0,0,0,0,0,0,0,0,0,0,0,0,30.08251
2,35.9184,0,0,0,0,0,0,0,0,0,0,0,0,35.21464
2,29.29794,0,0,0,0,0,0,0,0,0,0,0,0,36.25214
2,30.17829,0,0,0,0,0,0,0,0,0,0,0,0,38.59889
2,31.75471,0,0,0,0,0,0,0,0,0,0,0,0,38.8894
2,30.85497,0,0,0,0,0,0,0,0,0,0,0,0,42.42781
2,31.17195,0,0,0,0,0,0,0,0,0,0,0,0,34.31477
2,24.76394,0,0,0,0,0,0,0,0,0,0,0,0,34.0797
2,28.354,0,0,0,0,0,0,0,0,0,0,0,0,35.08355
2,32.56169,0,0,0,0,0,0,0,0,0,0,0,0,36.66573
2,28.69913,0,0,0,0,0,0,0,0,0,0,0,0,31.54898
2,26.87226,0,0,0,0,0,0,0,0,0,0,0,0,34.9583
2,33.4846,0,0,0,0,0,0,0,0,0,0,0,0,32.72886
2,25.05339,0,0,0,0,0,0,0,0,0,0,0,0,36.34542
2,34.46062,0,0,0,0,0,0,0,0,0,0,0,0,39.74901
2,24.93492,0,0,0,0,0,0,0,0,0,0,0,0,35.97229
2,27.48233,0,0,0,0,0,0,0,0,0,0,0,0,35.90402
2,26.72001,0,0,0,0,0,0,0,0,0,0,0,0,35.16941
2,28.38938,0,0,0,0,0,0,0,0,0,0,0,0,31.83118
2,28.66492,0,0,0,0,0,0,0,0,0,0,0,0,35.53659
2,29.3376,0,0,0,0,0,0,0,0,0,0,0,0,37.28747
2,33.16225,0,0,0,0,0,0,0,0,0,0,0,0,37.27183
2,28.34142,0,0,0,0,0,0,0,0,0,0,0,0,35.28416
2,30.88064,0,0,0,0,0,0,0,0,0,0,0,0,43.02613
2,31.70744,0,0,0,0,0,0,0,0,0,0,0,0,39.54898
2,29.41508,0,0,0,0,0,0,0,0,0,0,0,0,36.31828
2,33.06009,0,0,0,0,0,0,0,0,0,0,0,0,33.1446
2,22.48056,0,0,0,0,0,0,0,0,0,0,0,0,32.22246
2,33.23996,0,0,0,0,0,0,0,0,0,0,0,0,42.59852
2,27.39089,0,0,0,0,0,0,0,0,0,0,0,0,34.64802
2,27.70484,0,0,0,0,0,0,0,0,0,0,0,0,36.1679
2,25.51316,0,0,0,0,0,0,0,0,0,0,0,0,30.98002
2,28.63492,0,0,0,0,0,0,0,0,0,0,0,0,30.91484
2,23.95828,0,0,0,0,0,0,0,0,0,0,0,0,31.29135
2,31.10433,0,0,0,0,0,0,0,0,0,0,0,0,36.82663
2,26.73311,0,0,0,0,0,0,0,0,0,0,0,0,36.09575
2,30.76859,0,0,0,0,0,0,0,0,0,0,0,0,43.06102
2,27.83894,0,0,0,0,0,0,0,0,0,0,0,0,35.19161
2,27.51804,0,0,0,0,0,0,0,0,0,0,0,0,34.52905
2,31.25582,0,0,0,0,0,0,0,0,0,0,0,0,37.54688
2,33.24088,0,0,0,0,0,0,0,0,0,0,0,0,36.27415
2,31.17954,0,0,0,0,0,0,0,0,0,0,0,0,33.90004
2,28.70045,0,0,0,0,0,0,0,0,0,0,0,0,35.20438
2,23.18213,0,0,0,0,0,0,0,0,0,0,0,0,31.92887
2,31.98013,0,0,0,0,0,0,0,0,0,0,0,0,34.7263
2,22.67135,0,0,0,0,0,0,0,0,0,0,0,0,29.53023
2,29.89333,0,0,0,0,0,0,0,0,0,0,0,0,31.59846
2,28.31204,0,0,0,0,0,0,0,0,0,0,0,0,34.33031
2,27.9859,0,0,0,0,0,0,0,0,0,0,0,0,34.79306
2,33.08409,0,0,0,0,0,0,0,0,0,0,0,0,39.1685
2,22.02004,0,0,0,0,0,0,0,0,0,0,0,0,35.56442
2,28.67304,0,0,0,0,0,0,0,0,0,0,0,0,34.62213
2,27.79407,0,0,0,0,0,0,0,0,0,0,0,0,36.57671
2,32.30123,0,0,0,0,0,0,0,0,0,0,0,0,32.84418
2,25.28774,0,0,0,0,0,0,0,0,0,0,0,0,45.82644
2,27.82167,0,0,0,0,0,0,0,0,0,0,0,0,34.7396
2,29.88687,0,0,0,0,0,0,0,0,0,0,0,0,32.5158
2,32.13011,0,0,0,0,0,0,0,0,0,0,0,0,37.40762
2,27.60214,0,0,0,0,0,0,0,0,0,0,0,0,33.53647
2,25.50031,0,0,0,0,0,0,0,0,0,0,0,0,30.87961
2,26.96169,0,0,0,0,0,0,0,0,0,0,0,0,38.24575
2,30.18788,0,0,0,0,0,0,0,0,0,0,0,0,36.21472
2,23.26374,0,0,0,0,0,0,0,0,0,0,0,0,30.19873
2,19.95719,0,0,0,0,0,0,0,0,0,0,0,0,28.81301
2,30.53401,0,0,0,0,0,0,0,0,0,0,0,0,40.81413
2,34.94874,0,0,0,0,0,0,0,0,0,0,0,0,38.93399
2,37.03082,0,0,0,0,0,0,0,0,0,0,0,0,37.0054
2,30.71088,0,0,0,0,0,0,0,0,0,0,0,0,40.76023
2,24.72358,0,0,0,0,0,0,0,0,0,0,0,0,34.25457
2,27.72812,0,0,0,0,0,0,0,0,0,0,0,0,31.49667
2,32.02206,0,0,0,0,0,0,0,0,0,0,0,0,31.91903
2,23.18482,0,0,0,0,0,0,0,0,0,0,0,0,32.30788
2,28.89003,0,0,0,0,0,0,0,0,0,0,0,0,35.33076
2,25.18823,0,0,0,0,0,0,0,0,0,0,0,0,31.92934
2,26.03021,0,0,0,0,0,0,0,0,0,0,0,0,32.36337
2,32.22396,0,0,0,0,0,0,0,0,0,0,0,0,35.30453
2,39.87156,0,0,0,0,0,0,0,0,0,0,0,0,41.56168
2,35.72671,0,0,0,0,0,0,0,0,0,0,0,0,35.23563
2,26.71478,0,0,0,0,0,0,0,0,0,0,0,0,35.63586
2,29.77864,0,0,0,0,0,0,0,0,0,0,0,0,32.68665
2,26.61023,0,0,0,0,0,0,0,0,0,0,0,0,32.16526
2,23.5527,0,0,0,0,0,0,0,0,0,0,0,0,32.74746
2,32.23695,0,0,0,0,0,0,0,0,0,0,0,0,32.71385
2,29.66477,0,0,0,0,0,0,0,0,0,0,0,0,35.08647
2,37.79188,0,0,0,0,0,0,0,0,0,0,0,0,40.85197
2,26.13708,0,0,0,0,0,0,0,0,0,0,0,0,30.13676
2,28.27176,0,0,0,0,0,0,0,0,0,0,0,0,33.54008
2,26.18124,0,0,0,0,0,0,0,0,0,0,0,0,35.20498
2,34.47814,0,0,0,0,0,0,0,0,0,0,0,0,33.27123
2,25.84305,0,0,0,0,0,0,0,0,0,0,0,0,35.59665
2,25.69229,0,0,0,0,0,0,0,0,0,0,0,0,35.01837
2,26.10186,0,0,0,0,0,0,0,0,0,0,0,0,37.11843
2,32.32142,0,0,0,0,0,0,0,0,0,0,0,0,31.07819
2,24.76832,0,0,0,0,0,0,0,0,0,0,0,0,31.18241
2,25.0049,0,0,0,0,0,0,0,0,0,0,0,0,28.3532
2,34.6567,0,0,0,0,0,0,0,0,0,0,0,0,32.98865
2,22.75998,0,0,0,0,0,0,0,0,0,0,0,0,28.74445
2,24.46408,0,0,0,0,0,0,0,0,0,0,0,0,30.91962
2,25.55528,0,0,0,0,0,0,0,0,0,0,0,0,34.54597
2,32.92225,0,0,0,0,0,0,0,0,0,0,0,0,39.70368
2,31.1719,0,0,0,0,0,0,0,0,0,0,0,0,34.4383
2,31.73627,0,0,0,0,0,0,0,0,0,0,0,0,30.07425
2,19.45408,0,0,0,0,0,0,0,0,0,0,0,0,30.32096
2,36.97416,0,0,0,0,0,0,0,0,0,0,0,0,46.43451
2,25.09958,0,0,0,0,0,0,0,0,0,0,0,0,35.36097
2,25.86716,0,0,0,0,0,0,0,0,0,0,0,0,29.06511
2,32.03539,0,0,0,0,0,0,0,0,0,0,0,0,39.42834
2,30.35622,0,0,0,0,0,0,0,0,0,0,0,0,33.90221
2,33.7373,0,0,0,0,0,0,0,0,0,0,0,0,35.01912
2,31.49405,0,0,0,0,0,0,0,0,0,0,0,0,35.29197
2,29.4698,0,0,0,0,0,0,0,0,0,0,0,0,29.82048
2,31.23331,0,0,0,0,0,0,0,0,0,0,0,0,38.61334
2,32.0854,0,0,0,0,0,0,0,0,0,0,0,0,35.61831
2,24.87807,0,0,0,0,0,0,0,0,0,0,0,0,31.91226
2,27.36059,0,0,0,0,0,0,0,0,0,0,0,0,31.58973
2,31.4066,0,0,0,0,0,0,0,0,0,0,0,0,41.00491
2,28.84385,0,0,0,0,0,0,0,0,0,0,0,0,33.30608
2,25.4448,0,0,0,0,0,0,0,0,0,0,0,0,34.38496
2,27.32499,0,0,0,0,0,0,0,0,0,0,0,0,34.50239
2,29.4141,0,0,0,0,0,0,0,0,0,0,0,0,33.52969
2,32.37684,0,0,0,0,0,0,0,0,0,0,0,0,32.77556
2,22.72647,0,0,0,0,0,0,0,0,0,0,0,0,29.89417
2,27.14098,0,0,0,0,0,0,0,0,0,0,0,0,29.72354
2,26.10063,0,0,0,0,0,0,0,0,0,0,0,0,30.75371
2,26.16179,0,0,0,0,0,0,0,0,0,0,0,0,32.63833
2,31.93789,0,0,0,0,0,0,0,0,0,0,0,0,33.1187
2,32.44152,0,0,0,0,0,0,0,0,0,0,0,0,37.15932
2,30.78048,0,0,0,0,0,0,0,0,0,0,0,0,33.32062
2,32.34054,0,0,0,0,0,0,0,0,0,0,0,0,32.02328
2,25.8011,0,0,0,0,0,0,0,0,0,0,0,0,32.05121
2,27.64663,0,0,0,0,0,0,0,0,0,0,0,0,31.66202
2,32.9269,0,0,0,0,0,0,0,0,0,0,0,0,34.20531
2,28.42527,0,0,0,0,0,0,0,0,0,0,0,0,34.97973
2,26.08479,0,0,0,0,0,0,0,0,0,0,0,0,36.49392
2,20.87491,0,0,0,0,0,0,0,0,0,0,0,0,29.6448
2,26.67975,0,0,0,0,0,0,0,0,0,0,0,0,34.58526
2,31.57852,0,0,0,0,0,0,0,0,0,0,0,0,40.11663
2,26.05685,0,0,0,0,0,0,0,0,0,0,0,0,29.83976
2,21.56428,0,0,0,0,0,0,0,0,0,0,0,0,32.3238
2,27.62643,0,0,0,0,0,0,0,0,0,0,0,0,30.32764
2,28.75641,0,0,0,0,0,0,0,0,0,0,0,0,31.53148
2,26.43298,0,0,0,0,0,0,0,0,0,0,0,0,31.6736
2,29.86203,0,0,0,0,0,0,0,0,0,0,0,0,29.08625
2,25.39225,0,0,0,0,0,0,0,0,0,0,0,0,34.06312
2,35.29162,0,0,0,0,0,0,0,0,0,0,0,0,38.29515
2,33.1032,0,0,0,0,0,0,0,0,0,0,0,0,43.39695
2,30.83992,0,0,0,0,0,0,0,0,0,0,0,0,33.02113
2,31.65519,0,0,0,0,0,0,0,0,0,0,0,0,38.40476
2,31.25134,0,0,0,0,0,0,0,0,0,0,0,0,37.42033
2,32.79132,0,0,0,0,0,0,0,0,0,0,0,0,37.62408
2,23.88568,0,0,0,0,0,0,0,0,0,0,0,0,35.54018
2,32.96721,0,0,0,0,0,0,0,0,0,0,0,0,39.75852
2,20.12768,0,0,0,0,0,0,0,0,0,0,0,0,31.41853
2,23.37756,0,0,0,0,0,0,0,0,0,0,0,0,31.54089
2,23.47272,0,0,0,0,0,0,0,0,0,0,0,0,33.28688
2,38.01945,0,0,0,0,0,0,0,0,0,0,0,0,47.41718
2,30.16534,0,0,0,0,0,0,0,0,0,0,0,0,34.83495
2,28.07176,0,0,0,0,0,0,0,0,0,0,0,0,33.0647
2,30.00872,0,0,0,0,0,0,0,0,0,0,0,0,36.56764
2,35.83189,0,0,0,0,0,0,0,0,0,0,0,0,37.74644
2,29.84004,0,0,0,0,0,0,0,0,0,0,0,0,36.12495
2,30.27286,0,0,0,0,0,0,0,0,0,0,0,0,34.46444
2,18.97447,0,0,0,0,0,0,0,0,0,0,0,0,31.50882
2,27.9833,0,0,0,0,0,0,0,0,0,0,0,0,40.48011
2,29.6856,0,0,0,0,0,0,0,0,0,0,0,0,36.46645
2,28.54713,0,0,0,0,0,0,0,0,0,0,0,0,35.34719
2,25.09322,0,0,0,0,0,0,0,0,0,0,0,0,33.11909
2,20.9227,0,0,0,0,0,0,0,0,0,0,0,0,34.2034
2,33.76379,0,0,0,0,0,0,0,0,0,0,0,0,37.91654
2,25.14874,0,0,0,0,0,0,0,0,0,0,0,0,34.37672
2,27.97924,0,0,0,0,0,0,0,0,0,0,0,0,31.45111
2,32.16867,0,0,0,0,0,0,0,0,0,0,0,0,34.80872
2,29.79155,0,0,0,0,0,0,0,0,0,0,0,0,36.03903
2,28.09836,0,0,0,0,0,0,0,0,0,0,0,0,33.37617
2,26.27723,0,0,0,0,0,0,0,0,0,0,0,0,35.25889
2,22.0886,0,0,0,0,0,0,0,0,0,0,0,0,28.94686
2,28.35313,0,0,0,0,0,0,0,0,0,0,0,0,34.73534
2,27.27142,0,0,0,0,0,0,0,0,0,0,0,0,33.5622
2,32.61061,0,0,0,0,0,0,0,0,0,0,0,0,31.60003
2,28.61229,0,0,0,0,0,0,0,0,0,0,0,0,37.26077
2,27.17106,0,0,0,0,0,0,0,0,0,0,0,0,30.75802
2,32.01519,0,0,0,0,0,0,0,0,0,0,0,0,44.81891
2,30.49148,0,0,0,0,0,0,0,0,0,0,0,0,33.03771
2,23.06698,0,0,0,0,0,0,0,0,0,0,0,0,31.60744
2,28.09292,0,0,0,0,0,0,0,0,0,0,0,0,33.08216
2,28.04978,0,0,0,0,0,0,0,0,0,0,0,0,32.55054
2,25.60237,0,0,0,0,0,0,0,0,0,0,0,0,29.45588
2,27.44092,0,0,0,0,0,0,0,0,0,0,0,0,33.49922
2,32.20937,0,0,0,0,0,0,0,0,0,0,0,0,44.39151
2,26.23527,0,0,0,0,0,0,0,0,0,0,0,0,33.01261
2,30.20213,0,0,0,0,0,0,0,0,0,0,0,0,34.82516
2,23.61032,0,0,0,0,0,0,0,0,0,0,0,0,31.72335
2,30.74869,0,0,0,0,0,0,0,0,0,0,0,0,32.40423
2,34.7028,0,0,0,0,0,0,0,0,0,0,0,0,36.25454
2,26.60316,0,0,0,0,0,0,0,0,0,0,0,0,41.72412
2,26.86228,0,0,0,0,0,0,0,0,0,0,0,0,30.26051
2,25.10268,0,0,0,0,0,0,0,0,0,0,0,0,29.77904
2,39.12159,0,0,0,0,0,0,0,0,0,0,0,0,38.57684
2,29.33623,0,0,0,0,0,0,0,0,0,0,0,0,36.1246
2,28.57169,0,0,0,0,0,0,0,0,0,0,0,0,37.42863
2,21.11818,0,0,0,0,0,0,0,0,0,0,0,0,30.24998
2,33.44907,0,0,0,0,0,0,0,0,0,0,0,0,35.82427
2,24.82456,0,0,0,0,0,0,0,0,0,0,0,0,30.98162
2,24.62544,0,0,0,0,0,0,0,0,0,0,0,0,32.20918
2,30.23198,0,0,0,0,0,0,0,0,0,0,0,0,33.83604
2,19.31465,0,0,0,0,0,0,0,0,0,0,0,0,46.46613
2,34.48573,0,0,0,0,0,0,0,0,0,0,0,0,46.75405
2,27.11223,0,0,0,0,0,0,0,0,0,0,0,0,27.76481
2,26.52492,0,0,0,0,0,0,0,0,0,0,0,0,44.71976
2,28.65469,0,0,0,0,0,0,0,0,0,0,0,0,32.59446
2,17.15118,0,0,0,0,0,0,0,0,0,0,0,0,26.0159
2,24.70854,0,0,0,0,0,0,0,0,0,0,0,0,34.26598
2,31.31763,0,0,0,0,0,0,0,0,0,0,0,0,36.17545
2,29.61326,0,0,0,0,0,0,0,0,0,0,0,0,31.72842
2,26.31133,0,0,0,0,0,0,0,0,0,0,0,0,32.78571
2,29.77475,0,0,0,0,0,0,0,0,0,0,0,0,35.27677
2,25.50902,0,0,0,0,0,0,0,0,0,0,0,0,32.15536
2,31.09652,0,0,0,0,0,0,0,0,0,0,0,0,33.3206
2,26.78315,0,0,0,0,0,0,0,0,0,0,0,0,37.35737
2,26.14568,0,0,0,0,0,0,0,0,0,0,0,0,32.23998
2,29.52426,0,0,0,0,0,0,0,0,0,0,0,0,35.48904
2,28.9076,0,0,0,0,0,0,0,0,0,0,0,0,35.50535
2,36.97073,0,0,0,0,0,0,0,0,0,0,0,0,41.2411
2,27.57504,0,0,0,0,0,0,0,0,0,0,0,0,37.52734
2,24.24524,0,0,0,0,0,0,0,0,0,0,0,0,27.95378
2,19.67793,0,0,0,0,0,0,0,0,0,0,0,0,24.12972
2,23.20462,0,0,0,0,0,0,0,0,0,0,0,0,31.45672
2,31.57549,0,0,0,0,0,0,0,0,0,0,0,0,34.81969
2,22.68989,0,0,0,0,0,0,0,0,0,0,0,0,28.06336
2,23.76084,0,0,0,0,0,0,0,0,0,0,0,0,27.63911
2,34.97612,0,0,0,0,0,0,0,0,0,0,0,0,35.9499
2,27.2214,0,0,0,0,0,0,0,0,0,0,0,0,32.02742
2,21.62945,0,0,0,0,0,0,0,0,0,0,0,0,30.34646
2,32.636,0,0,0,0,0,0,0,0,0,0,0,0,38.47264
2,22.20444,0,0,0,0,0,0,0,0,0,0,0,0,31.66398
2,32.69253,0,0,0,0,0,0,0,0,0,0,0,0,34.90172
2,26.54103,0,0,0,0,0,0,0,0,0,0,0,0,32.56151
2,31.7277,0,0,0,0,0,0,0,0,0,0,0,0,36.07735
2,25.29767,0,0,0,0,0,0,0,0,0,0,0,0,31.53683
2,35.50523,0,0,0,0,0,0,0,0,0,0,0,0,47.79414
2,34.91824,0,0,0,0,0,0,0,0,0,0,0,0,38.06039
2,28.95966,0,0,0,0,0,0,0,0,0,0,0,0,31.45981
2,32.61244,0,0,0,0,0,0,0,0,0,0,0,0,35.94879
2,35.01747,0,0,0,0,0,0,0,0,0,0,0,0,37.2967
2,31.11757,0,0,0,0,0,0,0,0,0,0,0,0,36.76635
2,36.84958,0,0,0,0,0,0,0,0,0,0,0,0,44.14327
2,31.82091,0,0,0,0,0,0,0,0,0,0,0,0,42.65432
2,26.08288,0,0,0,0,0,0,0,0,0,0,0,0,33.74469
2,26.3519,0,0,0,0,0,0,0,0,0,0,0,0,30.21224
2,21.69631,0,0,0,0,0,0,0,0,0,0,0,0,32.26385
2,29.30442,0,0,0,0,0,0,0,0,0,0,0,0,32.05988
2,33.30418,0,0,0,0,0,0,0,0,0,0,0,0,34.16987
2,32.4299,0,0,0,0,0,0,0,0,0,0,0,0,36.68888
2,30.91604,0,0,0,0,0,0,0,0,0,0,0,0,38.15888
2,29.22189,0,0,0,0,0,0,0,0,0,0,0,0,33.6505
2,21.20006,0,0,0,0,0,0,0,0,0,0,0,0,28.39161
2,30.69408,0,0,0,0,0,0,0,0,0,0,0,0,32.17651
2,27.34074,0,0,0,0,0,0,0,0,0,0,0,0,37.0507
2,21.87205,0,0,0,0,0,0,0,0,0,0,0,0,31.6976
2,30.91954,0,0,0,0,0,0,0,0,0,0,0,0,32.96347
2,29.60286,0,0,0,0,0,0,0,0,0,0,0,0,38.57198
2,33.07086,0,0,0,0,0,0,0,0,0,0,0,0,36.3883
2,30.02375,0,0,0,0,0,0,0,0,0,0,0,0,35.97068
2,27.65504,0,0,0,0,0,0,0,0,0,0,0,0,33.24555
2,32.21777,0,0,0,0,0,0,0,0,0,0,0,0,47.55717
2,24.82807,0,0,0,0,0,0,0,0,0,0,0,0,33.1391
2,24.32277,0,0,0,0,0,0,0,0,0,0,0,0,30.99077
2,28.79023,0,0,0,0,0,0,0,0,0,0,0,0,41.14756
2,30.29649,0,0,0,0,0,0,0,0,0,0,0,0,33.74255
2,28.2534,0,0,0,0,0,0,0,0,0,0,0,0,35.47246
2,37.12854,0,0,0,0,0,0,0,0,0,0,0,0,36.69893
2,33.96871,0,0,0,0,0,0,0,0,0,0,0,0,36.92873
2,28.19646,0,0,0,0,0,0,0,0,0,0,0,0,46.16529
2,37.76246,0,0,0,0,0,0,0,0,0,0,0,0,41.25398
2,29.64442,0,0,0,0,0,0,0,0,0,0,0,0,35.61529
2,35.35266,0,0,0,0,0,0,0,0,0,0,0,0,35.82378
2,31.30305,0,0,0,0,0,0,0,0,0,0,0,0,39.45392
2,23.47539,0,0,0,0,0,0,0,0,0,0,0,0,32.77089
2,24.30082,0,0,0,0,0,0,0,0,0,0,0,0,29.489
2,27.82496,0,0,0,0,0,0,0,0,0,0,0,0,32.42758
2,24.09093,0,0,0,0,0,0,0,0,0,0,0,0,32.72692
2,29.12552,0,0,0,0,0,0,0,0,0,0,0,0,34.34003
2,33.32259,0,0,0,0,0,0,0,0,0,0,0,0,42.0486
2,33.41372,0,0,0,0,0,0,0,0,0,0,0,0,32.77058
2,23.63766,0,0,0,0,0,0,0,0,0,0,0,0,38.71153
2,33.19785,0,0,0,0,0,0,0,0,0,0,0,0,34.81947
2,33.01252,0,0,0,0,0,0,0,0,0,0,0,0,42.12103
2,29.77054,0,0,0,0,0,0,0,0,0,0,0,0,47.66421
2,34.98216,0,0,0,0,0,0,0,0,0,0,0,0,31.937
2,30.54965,0,0,0,0,0,0,0,0,0,0,0,0,47.69075
2,31.34375,0,0,0,0,0,0,0,0,0,0,0,0,41.07693
2,28.84752,0,0,0,0,0,0,0,0,0,0,0,0,31.58795
2,29.21952,0,0,0,0,0,0,0,0,0,0,0,0,33.73816
2,26.11497,0,0,0,0,0,0,0,0,0,0,0,0,31.09406
2,33.14169,0,0,0,0,0,0,0,0,0,0,0,0,33.59688
2,29.09411,0,0,0,0,0,0,0,0,0,0,0,0,47.62037
2,24.42538,0,0,0,0,0,0,0,0,0,0,0,0,27.52296
2,35.55273,0,0,0,0,0,0,0,0,0,0,0,0,38.56282
2,25.61953,0,0,0,0,0,0,0,0,0,0,0,0,32.56209
2,26.32754,0,0,0,0,0,0,0,0,0,0,0,0,37.22412
2,28.7571,0,0,0,0,0,0,0,0,0,0,0,0,34.68621
2,27.46296,0,0,0,0,0,0,0,0,0,0,0,0,35.82261
2,27.46005,0,0,0,0,0,0,0,0,0,0,0,0,33.94952
2,32.32484,0,0,0,0,0,0,0,0,0,0,0,0,46.56214
2,32.72582,0,0,0,0,0,0,0,0,0,0,0,0,35.85327
2,25.79669,0,0,0,0,0,0,0,0,0,0,0,0,32.35337
2,29.27297,0,0,0,0,0,0,0,0,0,0,0,0,33.48049
2,33.09912,0,0,0,0,0,0,0,0,0,0,0,0,45.14573
2,25.75268,0,0,0,0,0,0,0,0,0,0,0,0,33.42139
2,22.93847,0,0,0,0,0,0,0,0,0,0,0,0,29.47095
2,28.80297,0,0,0,0,0,0,0,0,0,0,0,0,36.21666
2,30.65999,0,0,0,0,0,0,0,0,0,0,0,0,34.73533
2,28.45295,0,0,0,0,0,0,0,0,0,0,0,0,33.28071
2,23.58108,0,0,0,0,0,0,0,0,0,0,0,0,34.21258
2,30.74267,0,0,0,0,0,0,0,0,0,0,0,0,32.75806
2,30.7556,0,0,0,0,0,0,0,0,0,0,0,0,35.63681
2,28.00967,0,0,0,0,0,0,0,0,0,0,0,0,34.07849
2,25.73672,0,0,0,0,0,0,0,0,0,0,0,0,28.61628
2,28.08307,0,0,0,0,0,0,0,0,0,0,0,0,32.11075
2,31.63412,0,0,0,0,0,0,0,0,0,0,0,0,42.03177
2,25.95694,0,0,0,0,0,0,0,0,0,0,0,0,33.18903
2,31.44072,0,0,0,0,0,0,0,0,0,0,0,0,47.4302
2,28.54097,0,0,0,0,0,0,0,0,0,0,0,0,45.53869
2,29.51185,0,0,0,0,0,0,0,0,0,0,0,0,32.50538
2,22.92209,0,0,0,0,0,0,0,0,0,0,0,0,33.30482
2,30.5976,0,0,0,0,0,0,0,0,0,0,0,0,36.89566
2,35.94088,0,0,0,0,0,0,0,0,0,0,0,0,48.65595
2,38.28956,0,0,0,0,0,0,0,0,0,0,0,0,39.26551
2,35.39359,0,0,0,0,0,0,0,0,0,0,0,0,37.95407
2,31.97402,0,0,0,0,0,0,0,0,0,0,0,0,37.09855
2,23.11476,0,0,0,0,0,0,0,0,0,0,0,0,33.37185
2,30.48326,0,0,0,0,0,0,0,0,0,0,0,0,39.30632
2,26.85173,0,0,0,0,0,0,0,0,0,0,0,0,44.88037
2,25.94747,0,0,0,0,0,0,0,0,0,0,0,0,33.42191
2,30.58076,0,0,0,0,0,0,0,0,0,0,0,0,33.05816
2,31.24279,0,0,0,0,0,0,0,0,0,0,0,0,36.54034
2,27.10771,0,0,0,0,0,0,0,0,0,0,0,0,33.07755
2,29.93879,0,0,0,0,0,0,0,0,0,0,0,0,30.95909
2,26.20547,0,0,0,0,0,0,0,0,0,0,0,0,32.03257
2,26.83971,0,0,0,0,0,0,0,0,0,0,0,0,35.33329
2,38.4894,0,0,0,0,0,0,0,0,0,0,0,0,47.1284
2,31.0832,0,0,0,0,0,0,0,0,0,0,0,0,46.49763
2,28.07648,0,0,0,0,0,0,0,0,0,0,0,0,30.9395
2,33.00004,0,0,0,0,0,0,0,0,0,0,0,0,47.3002
2,25.27458,0,0,0,0,0,0,0,0,0,0,0,0,30.32039
2,39.54408,0,0,0,0,0,0,0,0,0,0,0,0,47.88003
2,24.58172,0,0,0,0,0,0,0,0,0,0,0,0,38.31343
2,28.54483,0,0,0,0,0,0,0,0,0,0,0,0,33.73741
2,37.35601,0,0,0,0,0,0,0,0,0,0,0,0,37.83299
2,33.74092,0,0,0,0,0,0,0,0,0,0,0,0,32.82616
2,36.28835,0,0,0,0,0,0,0,0,0,0,0,0,37.08054
2,38.41013,0,0,0,0,0,0,0,0,0,0,0,0,47.16978
2,30.21169,0,0,0,0,0,0,0,0,0,0,0,0,34.16984
2,27.62551,0,0,0,0,0,0,0,0,0,0,0,0,33.59638
2,36.47964,0,0,0,0,0,0,0,0,0,0,0,0,36.47631
2,28.9269,0,0,0,0,0,0,0,0,0,0,0,0,32.04739
2,31.95804,0,0,0,0,0,0,0,0,0,0,0,0,35.85081
2,36.94122,0,0,0,0,0,0,0,0,0,0,0,0,47.54792
2,25.53109,0,0,0,0,0,0,0,0,0,0,0,0,33.28791
2,27.62139,0,0,0,0,0,0,0,0,0,0,0,0,45.07565
2,28.83261,0,0,0,0,0,0,0,0,0,0,0,0,37.03043
2,29.39971,0,0,0,0,0,0,0,0,0,0,0,0,43.23248
2,31.02157,0,0,0,0,0,0,0,0,0,0,0,0,34.26733
2,29.50578,0,0,0,0,0,0,0,0,0,0,0,0,34.03653
2,27.90267,0,0,0,0,0,0,0,0,0,0,0,0,32.02921
2,35.92247,0,0,0,0,0,0,0,0,0,0,0,0,38.40003
2,29.63814,0,0,0,0,0,0,0,0,0,0,0,0,40.10974
2,27.25422,0,0,0,0,0,0,0,0,0,0,0,0,47.55032
2,30.82276,0,0,0,0,0,0,0,0,0,0,0,0,34.71447
2,34.5354,0,0,0,0,0,0,0,0,0,0,0,0,38.37042
2,32.0585,0,0,0,0,0,0,0,0,0,0,0,0,37.77581
2,31.5804,0,0,0,0,0,0,0,0,0,0,0,0,41.44585
2,34.50991,0,0,0,0,0,0,0,0,0,0,0,0,37.04976
2,30.29275,0,0,0,0,0,0,0,0,0,0,0,0,34.49876
2,25.31182,0,0,0,0,0,0,0,0,0,0,0,0,32.74819
2,26.95271,0,0,0,0,0,0,0,0,0,0,0,0,33.0147
2,38.7617,0,0,0,0,0,0,0,0,0,0,0,0,44.75482
2,31.09455,0,0,0,0,0,0,0,0,0,0,0,0,34.97689
2,25.31553,0,0,0,0,0,0,0,0,0,0,0,0,32.3851
2,31.54923,0,0,0,0,0,0,0,0,0,0,0,0,46.6254
2,25.06981,0,0,0,0,0,0,0,0,0,0,0,0,32.62279
2,26.64631,0,0,0,0,0,0,0,0,0,0,0,0,34.20396
2,33.75951,0,0,0,0,0,0,0,0,0,0,0,0,43.84801
2,22.12962,0,0,0,0,0,0,0,0,0,0,0,0,28.32887
2,26.84438,0,0,0,0,0,0,0,0,0,0,0,0,47.08628
2,30.95706,0,0,0,0,0,0,0,0,0,0,0,0,37.3916
2,36.84168,0,0,0,0,0,0,0,0,0,0,0,0,43.2523
2,25.64037,0,0,0,0,0,0,0,0,0,0,0,0,33.779
2,31.32502,0,0,0,0,0,0,0,0,0,0,0,0,41.36917
2,31.82139,0,0,0,0,0,0,0,0,0,0,0,0,44.49827
2,34.33492,0,0,0,0,0,0,0,0,0,0,0,0,35.71183
2,35.63903,0,0,0,0,0,0,0,0,0,0,0,0,43.5516
2,28.93191,0,0,0,0,0,0,0,0,0,0,0,0,35.2109
2,31.1885,0,0,0,0,0,0,0,0,0,0,0,0,36.39891
2,34.51659,0,0,0,0,0,0,0,0,0,0,0,0,39.42767
2,34.04284,0,0,0,0,0,0,0,0,0,0,0,0,36.13151
2,24.80374,0,0,0,0,0,0,0,0,0,0,0,0,44.29428
2,30.47228,0,0,0,0,0,0,0,0,0,0,0,0,33.88913
2,36.04532,0,0,0,0,0,0,0,0,0,0,0,0,47.52548
2,33.19809,0,0,0,0,0,0,0,0,0,0,0,0,37.43839
2,21.65254,0,0,0,0,0,0,0,0,0,0,0,0,33.45449
2,31.21857,0,0,0,0,0,0,0,0,0,0,0,0,33.73982
2,24.28522,0,0,0,0,0,0,0,0,0,0,0,0,34.05563
2,33.53115,0,0,0,0,0,0,0,0,0,0,0,0,32.33573
2,29.97661,0,0,0,0,0,0,0,0,0,0,0,0,37.81503
2,34.09695,0,0,0,0,0,0,0,0,0,0,0,0,42.06263
2,29.5578,0,0,0,0,0,0,0,0,0,0,0,0,36.39709
2,30.21044,0,0,0,0,0,0,0,0,0,0,0,0,45.11657
2,25.95944,0,0,0,0,0,0,0,0,0,0,0,0,31.22634
2,26.38044,0,0,0,0,0,0,0,0,0,0,0,0,32.82206
2,29.01777,0,0,0,0,0,0,0,0,0,0,0,0,35.22319
2,28.39538,0,0,0,0,0,0,0,0,0,0,0,0,33.27559
2,31.35425,0,0,0,0,0,0,0,0,0,0,0,0,36.70937
2,31.64272,0,0,0,0,0,0,0,0,0,0,0,0,34.94655
2,37.9032,0,0,0,0,0,0,0,0,0,0,0,0,40.31243
2,27.78432,0,0,0,0,0,0,0,0,0,0,0,0,34.49059
2,34.23658,0,0,0,0,0,0,0,0,0,0,0,0,42.10104
2,31.79318,0,0,0,0,0,0,0,0,0,0,0,0,47.40206
2,30.67135,0,0,0,0,0,0,0,0,0,0,0,0,37.99096
2,31.29663,0,0,0,0,0,0,0,0,0,0,0,0,36.14794
2,29.68057,0,0,0,0,0,0,0,0,0,0,0,0,36.33986
2,26.95442,0,0,0,0,0,0,0,0,0,0,0,0,39.36991
2,38.61709,0,0,0,0,0,0,0,0,0,0,0,0,48.3552
2,24.42126,0,0,0,0,0,0,0,0,0,0,0,0,35.69958
2,38.36697,0,0,0,0,0,0,0,0,0,0,0,0,42.51394
2,30.54547,0,0,0,0,0,0,0,0,0,0,0,0,48.60905
2,35.73732,0,0,0,0,0,0,0,0,0,0,0,0,39.1607
2,27.37698,0,0,0,0,0,0,0,0,0,0,0,0,34.3607
2,32.15463,0,0,0,0,0,0,0,0,0,0,0,0,38.13735
2,32.03263,0,0,0,0,0,0,0,0,0,0,0,0,37.76829
2,31.22525,0,0,0,0,0,0,0,0,0,0,0,0,35.18611
2,33.08657,0,0,0,0,0,0,0,0,0,0,0,0,45.81062
2,34.67345,0,0,0,0,0,0,0,0,0,0,0,0,33.45354
2,30.55827,0,0,0,0,0,0,0,0,0,0,0,0,36.33904
2,30.40278,0,0,0,0,0,0,0,0,0,0,0,0,31.3611
2,27.57996,0,0,0,0,0,0,0,0,0,0,0,0,36.65186
2,30.0435,0,0,0,0,0,0,0,0,0,0,0,0,41.31177
2,31.0007,0,0,0,0,0,0,0,0,0,0,0,0,38.25803
2,36.42288,0,0,0,0,0,0,0,0,0,0,0,0,38.07902
2,37.56696,0,0,0,0,0,0,0,0,0,0,0,0,40.72409
2,32.02074,0,0,0,0,0,0,0,0,0,0,0,0,44.70088
2,38.38137,0,0,0,0,0,0,0,0,0,0,0,0,39.98128
2,35.76708,0,0,0,0,0,0,0,0,0,0,0,0,36.37167
2,31.38161,0,0,0,0,0,0,0,0,0,0,0,0,37.69022
2,29.56842,0,0,0,0,0,0,0,0,0,0,0,0,36.29607
2,26.31483,0,0,0,0,0,0,0,0,0,0,0,0,29.33118
2,29.55914,0,0,0,0,0,0,0,0,0,0,0,0,36.55038
2,33.6608,0,0,0,0,0,0,0,0,0,0,0,0,38.86615
2,22.29814,0,0,0,0,0,0,0,0,0,0,0,0,48.28382
2,35.06884,0,0,0,0,0,0,0,0,0,0,0,0,45.93846
2,31.61271,0,0,0,0,0,0,0,0,0,0,0,0,37.21018
2,29.3499,0,0,0,0,0,0,0,0,0,0,0,0,36.61292
2,25.84091,0,0,0,0,0,0,0,0,0,0,0,0,41.49254
2,30.94409,0,0,0,0,0,0,0,0,0,0,0,0,36.79172
2,29.12823,0,0,0,0,0,0,0,0,0,0,0,0,35.41054
2,27.71626,0,0,0,0,0,0,0,0,0,0,0,0,33.59641
2,36.02803,0,0,0,0,0,0,0,0,0,0,0,0,40.89462
2,36.77078,0,0,0,0,0,0,0,0,0,0,0,0,47.05352
2,33.05769,0,0,0,0,0,0,0,0,0,0,0,0,44.34513
2,32.26988,0,0,0,0,0,0,0,0,0,0,0,0,45.93185
2,27.7668,0,0,0,0,0,0,0,0,0,0,0,0,34.67354
2,32.33004,0,0,0,0,0,0,0,0,0,0,0,0,39.90532
2,31.63557,0,0,0,0,0,0,0,0,0,0,0,0,48.19939
2,33.07455,0,0,0,0,0,0,0,0,0,0,0,0,36.88639
2,28.98852,0,0,0,0,0,0,0,0,0,0,0,0,47.34739
2,35.77829,0,0,0,0,0,0,0,0,0,0,0,0,44.26382
2,35.48141,0,0,0,0,0,0,0,0,0,0,0,0,45.09083
2,32.63548,0,0,0,0,0,0,0,0,0,0,0,0,40.60173
2,25.56105,0,0,0,0,0,0,0,0,0,0,0,0,34.64908
2,33.73212,0,0,0,0,0,0,0,0,0,0,0,0,36.89013
2,30.76644,0,0,0,0,0,0,0,0,0,0,0,0,34.25344
2,24.22366,0,0,0,0,0,0,0,0,0,0,0,0,34.74384
2,34.35189,0,0,0,0,0,0,0,0,0,0,0,0,44.54894
2,36.17062,0,0,0,0,0,0,0,0,0,0,0,0,43.98045
2,34.89885,0,0,0,0,0,0,0,0,0,0,0,0,47.29592
2,34.76259,0,0,0,0,0,0,0,0,0,0,0,0,36.90047
2,35.87695,0,0,0,0,0,0,0,0,0,0,0,0,37.91584
2,28.09234,0,0,0,0,0,0,0,0,0,0,0,0,32.75128
2,33.39733,0,0,0,0,0,0,0,0,0,0,0,0,37.7848
2,30.61101,0,0,0,0,0,0,0,0,0,0,0,0,42.16999
2,25.66796,0,0,0,0,0,0,0,0,0,0,0,0,34.38126
2,33.47094,0,0,0,0,0,0,0,0,0,0,0,0,44.14416
2,35.95494,0,0,0,0,0,0,0,0,0,0,0,0,36.95294
2,23.58461,0,0,0,0,0,0,0,0,0,0,0,0,29.33957
2,28.71479,0,0,0,0,0,0,0,0,0,0,0,0,36.28799
2,26.9391,0,0,0,0,0,0,0,0,0,0,0,0,33.16794
2,37.7562,0,0,0,0,0,0,0,0,0,0,0,0,40.46399
2,35.07941,0,0,0,0,0,0,0,0,0,0,0,0,38.81379
2,31.0887,0,0,0,0,0,0,0,0,0,0,0,0,36.52784
2,31.50595,0,0,0,0,0,0,0,0,0,0,0,0,41.50563
2,32.72974,0,0,0,0,0,0,0,0,0,0,0,0,37.96228
2,37.56325,0,0,0,0,0,0,0,0,0,0,0,0,42.94835
2,36.57055,0,0,0,0,0,0,0,0,0,0,0,0,47.55032
2,29.42111,0,0,0,0,0,0,0,0,0,0,0,0,34.31894
2,37.15868,0,0,0,0,0,0,0,0,0,0,0,0,46.63776
2,30.48673,0,0,0,0,0,0,0,0,0,0,0,0,36.0316
2,30.51934,0,0,0,0,0,0,0,0,0,0,0,0,36.66864
2,36.03479,0,0,0,0,0,0,0,0,0,0,0,0,44.80464
2,21.71605,0,0,0,0,0,0,0,0,0,0,0,0,25.04162
2,34.10855,0,0,0,0,0,0,0,0,0,0,0,0,36.33257
2,22.94362,0,0,0,0,0,0,0,0,0,0,0,0,36.74534
2,34.45971,0,0,0,0,0,0,0,0,0,0,0,0,46.74489
2,34.82981,0,0,0,0,0,0,0,0,0,0,0,0,39.3351
2,31.69407,0,0,0,0,0,0,0,0,0,0,0,0,37.88243
2,37.25267,0,0,0,0,0,0,0,0,0,0,0,0,43.52853
2,30.47014,0,0,0,0,0,0,0,0,0,0,0,0,47.75783
2,18.33047,0,0,0,0,0,0,0,0,0,0,0,0,43.40697
2,21.01228,0,0,0,0,0,0,0,0,0,0,0,0,35.91176
2,34.84449,0,0,0,0,0,0,0,0,0,0,0,0,37.54857
2,26.04988,0,0,0,0,0,0,0,0,0,0,0,0,33.49554
2,31.13918,0,0,0,0,0,0,0,0,0,0,0,0,36.84633
2,28.32449,0,0,0,0,0,0,0,0,0,0,0,0,33.01282
2,29.58153,0,0,0,0,0,0,0,0,0,0,0,0,36.2306
2,23.09951,0,0,0,0,0,0,0,0,0,0,0,0,36.93067
2,26.59228,0,0,0,0,0,0,0,0,0,0,0,0,38.47956
2,30.82192,0,0,0,0,0,0,0,0,0,0,0,0,34.49629
2,25.88923,0,0,0,0,0,0,0,0,0,0,0,0,36.03964
2,32.90151,0,0,0,0,0,0,0,0,0,0,0,0,44.32281
2,22.58415,0,0,0,0,0,0,0,0,0,0,0,0,46.9314
2,27.90472,0,0,0,0,0,0,0,0,0,0,0,0,35.5678
2,25.48216,0,0,0,0,0,0,0,0,0,0,0,0,36.43423
2,21.53206,0,0,0,0,0,0,0,0,0,0,0,0,33.20483
2,37.95779,0,0,0,0,0,0,0,0,0,0,0,0,41.9407
2,31.77092,0,0,0,0,0,0,0,0,0,0,0,0,31.50873
2,34.6072,0,0,0,0,0,0,0,0,0,0,0,0,42.12198
2,32.65014,0,0,0,0,0,0,0,0,0,0,0,0,37.90851
2,34.33022,0,0,0,0,0,0,0,0,0,0,0,0,39.1453
2,34.12658,0,0,0,0,0,0,0,0,0,0,0,0,39.79857
2,38.08091,0,0,0,0,0,0,0,0,0,0,0,0,39.51752
2,27.77193,0,0,0,0,0,0,0,0,0,0,0,0,32.86504
2,27.56255,0,0,0,0,0,0,0,0,0,0,0,0,35.9543
2,26.24476,0,0,0,0,0,0,0,0,0,0,0,0,30.36595
2,36.33577,0,0,0,0,0,0,0,0,0,0,0,0,48.43854
2,31.76253,0,0,0,0,0,0,0,0,0,0,0,0,34.21646
2,37.32824,0,0,0,0,0,0,0,0,0,0,0,0,40.68769
2,31.94109,0,0,0,0,0,0,0,0,0,0,0,0,39.3719
2,31.16404,0,0,0,0,0,0,0,0,0,0,0,0,36.09946
2,27.17083,0,0,0,0,0,0,0,0,0,0,0,0,46.90298
2,26.93855,0,0,0,0,0,0,0,0,0,0,0,0,47.39853
2,36.78388,0,0,0,0,0,0,0,0,0,0,0,0,43.83582
2,29.75883,0,0,0,0,0,0,0,0,0,0,0,0,36.30418
2,32.14993,0,0,0,0,0,0,0,0,0,0,0,0,47.80793
2,36.28435,0,0,0,0,0,0,0,0,0,0,0,0,40.61057
2,36.04994,0,0,0,0,0,0,0,0,0,0,0,0,35.1404
2,32.35366,0,0,0,0,0,0,0,0,0,0,0,0,42.76229
2,32.57911,0,0,0,0,0,0,0,0,0,0,0,0,45.90704
2,37.54692,0,0,0,0,0,0,0,0,0,0,0,0,43.55635
2,33.40766,0,0,0,0,0,0,0,0,0,0,0,0,36.87392
2,34.50415,0,0,0,0,0,0,0,0,0,0,0,0,42.28907
2,34.12875,0,0,0,0,0,0,0,0,0,0,0,0,36.05394
2,40.51184,0,0,0,0,0,0,0,0,0,0,0,0,45.04834
2,31.67686,0,0,0,0,0,0,0,0,0,0,0,0,36.97321
2,27.60866,0,0,0,0,0,0,0,0,0,0,0,0,37.83606
2,34.43494,0,0,0,0,0,0,0,0,0,0,0,0,36.88055
2,25.16158,0,0,0,0,0,0,0,0,0,0,0,0,29.52334
2,31.2261,0,0,0,0,0,0,0,0,0,0,0,0,46.87969
2,30.29788,0,0,0,0,0,0,0,0,0,0,0,0,38.7939
2,31.4201,0,0,0,0,0,0,0,0,0,0,0,0,38.54151
2,25.60483,0,0,0,0,0,0,0,0,0,0,0,0,37.01054
2,29.35846,0,0,0,0,0,0,0,0,0,0,0,0,37.23611
2,30.05638,0,0,0,0,0,0,0,0,0,0,0,0,35.19946
2,34.03687,0,0,0,0,0,0,0,0,0,0,0,0,43.09519
2,36.10133,0,0,0,0,0,0,0,0,0,0,0,0,41.07359
2,37.51982,0,0,0,0,0,0,0,0,0,0,0,0,45.84193
2,32.58171,0,0,0,0,0,0,0,0,0,0,0,0,34.04682
2,25.51201,0,0,0,0,0,0,0,0,0,0,0,0,36.59925
2,26.44757,0,0,0,0,0,0,0,0,0,0,0,0,30.32009
2,33.5344,0,0,0,0,0,0,0,0,0,0,0,0,37.62014
2,32.58426,0,0,0,0,0,0,0,0,0,0,0,0,44.02068
2,26.41983,0,0,0,0,0,0,0,0,0,0,0,0,32.50486
2,29.80772,0,0,0,0,0,0,0,0,0,0,0,0,36.93139
2,35.39729,0,0,0,0,0,0,0,0,0,0,0,0,46.63083
2,33.89005,0,0,0,0,0,0,0,0,0,0,0,0,32.65569
2,28.20131,0,0,0,0,0,0,0,0,0,0,0,0,35.30074
2,34.1878,0,0,0,0,0,0,0,0,0,0,0,0,47.45609
2,21.08913,0,0,0,0,0,0,0,0,0,0,0,0,35.43961
2,30.98454,0,0,0,0,0,0,0,0,0,0,0,0,39.55453
2,29.06155,0,0,0,0,0,0,0,0,0,0,0,0,33.09093
2,31.41549,0,0,0,0,0,0,0,0,0,0,0,0,47.26024
2,31.77344,0,0,0,0,0,0,0,0,0,0,0,0,44.42166
2,33.70652,0,0,0,0,0,0,0,0,0,0,0,0,36.73558
2,22.69088,0,0,0,0,0,0,0,0,0,0,0,0,30.92761
2,34.57459,0,0,0,0,0,0,0,0,0,0,0,0,36.82707
2,36.32502,0,0,0,0,0,0,0,0,0,0,0,0,36.252
2,23.8453,0,0,0,0,0,0,0,0,0,0,0,0,33.30056
2,38.71774,0,0,0,0,0,0,0,0,0,0,0,0,43.51624
2,22.26294,0,0,0,0,0,0,0,0,0,0,0,0,34.40826
2,30.51523,0,0,0,0,0,0,0,0,0,0,0,0,35.62751
2,29.41319,0,0,0,0,0,0,0,0,0,0,0,0,34.46211
2,35.58397,0,0,0,0,0,0,0,0,0,0,0,0,36.80609
2,23.49891,0,0,0,0,0,0,0,0,0,0,0,0,29.46508
2,36.95634,0,0,0,0,0,0,0,0,0,0,0,0,43.19024
2,20.62382,0,0,0,0,0,0,0,0,0,0,0,0,28.86255
2,30.42271,0,0,0,0,0,0,0,0,0,0,0,0,40.78328
2,31.36683,0,0,0,0,0,0,0,0,0,0,0,0,46.46675
2,29.39268,0,0,0,0,0,0,0,0,0,0,0,0,36.19333
2,30.61898,0,0,0,0,0,0,0,0,0,0,0,0,36.59045
2,34.01893,0,0,0,0,0,0,0,0,0,0,0,0,40.56199
2,39.44913,0,0,0,0,0,0,0,0,0,0,0,0,47.36911
2,26.63939,0,0,0,0,0,0,0,0,0,0,0,0,36.54016
2,31.10518,0,0,0,0,0,0,0,0,0,0,0,0,40.27115
2,38.45551,0,0,0,0,0,0,0,0,0,0,0,0,39.21358
2,30.1868,0,0,0,0,0,0,0,0,0,0,0,0,35.9757
2,33.70557,0,0,0,0,0,0,0,0,0,0,0,0,33.69111
2,31.42126,0,0,0,0,0,0,0,0,0,0,0,0,36.39404
2,28.72349,0,0,0,0,0,0,0,0,0,0,0,0,31.65202
2,38.84716,0,0,0,0,0,0,0,0,0,0,0,0,46.57563
2,33.54955,0,0,0,0,0,0,0,0,0,0,0,0,37.46212
2,34.63203,0,0,0,0,0,0,0,0,0,0,0,0,47.79528
2,30.14159,0,0,0,0,0,0,0,0,0,0,0,0,35.15602
2,25.12231,0,0,0,0,0,0,0,0,0,0,0,0,46.08107
2,29.67021,0,0,0,0,0,0,0,0,0,0,0,0,35.67807
2,31.17704,0,0,0,0,0,0,0,0,0,0,0,0,33.53018
2,38.43065,0,0,0,0,0,0,0,0,0,0,0,0,40.64973
2,32.18287,0,0,0,0,0,0,0,0,0,0,0,0,47.69847
2,33.49744,0,0,0,0,0,0,0,0,0,0,0,0,43.88013
2,26.28233,0,0,0,0,0,0,0,0,0,0,0,0,45.7562
2,22.80452,0,0,0,0,0,0,0,0,0,0,0,0,30.50365
2,30.75815,0,0,0,0,0,0,0,0,0,0,0,0,35.03891
2,21.67324,0,0,0,0,0,0,0,0,0,0,0,0,29.16922
2,30.08096,0,0,0,0,0,0,0,0,0,0,0,0,35.24247
2,23.01745,0,0,0,0,0,0,0,0,0,0,0,0,35.5006
2,26.15431,0,0,0,0,0,0,0,0,0,0,0,0,37.33307
2,29.05116,0,0,0,0,0,0,0,0,0,0,0,0,34.58708
2,32.367,0,0,0,0,0,0,0,0,0,0,0,0,37.30972
2,30.51284,0,0,0,0,0,0,0,0,0,0,0,0,33.09725
2,25.65878,0,0,0,0,0,0,0,0,0,0,0,0,33.00696
2,25.53501,0,0,0,0,0,0,0,0,0,0,0,0,34.77569
2,28.34483,0,0,0,0,0,0,0,0,0,0,0,0,35.75294
2,34.15366,0,0,0,0,0,0,0,0,0,0,0,0,37.62865
2,37.65651,0,0,0,0,0,0,0,0,0,0,0,0,39.03564
2,27.66699,0,0,0,0,0,0,0,0,0,0,0,0,29.84967
2,32.61401,0,0,0,0,0,0,0,0,0,0,0,0,46.21919
2,29.95039,0,0,0,0,0,0,0,0,0,0,0,0,38.66777
2,19.37996,0,0,0,0,0,0,0,0,0,0,0,0,27.77816
2,38.07492,0,0,0,0,0,0,0,0,0,0,0,0,44.37156
2,22.02981,0,0,0,0,0,0,0,0,0,0,0,0,31.48072
2,34.02744,0,0,0,0,0,0,0,0,0,0,0,0,39.20844
2,28.97874,0,0,0,0,0,0,0,0,0,0,0,0,33.71933
2,22.929,0,0,0,0,0,0,0,0,0,0,0,0,35.08008
2,29.91866,0,0,0,0,0,0,0,0,0,0,0,0,32.51503
2,34.91812,0,0,0,0,0,0,0,0,0,0,0,0,43.31751
2,30.5455,0,0,0,0,0,0,0,0,0,0,0,0,33.24724
2,37.01123,0,0,0,0,0,0,0,0,0,0,0,0,40.63206
2,24.78102,0,0,0,0,0,0,0,0,0,0,0,0,32.33872
2,32.36045,0,0,0,0,0,0,0,0,0,0,0,0,35.52034
2,32.60414,0,0,0,0,0,0,0,0,0,0,0,0,37.37442
2,28.15192,0,0,0,0,0,0,0,0,0,0,0,0,37.76928
2,35.51393,0,0,0,0,0,0,0,0,0,0,0,0,42.88215
2,36.93633,0,0,0,0,0,0,0,0,0,0,0,0,42.55265
2,26.12045,0,0,0,0,0,0,0,0,0,0,0,0,35.88691
2,27.03394,0,0,0,0,0,0,0,0,0,0,0,0,33.83905
2,33.13623,0,0,0,0,0,0,0,0,0,0,0,0,48.31865
2,39.9967,0,0,0,0,0,0,0,0,0,0,0,0,43.7104
2,24.44856,0,0,0,0,0,0,0,0,0,0,0,0,31.51998
2,26.1578,0,0,0,0,0,0,0,0,0,0,0,0,32.10978
2,28.38692,0,0,0,0,0,0,0,0,0,0,0,0,31.43724
2,29.2646,0,0,0,0,0,0,0,0,0,0,0,0,33.71819
2,31.62842,0,0,0,0,0,0,0,0,0,0,0,0,37.9485
2,29.2187,0,0,0,0,0,0,0,0,0,0,0,0,33.64872
2,36.96547,0,0,0,0,0,0,0,0,0,0,0,0,42.4584
2,37.16764,0,0,0,0,0,0,0,0,0,0,0,0,48.57433
2,25.74957,0,0,0,0,0,0,0,0,0,0,0,0,34.00241
2,31.47038,0,0,0,0,0,0,0,0,0,0,0,0,37.66591
2,25.38729,0,0,0,0,0,0,0,0,0,0,0,0,33.31339
2,25.00824,0,0,0,0,0,0,0,0,0,0,0,0,48.11837
2,23.0074,0,0,0,0,0,0,0,0,0,0,0,0,33.75605
2,30.90815,0,0,0,0,0,0,0,0,0,0,0,0,34.67922
2,29.91212,0,0,0,0,0,0,0,0,0,0,0,0,39.95658
2,34.39879,0,0,0,0,0,0,0,0,0,0,0,0,37.69406
2,35.76183,0,0,0,0,0,0,0,0,0,0,0,0,39.59781
2,26.9102,0,0,0,0,0,0,0,0,0,0,0,0,33.44498
2,31.28313,0,0,0,0,0,0,0,0,0,0,0,0,36.9457
2,23.90846,0,0,0,0,0,0,0,0,0,0,0,0,32.38858
2,28.60471,0,0,0,0,0,0,0,0,0,0,0,0,33.77323
2,27.54892,0,0,0,0,0,0,0,0,0,0,0,0,33.86532
2,28.19386,0,0,0,0,0,0,0,0,0,0,0,0,30.75965
2,30.44278,0,0,0,0,0,0,0,0,0,0,0,0,37.61181
2,31.63305,0,0,0,0,0,0,0,0,0,0,0,0,32.10734
2,27.43638,0,0,0,0,0,0,0,0,0,0,0,0,32.85447
2,30.07761,0,0,0,0,0,0,0,0,0,0,0,0,47.83521
2,24.14278,0,0,0,0,0,0,0,0,0,0,0,0,47.49451
2,26.99072,0,0,0,0,0,0,0,0,0,0,0,0,35.37065
2,33.1934,0,0,0,0,0,0,0,0,0,0,0,0,37.04037
2,26.26912,0,0,0,0,0,0,0,0,0,0,0,0,33.2373
2,32.59872,0,0,0,0,0,0,0,0,0,0,0,0,34.47607
2,37.7409,0,0,0,0,0,0,0,0,0,0,0,0,39.73474
2,33.08153,0,0,0,0,0,0,0,0,0,0,0,0,39.44197
2,24.75653,0,0,0,0,0,0,0,0,0,0,0,0,38.03142
2,26.56961,0,0,0,0,0,0,0,0,0,0,0,0,31.9567
2,23.062,0,0,0,0,0,0,0,0,0,0,0,0,33.52833
2,33.10504,0,0,0,0,0,0,0,0,0,0,0,0,44.21609
2,35.90144,0,0,0,0,0,0,0,0,0,0,0,0,32.82695
2,32.75736,0,0,0,0,0,0,0,0,0,0,0,0,36.84727
2,27.18175,0,0,0,0,0,0,0,0,0,0,0,0,33.53111
2,31.12542,0,0,0,0,0,0,0,0,0,0,0,0,37.13464
2,21.45161,0,0,0,0,0,0,0,0,0,0,0,0,32.52998
2,33.15318,0,0,0,0,0,0,0,0,0,0,0,0,33.72431
2,23.6383,0,0,0,0,0,0,0,0,0,0,0,0,30.07006
2,22.49136,0,0,0,0,0,0,0,0,0,0,0,0,30.45782
2,30.71892,0,0,0,0,0,0,0,0,0,0,0,0,44.38662
2,27.26968,0,0,0,0,0,0,0,0,0,0,0,0,35.99512
2,35.27511,0,0,0,0,0,0,0,0,0,0,0,0,36.34709
2,32.88916,0,0,0,0,0,0,0,0,0,0,0,0,39.67101
2,29.41885,0,0,0,0,0,0,0,0,0,0,0,0,32.80266
2,28.66877,0,0,0,0,0,0,0,0,0,0,0,0,43.92566
2,29.29913,0,0,0,0,0,0,0,0,0,0,0,0,34.03065
2,29.65888,0,0,0,0,0,0,0,0,0,0,0,0,34.84414
2,29.52762,0,0,0,0,0,0,0,0,0,0,0,0,28.66537
2,31.22451,0,0,0,0,0,0,0,0,0,0,0,0,34.36571
2,36.27732,0,0,0,0,0,0,0,0,0,0,0,0,42.61949
2,27.1331,0,0,0,0,0,0,0,0,0,0,0,0,33.8727
2,30.0599,0,0,0,0,0,0,0,0,0,0,0,0,35.83978
2,35.27854,0,0,0,0,0,0,0,0,0,0,0,0,48.29087
2,27.53872,0,0,0,0,0,0,0,0,0,0,0,0,32.12694
2,33.73783,0,0,0,0,0,0,0,0,0,0,0,0,34.60093
2,33.0069,0,0,0,0,0,0,0,0,0,0,0,0,34.75357
2,30.10577,0,0,0,0,0,0,0,0,0,0,0,0,30.73554
2,27.26392,0,0,0,0,0,0,0,0,0,0,0,0,27.41854
2,32.56932,0,0,0,0,0,0,0,0,0,0,0,0,36.83812
2,25.14589,0,0,0,0,0,0,0,0,0,0,0,0,35.14037
2,20.21412,0,0,0,0,0,0,0,0,0,0,0,0,31.8789
2,29.09419,0,0,0,0,0,0,0,0,0,0,0,0,33.98457
2,32.28263,0,0,0,0,0,0,0,0,0,0,0,0,36.78347
2,31.77682,0,0,0,0,0,0,0,0,0,0,0,0,45.98134
2,26.97659,0,0,0,0,0,0,0,0,0,0,0,0,31.14944
2,28.31215,0,0,0,0,0,0,0,0,0,0,0,0,32.64425
2,30.05337,0,0,0,0,0,0,0,0,0,0,0,0,33.71753
2,34.91678,0,0,0,0,0,0,0,0,0,0,0,0,38.77468
2,29.6895,0,0,0,0,0,0,0,0,0,0,0,0,33.00775
2,25.23866,0,0,0,0,0,0,0,0,0,0,0,0,35.31331
2,28.69056,0,0,0,0,0,0,0,0,0,0,0,0,34.65193
2,39.44652,0,0,0,0,0,0,0,0,0,0,0,0,41.70547
2,31.97478,0,0,0,0,0,0,0,0,0,0,0,0,43.6865
2,31.09941,0,0,0,0,0,0,0,0,0,0,0,0,36.73766
2,33.51089,0,0,0,0,0,0,0,0,0,0,0,0,35.448
2,31.87457,0,0,0,0,0,0,0,0,0,0,0,0,45.74593
2,38.62475,0,0,0,0,0,0,0,0,0,0,0,0,41.5657
2,30.36274,0,0,0,0,0,0,0,0,0,0,0,0,38.43908
2,33.11017,0,0,0,0,0,0,0,0,0,0,0,0,39.49398
2,33.94802,0,0,0,0,0,0,0,0,0,0,0,0,36.36378
2,29.02727,0,0,0,0,0,0,0,0,0,0,0,0,37.76994
2,33.85835,0,0,0,0,0,0,0,0,0,0,0,0,36.26357
2,35.411,0,0,0,0,0,0,0,0,0,0,0,0,37.51159
2,32.1757,0,0,0,0,0,0,0,0,0,0,0,0,38.84816
2,19.78726,0,0,0,0,0,0,0,0,0,0,0,0,27.99389
2,28.21224,0,0,0,0,0,0,0,0,0,0,0,0,36.28808
2,33.21898,0,0,0,0,0,0,0,0,0,0,0,0,33.38202
2,29.92116,0,0,0,0,0,0,0,0,0,0,0,0,36.18871
2,31.98087,0,0,0,0,0,0,0,0,0,0,0,0,37.44286
2,31.53596,0,0,0,0,0,0,0,0,0,0,0,0,46.64668
2,36.65937,0,0,0,0,0,0,0,0,0,0,0,0,40.17663
2,32.42544,0,0,0,0,0,0,0,0,0,0,0,0,37.25743
2,30.13997,0,0,0,0,0,0,0,0,0,0,0,0,33.26071
2,31.44836,0,0,0,0,0,0,0,0,0,0,0,0,34.69387
2,30.12355,0,0,0,0,0,0,0,0,0,0,0,0,35.5908
2,28.3486,0,0,0,0,0,0,0,0,0,0,0,0,36.19548
2,25.83736,0,0,0,0,0,0,0,0,0,0,0,0,36.82706
2,34.31817,0,0,0,0,0,0,0,0,0,0,0,0,38.12154
2,28.57614,0,0,0,0,0,0,0,0,0,0,0,0,33.37416
2,34.06361,0,0,0,0,0,0,0,0,0,0,0,0,37.73744
2,36.62968,0,0,0,0,0,0,0,0,0,0,0,0,43.23341
2,30.4775,0,0,0,0,0,0,0,0,0,0,0,0,42.68528
2,27.79598,0,0,0,0,0,0,0,0,0,0,0,0,30.96137
2,35.66524,0,0,0,0,0,0,0,0,0,0,0,0,42.91194
2,28.69151,0,0,0,0,0,0,0,0,0,0,0,0,31.46292
2,30.13456,0,0,0,0,0,0,0,0,0,0,0,0,38.41342
2,28.68217,0,0,0,0,0,0,0,0,0,0,0,0,46.63231
2,33.01456,0,0,0,0,0,0,0,0,0,0,0,0,36.56766
2,29.07928,0,0,0,0,0,0,0,0,0,0,0,0,43.55112
2,32.50548,0,0,0,0,0,0,0,0,0,0,0,0,34.2878
2,27.04149,0,0,0,0,0,0,0,0,0,0,0,0,32.65921
2,35.78692,0,0,0,0,0,0,0,0,0,0,0,0,41.76641
2,35.93428,0,0,0,0,0,0,0,0,0,0,0,0,45.96154
2,32.96866,0,0,0,0,0,0,0,0,0,0,0,0,31.28075
2,21.80524,0,0,0,0,0,0,0,0,0,0,0,0,32.68844
2,24.22224,0,0,0,0,0,0,0,0,0,0,0,0,38.12204
2,29.27224,0,0,0,0,0,0,0,0,0,0,0,0,32.33653
2,30.26297,0,0,0,0,0,0,0,0,0,0,0,0,33.56681
2,29.06153,0,0,0,0,0,0,0,0,0,0,0,0,35.44035
2,31.03564,0,0,0,0,0,0,0,0,0,0,0,0,36.3826
2,31.64521,0,0,0,0,0,0,0,0,0,0,0,0,36.10572
2,28.44477,0,0,0,0,0,0,0,0,0,0,0,0,33.40641
2,29.96744,0,0,0,0,0,0,0,0,0,0,0,0,32.59851
2,34.8291,0,0,0,0,0,0,0,0,0,0,0,0,35.11084
2,30.56339,0,0,0,0,0,0,0,0,0,0,0,0,44.06316
2,32.59642,0,0,0,0,0,0,0,0,0,0,0,0,36.48679
2,26.73571,0,0,0,0,0,0,0,0,0,0,0,0,37.22014
2,33.32407,0,0,0,0,0,0,0,0,0,0,0,0,34.96844
2,33.62719,0,0,0,0,0,0,0,0,0,0,0,0,34.79918
2,17.7757,0,0,0,0,0,0,0,0,0,0,0,0,30.56334
2,32.05297,0,0,0,0,0,0,0,0,0,0,0,0,34.12811
2,35.19631,0,0,0,0,0,0,0,0,0,0,0,0,45.86796
2,30.61349,0,0,0,0,0,0,0,0,0,0,0,0,38.36914
2,24.18719,0,0,0,0,0,0,0,0,0,0,0,0,32.37875
2,30.76759,0,0,0,0,0,0,0,0,0,0,0,0,42.49698
2,21.78625,0,0,0,0,0,0,0,0,0,0,0,0,28.58386
2,32.8829,0,0,0,0,0,0,0,0,0,0,0,0,42.72021
2,26.25056,0,0,0,0,0,0,0,0,0,0,0,0,35.43288
2,39.31554,0,0,0,0,0,0,0,0,0,0,0,0,43.30926
2,30.87322,0,0,0,0,0,0,0,0,0,0,0,0,33.28918
2,28.22983,0,0,0,0,0,0,0,0,0,0,0,0,44.17561
2,27.92578,0,0,0,0,0,0,0,0,0,0,0,0,34.25983
2,33.68716,0,0,0,0,0,0,0,0,0,0,0,0,39.83547
2,36.6017,0,0,0,0,0,0,0,0,0,0,0,0,44.55019
2,35.43205,0,0,0,0,0,0,0,0,0,0,0,0,48.20315
2,30.43676,0,0,0,0,0,0,0,0,0,0,0,0,32.28837
2,35.43079,0,0,0,0,0,0,0,0,0,0,0,0,38.12001
2,32.63862,0,0,0,0,0,0,0,0,0,0,0,0,37.47233
2,33.70271,0,0,0,0,0,0,0,0,0,0,0,0,43.11209
2,34.41327,0,0,0,0,0,0,0,0,0,0,0,0,40.57848
2,35.7575,0,0,0,0,0,0,0,0,0,0,0,0,45.08738
2,22.43125,0,0,0,0,0,0,0,0,0,0,0,0,30.07017
2,34.69053,0,0,0,0,0,0,0,0,0,0,0,0,34.97663
2,30.49376,0,0,0,0,0,0,0,0,0,0,0,0,33.39869
2,38.42079,0,0,0,0,0,0,0,0,0,0,0,0,43.72056
2,31.95224,0,0,0,0,0,0,0,0,0,0,0,0,34.58712
2,30.79084,0,0,0,0,0,0,0,0,0,0,0,0,36.78288
2,24.84881,0,0,0,0,0,0,0,0,0,0,0,0,30.11224
2,33.43826,0,0,0,0,0,0,0,0,0,0,0,0,35.34064
2,37.33374,0,0,0,0,0,0,0,0,0,0,0,0,44.58138
2,28.76284,0,0,0,0,0,0,0,0,0,0,0,0,34.01308
2,28.80996,0,0,0,0,0,0,0,0,0,0,0,0,33.89823
2,41.27474,0,0,0,0,0,0,0,0,0,0,0,0,42.17688
2,28.32872,0,0,0,0,0,0,0,0,0,0,0,0,33.5217
2,28.47139,0,0,0,0,0,0,0,0,0,0,0,0,33.15027
2,37.24997,0,0,0,0,0,0,0,0,0,0,0,0,40.0159
2,36.40592,0,0,0,0,0,0,0,0,0,0,0,0,42.33466
2,26.64579,0,0,0,0,0,0,0,0,0,0,0,0,33.59503
2,34.54344,0,0,0,0,0,0,0,0,0,0,0,0,34.78677
2,30.89171,0,0,0,0,0,0,0,0,0,0,0,0,36.04756
2,33.66913,0,0,0,0,0,0,0,0,0,0,0,0,35.11952
2,27.71235,0,0,0,0,0,0,0,0,0,0,0,0,45.96188
2,35.29485,0,0,0,0,0,0,0,0,0,0,0,0,46.86535
2,35.54702,0,0,0,0,0,0,0,0,0,0,0,0,38.8236
2,32.87407,0,0,0,0,0,0,0,0,0,0,0,0,41.43141
2,29.67007,0,0,0,0,0,0,0,0,0,0,0,0,33.36746
2,20.74918,0,0,0,0,0,0,0,0,0,0,0,0,29.22459
2,24.9623,0,0,0,0,0,0,0,0,0,0,0,0,34.1616
2,34.05352,0,0,0,0,0,0,0,0,0,0,0,0,32.76104
2,28.82657,0,0,0,0,0,0,0,0,0,0,0,0,31.28979
2,27.94941,0,0,0,0,0,0,0,0,0,0,0,0,32.24116
2,29.71846,0,0,0,0,0,0,0,0,0,0,0,0,39.25816
2,24.45992,0,0,0,0,0,0,0,0,0,0,0,0,33.55182
2,31.15302,0,0,0,0,0,0,0,0,0,0,0,0,30.41118
2,34.38594,0,0,0,0,0,0,0,0,0,0,0,0,39.56527
2,25.16926,0,0,0,0,0,0,0,0,0,0,0,0,31.47079
2,32.02808,0,0,0,0,0,0,0,0,0,0,0,0,33.68353
2,31.59904,0,0,0,0,0,0,0,0,0,0,0,0,35.86206
2,32.18074,0,0,0,0,0,0,0,0,0,0,0,0,35.48054
2,32.12925,0,0,0,0,0,0,0,0,0,0,0,0,31.63225
2,35.018,0,0,0,0,0,0,0,0,0,0,0,0,37.64098
2,26.01309,0,0,0,0,0,0,0,0,0,0,0,0,34.61565
2,33.63628,0,0,0,0,0,0,0,0,0,0,0,0,43.9585
2,26.73618,0,0,0,0,0,0,0,0,0,0,0,0,36.68549
2,29.12281,0,0,0,0,0,0,0,0,0,0,0,0,36.71316
2,26.26598,0,0,0,0,0,0,0,0,0,0,0,0,33.70503
2,24.93953,0,0,0,0,0,0,0,0,0,0,0,0,28.67192
2,33.64953,0,0,0,0,0,0,0,0,0,0,0,0,37.42997
2,36.84167,0,0,0,0,0,0,0,0,0,0,0,0,42.90485
2,32.53664,0,0,0,0,0,0,0,0,0,0,0,0,43.25029
2,37.55728,0,0,0,0,0,0,0,0,0,0,0,0,43.46651
2,36.14966,0,0,0,0,0,0,0,0,0,0,0,0,45.1128
2,33.78509,0,0,0,0,0,0,0,0,0,0,0,0,45.79831
2,37.89045,0,0,0,0,0,0,0,0,0,0,0,0,39.03207
2,33.01307,0,0,0,0,0,0,0,0,0,0,0,0,43.73523
2,32.86831,0,0,0,0,0,0,0,0,0,0,0,0,34.27366
2,27.49101,0,0,0,0,0,0,0,0,0,0,0,0,35.46567
2,27.76369,0,0,0,0,0,0,0,0,0,0,0,0,30.27899
2,30.89861,0,0,0,0,0,0,0,0,0,0,0,0,36.9686
2,32.12634,0,0,0,0,0,0,0,0,0,0,0,0,41.67474
2,27.23009,0,0,0,0,0,0,0,0,0,0,0,0,45.96777
2,27.82693,0,0,0,0,0,0,0,0,0,0,0,0,35.80638
2,27.62285,0,0,0,0,0,0,0,0,0,0,0,0,31.86926
2,29.86988,0,0,0,0,0,0,0,0,0,0,0,0,46.34889
2,26.80911,0,0,0,0,0,0,0,0,0,0,0,0,34.08355
2,25.82629,0,0,0,0,0,0,0,0,0,0,0,0,36.12646
2,28.43921,0,0,0,0,0,0,0,0,0,0,0,0,33.78691
2,36.37862,0,0,0,0,0,0,0,0,0,0,0,0,44.69577
2,27.30309,0,0,0,0,0,0,0,0,0,0,0,0,36.05507
2,28.11823,0,0,0,0,0,0,0,0,0,0,0,0,32.84006
2,29.27295,0,0,0,0,0,0,0,0,0,0,0,0,48.19967
2,27.27601,0,0,0,0,0,0,0,0,0,0,0,0,31.1825
2,34.77067,0,0,0,0,0,0,0,0,0,0,0,0,37.5613
2,32.42577,0,0,0,0,0,0,0,0,0,0,0,0,38.23104
2,37.37767,0,0,0,0,0,0,0,0,0,0,0,0,34.69838
2,37.1062,0,0,0,0,0,0,0,0,0,0,0,0,39.87054
2,31.40893,0,0,0,0,0,0,0,0,0,0,0,0,30.87853
2,29.11114,0,0,0,0,0,0,0,0,0,0,0,0,34.2107
2,29.41914,0,0,0,0,0,0,0,0,0,0,0,0,35.89671
2,36.47559,0,0,0,0,0,0,0,0,0,0,0,0,35.53189
2,23.19492,0,0,0,0,0,0,0,0,0,0,0,0,32.98523
2,28.78092,0,0,0,0,0,0,0,0,0,0,0,0,35.31967
2,35.34238,0,0,0,0,0,0,0,0,0,0,0,0,38.5054
2,36.62673,0,0,0,0,0,0,0,0,0,0,0,0,46.15141
2,31.74999,0,0,0,0,0,0,0,0,0,0,0,0,33.10799
2,30.91015,0,0,0,0,0,0,0,0,0,0,0,0,30.21477
2,30.80161,0,0,0,0,0,0,0,0,0,0,0,0,32.89191
2,27.34764,0,0,0,0,0,0,0,0,0,0,0,0,33.61079
2,33.47911,0,0,0,0,0,0,0,0,0,0,0,0,40.27098
2,27.04574,0,0,0,0,0,0,0,0,0,0,0,0,31.04022
2,36.1983,0,0,0,0,0,0,0,0,0,0,0,0,40.38842
2,28.20874,0,0,0,0,0,0,0,0,0,0,0,0,32.1572
2,30.06164,0,0,0,0,0,0,0,0,0,0,0,0,38.63766
2,29.25349,0,0,0,0,0,0,0,0,0,0,0,0,35.66424
2,32.30989,0,0,0,0,0,0,0,0,0,0,0,0,33.65649
2,29.38562,0,0,0,0,0,0,0,0,0,0,0,0,36.82455
2,21.05078,0,0,0,0,0,0,0,0,0,0,0,0,28.19449
2,33.45039,0,0,0,0,0,0,0,0,0,0,0,0,34.10682
2,24.85488,0,0,0,0,0,0,0,0,0,0,0,0,32.83722
2,29.45208,0,0,0,0,0,0,0,0,0,0,0,0,35.15245
2,27.61746,0,0,0,0,0,0,0,0,0,0,0,0,32.55319
2,29.36858,0,0,0,0,0,0,0,0,0,0,0,0,34.69363
2,34.40483,0,0,0,0,0,0,0,0,0,0,0,0,47.89873
2,29.63978,0,0,0,0,0,0,0,0,0,0,0,0,35.26012
2,28.96665,0,0,0,0,0,0,0,0,0,0,0,0,32.40942
2,32.0896,0,0,0,0,0,0,0,0,0,0,0,0,36.62433
2,36.38345,0,0,0,0,0,0,0,0,0,0,0,0,44.88963
2,28.87155,0,0,0,0,0,0,0,0,0,0,0,0,37.23784
2,32.26704,0,0,0,0,0,0,0,0,0,0,0,0,35.76371
2,32.7609,0,0,0,0,0,0,0,0,0,0,0,0,47.75579
2,34.25404,0,0,0,0,0,0,0,0,0,0,0,0,39.12741
2,22.09366,0,0,0,0,0,0,0,0,0,0,0,0,33.98796
2,30.7689,0,0,0,0,0,0,0,0,0,0,0,0,33.02518
2,29.57472,0,0,0,0,0,0,0,0,0,0,0,0,30.02996
2,35.94395,0,0,0,0,0,0,0,0,0,0,0,0,44.94284
2,34.4798,0,0,0,0,0,0,0,0,0,0,0,0,34.34091
2,31.15826,0,0,0,0,0,0,0,0,0,0,0,0,35.68757
2,31.44718,0,0,0,0,0,0,0,0,0,0,0,0,38.18259
2,33.63639,0,0,0,0,0,0,0,0,0,0,0,0,35.17601
2,32.2854,0,0,0,0,0,0,0,0,0,0,0,0,37.48766
2,25.55099,0,0,0,0,0,0,0,0,0,0,0,0,30.86429
2,27.40371,0,0,0,0,0,0,0,0,0,0,0,0,37.37578
2,33.83321,0,0,0,0,0,0,0,0,0,0,0,0,35.47592
2,33.23756,0,0,0,0,0,0,0,0,0,0,0,0,36.84934
2,29.92957,0,0,0,0,0,0,0,0,0,0,0,0,38.19437
2,40.6069,0,0,0,0,0,0,0,0,0,0,0,0,44.58956
2,28.25265,0,0,0,0,0,0,0,0,0,0,0,0,32.92148
2,34.38768,0,0,0,0,0,0,0,0,0,0,0,0,47.28998
2,27.43061,0,0,0,0,0,0,0,0,0,0,0,0,30.03631
2,30.33579,0,0,0,0,0,0,0,0,0,0,0,0,47.13646
2,27.94849,0,0,0,0,0,0,0,0,0,0,0,0,34.46161
2,33.92559,0,0,0,0,0,0,0,0,0,0,0,0,33.95481
2,29.20522,0,0,0,0,0,0,0,0,0,0,0,0,37.45053
2,32.96611,0,0,0,0,0,0,0,0,0,0,0,0,39.8074
2,25.7011,0,0,0,0,0,0,0,0,0,0,0,0,37.63283
2,34.72831,0,0,0,0,0,0,0,0,0,0,0,0,34.44147
2,24.64899,0,0,0,0,0,0,0,0,0,0,0,0,33.89966
2,26.85152,0,0,0,0,0,0,0,0,0,0,0,0,37.14555
2,31.39191,0,0,0,0,0,0,0,0,0,0,0,0,43.17209
2,29.55865,0,0,0,0,0,0,0,0,0,0,0,0,45.3556
2,30.5873,0,0,0,0,0,0,0,0,0,0,0,0,37.96336
2,26.06429,0,0,0,0,0,0,0,0,0,0,0,0,33.71968
2,39.32441,0,0,0,0,0,0,0,0,0,0,0,0,44.81131
2,31.79581,0,0,0,0,0,0,0,0,0,0,0,0,39.96809
2,33.62417,0,0,0,0,0,0,0,0,0,0,0,0,38.7513
2,30.31229,0,0,0,0,0,0,0,0,0,0,0,0,36.89984
2,28.79632,0,0,0,0,0,0,0,0,0,0,0,0,34.57959
2,36.05798,0,0,0,0,0,0,0,0,0,0,0,0,43.12901
2,35.31599,0,0,0,0,0,0,0,0,0,0,0,0,38.12766
2,28.88373,0,0,0,0,0,0,0,0,0,0,0,0,36.05193
2,32.86794,0,0,0,0,0,0,0,0,0,0,0,0,36.53298
2,36.94333,0,0,0,0,0,0,0,0,0,0,0,0,41.22298
2,35.62241,0,0,0,0,0,0,0,0,0,0,0,0,43.45274
2,25.12037,0,0,0,0,0,0,0,0,0,0,0,0,34.48034
2,30.19737,0,0,0,0,0,0,0,0,0,0,0,0,34.75808
2,29.04757,0,0,0,0,0,0,0,0,0,0,0,0,39.35217
2,35.22343,0,0,0,0,0,0,0,0,0,0,0,0,35.30041
2,37.47972,0,0,0,0,0,0,0,0,0,0,0,0,38.5694
2,34.82159,0,0,0,0,0,0,0,0,0,0,0,0,36.74334
2,34.69539,0,0,0,0,0,0,0,0,0,0,0,0,33.364
2,24.3879,0,0,0,0,0,0,0,0,0,0,0,0,33.41189
2,28.49507,0,0,0,0,0,0,0,0,0,0,0,0,36.25849
2,38.76587,0,0,0,0,0,0,0,0,0,0,0,0,41.47036
2,31.88939,0,0,0,0,0,0,0,0,0,0,0,0,34.88311
2,29.6922,0,0,0,0,0,0,0,0,0,0,0,0,32.85966
2,32.91356,0,0,0,0,0,0,0,0,0,0,0,0,40.53555
2,30.97868,0,0,0,0,0,0,0,0,0,0,0,0,45.5371
2,28.24635,0,0,0,0,0,0,0,0,0,0,0,0,36.18712
2,31.83261,0,0,0,0,0,0,0,0,0,0,0,0,37.557
2,29.3211,0,0,0,0,0,0,0,0,0,0,0,0,32.27221
2,31.87809,0,0,0,0,0,0,0,0,0,0,0,0,37.51757
2,39.62674,0,0,0,0,0,0,0,0,0,0,0,0,43.091
2,36.28659,0,0,0,0,0,0,0,0,0,0,0,0,38.0864
2,32.7554,0,0,0,0,0,0,0,0,0,0,0,0,37.92994
2,27.48931,0,0,0,0,0,0,0,0,0,0,0,0,33.71529
2,28.5006,0,0,0,0,0,0,0,0,0,0,0,0,35.99209
2,32.26192,0,0,0,0,0,0,0,0,0,0,0,0,32.23129
2,28.18695,0,0,0,0,0,0,0,0,0,0,0,0,30.56156
2,25.85863,0,0,0,0,0,0,0,0,0,0,0,0,35.85147
2,33.29507,0,0,0,0,0,0,0,0,0,0,0,0,34.14628
2,37.45645,0,0,0,0,0,0,0,0,0,0,0,0,44.63935
2,33.65852,0,0,0,0,0,0,0,0,0,0,0,0,36.63551
2,34.94457,0,0,0,0,0,0,0,0,0,0,0,0,36.23573
2,32.35444,0,0,0,0,0,0,0,0,0,0,0,0,38.00789
2,28.35444,0,0,0,0,0,0,0,0,0,0,0,0,32.24371
2,33.01775,0,0,0,0,0,0,0,0,0,0,0,0,40.49788
2,32.09416,0,0,0,0,0,0,0,0,0,0,0,0,43.74424
2,31.23835,0,0,0,0,0,0,0,0,0,0,0,0,34.09665
2,29.7124,0,0,0,0,0,0,0,0,0,0,0,0,34.63697
2,32.97837,0,0,0,0,0,0,0,0,0,0,0,0,34.90129
2,32.96495,0,0,0,0,0,0,0,0,0,0,0,0,38.59478
2,34.74702,0,0,0,0,0,0,0,0,0,0,0,0,41.73088
2,30.45564,0,0,0,0,0,0,0,0,0,0,0,0,40.90012
2,34.55314,0,0,0,0,0,0,0,0,0,0,0,0,45.33373
2,33.97507,0,0,0,0,0,0,0,0,0,0,0,0,44.21454
2,37.22593,0,0,0,0,0,0,0,0,0,0,0,0,41.86777
2,27.75407,0,0,0,0,0,0,0,0,0,0,0,0,36.11377
2,27.22229,0,0,0,0,0,0,0,0,0,0,0,0,34.44009
2,34.4632,0,0,0,0,0,0,0,0,0,0,0,0,42.76927
2,39.31402,0,0,0,0,0,0,0,0,0,0,0,0,44.52977
2,27.31793,0,0,0,0,0,0,0,0,0,0,0,0,32.60448
2,25.35969,0,0,0,0,0,0,0,0,0,0,0,0,31.76211
2,32.5689,0,0,0,0,0,0,0,0,0,0,0,0,35.94787
2,29.32157,0,0,0,0,0,0,0,0,0,0,0,0,31.08836
2,30.9719,0,0,0,0,0,0,0,0,0,0,0,0,37.7891
2,26.4124,0,0,0,0,0,0,0,0,0,0,0,0,33.513
2,35.3224,0,0,0,0,0,0,0,0,0,0,0,0,41.82645
2,34.13087,0,0,0,0,0,0,0,0,0,0,0,0,45.03724
2,34.52131,0,0,0,0,0,0,0,0,0,0,0,0,38.45158
2,31.26259,0,0,0,0,0,0,0,0,0,0,0,0,38.25276
2,35.76844,0,0,0,0,0,0,0,0,0,0,0,0,45.9603
2,31.66986,0,0,0,0,0,0,0,0,0,0,0,0,32.47598
2,37.06863,0,0,0,0,0,0,0,0,0,0,0,0,44.87068
2,36.93401,0,0,0,0,0,0,0,0,0,0,0,0,39.21795
2,34.03343,0,0,0,0,0,0,0,0,0,0,0,0,42.59287
2,33.70358,0,0,0,0,0,0,0,0,0,0,0,0,45.87053
2,29.57082,0,0,0,0,0,0,0,0,0,0,0,0,34.93298
2,28.84044,0,0,0,0,0,0,0,0,0,0,0,0,42.15453
2,32.80825,0,0,0,0,0,0,0,0,0,0,0,0,38.56787
2,27.19548,0,0,0,0,0,0,0,0,0,0,0,0,48.07254
2,29.43726,0,0,0,0,0,0,0,0,0,0,0,0,42.27815
2,30.20528,0,0,0,0,0,0,0,0,0,0,0,0,37.94355
2,34.87106,0,0,0,0,0,0,0,0,0,0,0,0,37.49163
2,29.80033,0,0,0,0,0,0,0,0,0,0,0,0,37.44001
2,35.09135,0,0,0,0,0,0,0,0,0,0,0,0,43.06771
2,29.77026,0,0,0,0,0,0,0,0,0,0,0,0,38.30809
2,35.61153,0,0,0,0,0,0,0,0,0,0,0,0,46.52735
2,34.52396,0,0,0,0,0,0,0,0,0,0,0,0,47.03393
2,28.04112,0,0,0,0,0,0,0,0,0,0,0,0,32.48062
2,28.0305,0,0,0,0,0,0,0,0,0,0,0,0,31.78855
2,23.64513,0,0,0,0,0,0,0,0,0,0,0,0,46.64077
2,31.93105,0,0,0,0,0,0,0,0,0,0,0,0,37.8933
2,33.69187,0,0,0,0,0,0,0,0,0,0,0,0,47.70838
2,35.5791,0,0,0,0,0,0,0,0,0,0,0,0,40.82207
2,38.33625,0,0,0,0,0,0,0,0,0,0,0,0,41.43663
2,22.26978,0,0,0,0,0,0,0,0,0,0,0,0,36.79459
2,23.88404,0,0,0,0,0,0,0,0,0,0,0,0,31.20374
2,26.73354,0,0,0,0,0,0,0,0,0,0,0,0,33.47524
2,27.17607,0,0,0,0,0,0,0,0,0,0,0,0,35.73819
2,35.93147,0,0,0,0,0,0,0,0,0,0,0,0,47.6451
2,31.91628,0,0,0,0,0,0,0,0,0,0,0,0,33.41639
2,31.36332,0,0,0,0,0,0,0,0,0,0,0,0,35.58365
2,28.92738,0,0,0,0,0,0,0,0,0,0,0,0,38.58724
2,31.45323,0,0,0,0,0,0,0,0,0,0,0,0,41.5929
2,37.4526,0,0,0,0,0,0,0,0,0,0,0,0,38.81919
2,27.63821,0,0,0,0,0,0,0,0,0,0,0,0,32.25357
2,27.73559,0,0,0,0,0,0,0,0,0,0,0,0,31.34237
2,38.51163,0,0,0,0,0,0,0,0,0,0,0,0,48.45745
2,31.34554,0,0,0,0,0,0,0,0,0,0,0,0,37.3644
2,32.49707,0,0,0,0,0,0,0,0,0,0,0,0,37.47382
2,33.08183,0,0,0,0,0,0,0,0,0,0,0,0,36.27774
2,34.66116,0,0,0,0,0,0,0,0,0,0,0,0,43.84272
2,39.78287,0,0,0,0,0,0,0,0,0,0,0,0,38.87656
2,28.84082,0,0,0,0,0,0,0,0,0,0,0,0,35.19817
2,37.01862,0,0,0,0,0,0,0,0,0,0,0,0,41.46845
2,29.52041,0,0,0,0,0,0,0,0,0,0,0,0,37.00407
2,27.07388,0,0,0,0,0,0,0,0,0,0,0,0,32.29842
2,28.82537,0,0,0,0,0,0,0,0,0,0,0,0,31.95778
2,37.87424,0,0,0,0,0,0,0,0,0,0,0,0,35.70179
2,36.1016,0,0,0,0,0,0,0,0,0,0,0,0,36.43859
2,33.51428,0,0,0,0,0,0,0,0,0,0,0,0,34.24681
2,24.99631,0,0,0,0,0,0,0,0,0,0,0,0,36.94494
2,33.21377,0,0,0,0,0,0,0,0,0,0,0,0,47.13822
2,29.17375,0,0,0,0,0,0,0,0,0,0,0,0,31.91532
2,39.90706,0,0,0,0,0,0,0,0,0,0,0,0,44.18216
2,33.72351,0,0,0,0,0,0,0,0,0,0,0,0,45.33452
2,35.20031,0,0,0,0,0,0,0,0,0,0,0,0,36.24274
2,39.73802,0,0,0,0,0,0,0,0,0,0,0,0,43.98174
2,27.11244,0,0,0,0,0,0,0,0,0,0,0,0,35.51489
2,28.27297,0,0,0,0,0,0,0,0,0,0,0,0,37.6971
2,36.90562,0,0,0,0,0,0,0,0,0,0,0,0,38.72968
2,24.59382,0,0,0,0,0,0,0,0,0,0,0,0,32.41387
2,32.14423,0,0,0,0,0,0,0,0,0,0,0,0,36.90517
2,33.45791,0,0,0,0,0,0,0,0,0,0,0,0,47.8303
2,33.54889,0,0,0,0,0,0,0,0,0,0,0,0,38.11626
2,28.78286,0,0,0,0,0,0,0,0,0,0,0,0,41.26785
2,28.83289,0,0,0,0,0,0,0,0,0,0,0,0,32.35849
2,36.88733,0,0,0,0,0,0,0,0,0,0,0,0,47.63444
2,35.50207,0,0,0,0,0,0,0,0,0,0,0,0,47.35011
2,29.55445,0,0,0,0,0,0,0,0,0,0,0,0,37.00623
2,33.36699,0,0,0,0,0,0,0,0,0,0,0,0,34.02386
2,26.75523,0,0,0,0,0,0,0,0,0,0,0,0,46.6802
2,32.27926,0,0,0,0,0,0,0,0,0,0,0,0,38.33759
2,32.18584,0,0,0,0,0,0,0,0,0,0,0,0,35.89523
2,32.62589,0,0,0,0,0,0,0,0,0,0,0,0,36.43307
2,35.62081,0,0,0,0,0,0,0,0,0,0,0,0,43.18968
2,35.82845,0,0,0,0,0,0,0,0,0,0,0,0,38.44629
2,38.39594,0,0,0,0,0,0,0,0,0,0,0,0,38.13035
2,28.81474,0,0,0,0,0,0,0,0,0,0,0,0,33.7152
2,24.48919,0,0,0,0,0,0,0,0,0,0,0,0,30.41861
2,31.83257,0,0,0,0,0,0,0,0,0,0,0,0,44.53532
2,38.87554,0,0,0,0,0,0,0,0,0,0,0,0,47.55651
2,23.39353,0,0,0,0,0,0,0,0,0,0,0,0,31.28383
2,36.91904,0,0,0,0,0,0,0,0,0,0,0,0,46.19162
2,34.86912,0,0,0,0,0,0,0,0,0,0,0,0,42.70248
2,29.27037,0,0,0,0,0,0,0,0,0,0,0,0,47.68915
2,35.42054,0,0,0,0,0,0,0,0,0,0,0,0,44.3225
2,30.19157,0,0,0,0,0,0,0,0,0,0,0,0,35.86703
2,34.07124,0,0,0,0,0,0,0,0,0,0,0,0,35.90406
2,31.7056,0,0,0,0,0,0,0,0,0,0,0,0,38.09999
2,24.65668,0,0,0,0,0,0,0,0,0,0,0,0,35.90102
2,34.37616,0,0,0,0,0,0,0,0,0,0,0,0,47.71092
2,26.79637,0,0,0,0,0,0,0,0,0,0,0,0,38.14819
2,37.65295,0,0,0,0,0,0,0,0,0,0,0,0,37.54499
2,25.65922,0,0,0,0,0,0,0,0,0,0,0,0,31.17638
2,33.9516,0,0,0,0,0,0,0,0,0,0,0,0,37.67463
2,35.30724,0,0,0,0,0,0,0,0,0,0,0,0,47.51366
2,28.1517,0,0,0,0,0,0,0,0,0,0,0,0,36.37214
2,32.05014,0,0,0,0,0,0,0,0,0,0,0,0,40.40487
2,36.02934,0,0,0,0,0,0,0,0,0,0,0,0,46.23483
2,30.11065,0,0,0,0,0,0,0,0,0,0,0,0,45.58456
2,29.62307,0,0,0,0,0,0,0,0,0,0,0,0,30.10037
2,32.47497,0,0,0,0,0,0,0,0,0,0,0,0,34.04668
2,33.78042,0,0,0,0,0,0,0,0,0,0,0,0,36.46302
2,38.33731,0,0,0,0,0,0,0,0,0,0,0,0,40.46935
2,22.24113,0,0,0,0,0,0,0,0,0,0,0,0,28.15156
2,33.03585,0,0,0,0,0,0,0,0,0,0,0,0,37.6025
2,33.29408,0,0,0,0,0,0,0,0,0,0,0,0,37.44503
2,33.11289,0,0,0,0,0,0,0,0,0,0,0,0,36.3442
2,26.78699,0,0,0,0,0,0,0,0,0,0,0,0,34.81525
2,36.02916,0,0,0,0,0,0,0,0,0,0,0,0,41.49821
2,28.172,0,0,0,0,0,0,0,0,0,0,0,0,39.43981
2,28.6209,0,0,0,0,0,0,0,0,0,0,0,0,43.68555
2,33.0529,0,0,0,0,0,0,0,0,0,0,0,0,43.48495
2,33.96986,0,0,0,0,0,0,0,0,0,0,0,0,38.16121
2,34.08423,0,0,0,0,0,0,0,0,0,0,0,0,32.57854
2,30.42322,0,0,0,0,0,0,0,0,0,0,0,0,38.10194
2,34.86731,0,0,0,0,0,0,0,0,0,0,0,0,45.01658
2,25.45385,0,0,0,0,0,0,0,0,0,0,0,0,34.49128
2,32.75692,0,0,0,0,0,0,0,0,0,0,0,0,46.25191
2,32.78687,0,0,0,0,0,0,0,0,0,0,0,0,45.26176
2,29.93423,0,0,0,0,0,0,0,0,0,0,0,0,34.34492
2,30.85014,0,0,0,0,0,0,0,0,0,0,0,0,38.84174
2,30.82407,0,0,0,0,0,0,0,0,0,0,0,0,35.50298
2,31.16177,0,0,0,0,0,0,0,0,0,0,0,0,32.33415
2,35.47311,0,0,0,0,0,0,0,0,0,0,0,0,33.89614
2,37.20163,0,0,0,0,0,0,0,0,0,0,0,0,44.17007
2,30.28204,0,0,0,0,0,0,0,0,0,0,0,0,44.20795
2,30.57557,0,0,0,0,0,0,0,0,0,0,0,0,36.02977
2,31.47151,0,0,0,0,0,0,0,0,0,0,0,0,32.76807
2,34.8716,0,0,0,0,0,0,0,0,0,0,0,0,48.57502
2,32.43881,0,0,0,0,0,0,0,0,0,0,0,0,36.04183
2,28.11209,0,0,0,0,0,0,0,0,0,0,0,0,33.68577
2,28.63919,0,0,0,0,0,0,0,0,0,0,0,0,38.01283
2,36.00841,0,0,0,0,0,0,0,0,0,0,0,0,46.19899
2,38.20933,0,0,0,0,0,0,0,0,0,0,0,0,47.57986
2,35.76141,0,0,0,0,0,0,0,0,0,0,0,0,37.83936
2,23.82603,0,0,0,0,0,0,0,0,0,0,0,0,34.48164
2,33.81654,0,0,0,0,0,0,0,0,0,0,0,0,38.38761
2,29.95957,0,0,0,0,0,0,0,0,0,0,0,0,32.94474
2,23.58529,0,0,0,0,0,0,0,0,0,0,0,0,31.56665
2,33.40551,0,0,0,0,0,0,0,0,0,0,0,0,48.44295
2,35.54715,0,0,0,0,0,0,0,0,0,0,0,0,44.58542
2,34.01498,0,0,0,0,0,0,0,0,0,0,0,0,35.78096
2,28.10314,0,0,0,0,0,0,0,0,0,0,0,0,29.08431
2,32.67488,0,0,0,0,0,0,0,0,0,0,0,0,42.61797
2,39.55773,0,0,0,0,0,0,0,0,0,0,0,0,41.43073
2,27.50175,0,0,0,0,0,0,0,0,0,0,0,0,31.69162
2,34.28008,0,0,0,0,0,0,0,0,0,0,0,0,46.44765
2,34.96368,0,0,0,0,0,0,0,0,0,0,0,0,33.94872
2,31.33578,0,0,0,0,0,0,0,0,0,0,0,0,41.37346
2,37.20517,0,0,0,0,0,0,0,0,0,0,0,0,40.15123
2,31.40987,0,0,0,0,0,0,0,0,0,0,0,0,36.8061
2,22.93095,0,0,0,0,0,0,0,0,0,0,0,0,36.73267
2,34.22688,0,0,0,0,0,0,0,0,0,0,0,0,40.39061
2,34.54702,0,0,0,0,0,0,0,0,0,0,0,0,35.74566
2,36.06059,0,0,0,0,0,0,0,0,0,0,0,0,36.25272
2,33.21406,0,0,0,0,0,0,0,0,0,0,0,0,37.21567
2,27.60798,0,0,0,0,0,0,0,0,0,0,0,0,33.33132
2,33.7941,0,0,0,0,0,0,0,0,0,0,0,0,39.61476
2,26.75004,0,0,0,0,0,0,0,0,0,0,0,0,32.94609
2,34.68899,0,0,0,0,0,0,0,0,0,0,0,0,44.35903
2,34.15102,0,0,0,0,0,0,0,0,0,0,0,0,36.78105
2,39.02567,0,0,0,0,0,0,0,0,0,0,0,0,47.16049
2,32.83017,0,0,0,0,0,0,0,0,0,0,0,0,35.35586
2,30.33179,0,0,0,0,0,0,0,0,0,0,0,0,37.78604
2,33.58162,0,0,0,0,0,0,0,0,0,0,0,0,40.32173
2,27.91877,0,0,0,0,0,0,0,0,0,0,0,0,44.32188
2,29.25062,0,0,0,0,0,0,0,0,0,0,0,0,39.32302
2,27.66088,0,0,0,0,0,0,0,0,0,0,0,0,47.77747
2,27.84355,0,0,0,0,0,0,0,0,0,0,0,0,35.75344
2,32.76136,0,0,0,0,0,0,0,0,0,0,0,0,43.19904
2,24.85317,0,0,0,0,0,0,0,0,0,0,0,0,35.98516
2,27.41283,0,0,0,0,0,0,0,0,0,0,0,0,42.19055
2,28.87714,0,0,0,0,0,0,0,0,0,0,0,0,33.91093
2,39.34133,0,0,0,0,0,0,0,0,0,0,0,0,42.98861
2,33.88109,0,0,0,0,0,0,0,0,0,0,0,0,33.9657
2,27.85208,0,0,0,0,0,0,0,0,0,0,0,0,32.40167
2,27.76737,0,0,0,0,0,0,0,0,0,0,0,0,34.9159
2,33.14078,0,0,0,0,0,0,0,0,0,0,0,0,37.69641
2,31.50702,0,0,0,0,0,0,0,0,0,0,0,0,31.46774
2,32.62668,0,0,0,0,0,0,0,0,0,0,0,0,36.45256
2,35.75232,0,0,0,0,0,0,0,0,0,0,0,0,46.17015
2,33.13628,0,0,0,0,0,0,0,0,0,0,0,0,38.7188
2,34.97522,0,0,0,0,0,0,0,0,0,0,0,0,41.00028
2,34.67783,0,0,0,0,0,0,0,0,0,0,0,0,37.94556
2,33.92066,0,0,0,0,0,0,0,0,0,0,0,0,44.17079
2,34.00552,0,0,0,0,0,0,0,0,0,0,0,0,47.63245
2,34.76406,0,0,0,0,0,0,0,0,0,0,0,0,38.5948
2,29.94389,0,0,0,0,0,0,0,0,0,0,0,0,37.91954
2,35.32616,0,0,0,0,0,0,0,0,0,0,0,0,36.24522
2,28.18573,0,0,0,0,0,0,0,0,0,0,0,0,46.30161
2,27.10143,0,0,0,0,0,0,0,0,0,0,0,0,33.10609
2,30.29697,0,0,0,0,0,0,0,0,0,0,0,0,35.88006
2,33.89529,0,0,0,0,0,0,0,0,0,0,0,0,33.51334
2,30.05345,0,0,0,0,0,0,0,0,0,0,0,0,34.58257
2,38.34781,0,0,0,0,0,0,0,0,0,0,0,0,39.42889
2,30.50177,0,0,0,0,0,0,0,0,0,0,0,0,31.35385
2,35.00877,0,0,0,0,0,0,0,0,0,0,0,0,38.497
2,33.25772,0,0,0,0,0,0,0,0,0,0,0,0,36.22357
2,28.29508,0,0,0,0,0,0,0,0,0,0,0,0,42.41722
2,33.54462,0,0,0,0,0,0,0,0,0,0,0,0,40.15126
2,34.2917,0,0,0,0,0,0,0,0,0,0,0,0,37.56364
2,34.20638,0,0,0,0,0,0,0,0,0,0,0,0,46.06791
2,33.54704,0,0,0,0,0,0,0,0,0,0,0,0,36.07286
2,22.0168,0,0,0,0,0,0,0,0,0,0,0,0,34.25599
2,31.12242,0,0,0,0,0,0,0,0,0,0,0,0,43.69893
2,28.72072,0,0,0,0,0,0,0,0,0,0,0,0,33.15552
2,34.09739,0,0,0,0,0,0,0,0,0,0,0,0,38.14357
2,29.90301,0,0,0,0,0,0,0,0,0,0,0,0,34.96226
2,27.24104,0,0,0,0,0,0,0,0,0,0,0,0,31.1356
2,29.2765,0,0,0,0,0,0,0,0,0,0,0,0,34.29322
2,29.18573,0,0,0,0,0,0,0,0,0,0,0,0,33.67781
2,28.4167,0,0,0,0,0,0,0,0,0,0,0,0,35.71919
2,32.71042,0,0,0,0,0,0,0,0,0,0,0,0,40.04311
2,24.20477,0,0,0,0,0,0,0,0,0,0,0,0,47.68983
2,31.76691,0,0,0,0,0,0,0,0,0,0,0,0,34.93291
2,34.55334,0,0,0,0,0,0,0,0,0,0,0,0,38.08937
2,32.31785,0,0,0,0,0,0,0,0,0,0,0,0,47.82524
2,29.26256,0,0,0,0,0,0,0,0,0,0,0,0,34.85371
2,32.37482,0,0,0,0,0,0,0,0,0,0,0,0,35.75461
2,25.31939,0,0,0,0,0,0,0,0,0,0,0,0,35.87181
2,38.94697,0,0,0,0,0,0,0,0,0,0,0,0,42.22762
2,29.036,0,0,0,0,0,0,0,0,0,0,0,0,36.27277
2,35.61165,0,0,0,0,0,0,0,0,0,0,0,0,46.37513
2,28.19149,0,0,0,0,0,0,0,0,0,0,0,0,35.36352
2,29.67623,0,0,0,0,0,0,0,0,0,0,0,0,31.71805
2,29.83285,0,0,0,0,0,0,0,0,0,0,0,0,33.94133
2,34.01465,0,0,0,0,0,0,0,0,0,0,0,0,45.10595
2,25.08521,0,0,0,0,0,0,0,0,0,0,0,0,28.16145
2,31.76732,0,0,0,0,0,0,0,0,0,0,0,0,44.60584
2,34.35703,0,0,0,0,0,0,0,0,0,0,0,0,48.29221
2,28.36476,0,0,0,0,0,0,0,0,0,0,0,0,34.15898
2,22.34587,0,0,0,0,0,0,0,0,0,0,0,0,35.79593
2,29.90172,0,0,0,0,0,0,0,0,0,0,0,0,38.75072
2,31.40383,0,0,0,0,0,0,0,0,0,0,0,0,32.62928
2,35.83282,0,0,0,0,0,0,0,0,0,0,0,0,44.95209
2,25.01232,0,0,0,0,0,0,0,0,0,0,0,0,31.59676
2,28.41837,0,0,0,0,0,0,0,0,0,0,0,0,34.66678
2,30.92489,0,0,0,0,0,0,0,0,0,0,0,0,30.38331
2,26.24615,0,0,0,0,0,0,0,0,0,0,0,0,31.4476
2,25.92554,0,0,0,0,0,0,0,0,0,0,0,0,32.18534
2,33.36278,0,0,0,0,0,0,0,0,0,0,0,0,35.34657
2,30.84166,0,0,0,0,0,0,0,0,0,0,0,0,33.17425
2,30.31797,0,0,0,0,0,0,0,0,0,0,0,0,35.5519
2,26.4646,0,0,0,0,0,0,0,0,0,0,0,0,34.04492
2,32.08222,0,0,0,0,0,0,0,0,0,0,0,0,36.14114
2,35.33086,0,0,0,0,0,0,0,0,0,0,0,0,37.35338
2,21.01921,0,0,0,0,0,0,0,0,0,0,0,0,33.08825
2,25.3562,0,0,0,0,0,0,0,0,0,0,0,0,30.29864
2,32.76218,0,0,0,0,0,0,0,0,0,0,0,0,36.36156
2,38.95555,0,0,0,0,0,0,0,0,0,0,0,0,35.24413
2,27.19744,0,0,0,0,0,0,0,0,0,0,0,0,41.59681
2,37.13318,0,0,0,0,0,0,0,0,0,0,0,0,44.90079
2,35.67924,0,0,0,0,0,0,0,0,0,0,0,0,37.30515
2,33.10831,0,0,0,0,0,0,0,0,0,0,0,0,33.25323
2,35.78284,0,0,0,0,0,0,0,0,0,0,0,0,34.78975
2,36.85695,0,0,0,0,0,0,0,0,0,0,0,0,38.81017
2,36.527,0,0,0,0,0,0,0,0,0,0,0,0,41.00576
2,33.63102,0,0,0,0,0,0,0,0,0,0,0,0,37.15395
2,31.84743,0,0,0,0,0,0,0,0,0,0,0,0,35.81221
2,30.82653,0,0,0,0,0,0,0,0,0,0,0,0,34.83786
2,33.62412,0,0,0,0,0,0,0,0,0,0,0,0,41.51263
2,30.50866,0,0,0,0,0,0,0,0,0,0,0,0,46.60883
2,29.0604,0,0,0,0,0,0,0,0,0,0,0,0,40.5672
2,23.53724,0,0,0,0,0,0,0,0,0,0,0,0,30.01693
2,36.06406,0,0,0,0,0,0,0,0,0,0,0,0,45.39178
2,36.97923,0,0,0,0,0,0,0,0,0,0,0,0,35.22856
2,31.804,0,0,0,0,0,0,0,0,0,0,0,0,33.24354
2,32.06056,0,0,0,0,0,0,0,0,0,0,0,0,36.54803
2,21.08582,0,0,0,0,0,0,0,0,0,0,0,0,32.30295
2,30.3328,0,0,0,0,0,0,0,0,0,0,0,0,37.75086
2,24.89812,0,0,0,0,0,0,0,0,0,0,0,0,33.86873
2,33.13759,0,0,0,0,0,0,0,0,0,0,0,0,37.16696
2,31.24642,0,0,0,0,0,0,0,0,0,0,0,0,31.98792
2,33.79909,0,0,0,0,0,0,0,0,0,0,0,0,36.08629
2,35.91543,0,0,0,0,0,0,0,0,0,0,0,0,41.12627
2,33.83499,0,0,0,0,0,0,0,0,0,0,0,0,36.13374
2,30.63217,0,0,0,0,0,0,0,0,0,0,0,0,38.73392
2,33.83571,0,0,0,0,0,0,0,0,0,0,0,0,39.35036
2,28.59772,0,0,0,0,0,0,0,0,0,0,0,0,30.71156
2,26.89033,0,0,0,0,0,0,0,0,0,0,0,0,34.8908
2,34.36533,0,0,0,0,0,0,0,0,0,0,0,0,34.24586
2,41.24219,0,0,0,0,0,0,0,0,0,0,0,0,44.73663
2,31.55252,0,0,0,0,0,0,0,0,0,0,0,0,35.25902
2,24.66864,0,0,0,0,0,0,0,0,0,0,0,0,34.8008
2,27.87943,0,0,0,0,0,0,0,0,0,0,0,0,35.23165
2,28.14004,0,0,0,0,0,0,0,0,0,0,0,0,30.98585
2,33.25303,0,0,0,0,0,0,0,0,0,0,0,0,34.27582
2,26.72169,0,0,0,0,0,0,0,0,0,0,0,0,31.80777
2,35.81825,0,0,0,0,0,0,0,0,0,0,0,0,45.17445
2,27.34631,0,0,0,0,0,0,0,0,0,0,0,0,31.17087
2,32.44247,0,0,0,0,0,0,0,0,0,0,0,0,45.62894
2,22.82474,0,0,0,0,0,0,0,0,0,0,0,0,30.28164
2,33.00326,0,0,0,0,0,0,0,0,0,0,0,0,39.97952
2,35.67887,0,0,0,0,0,0,0,0,0,0,0,0,35.52074
2,32.22464,0,0,0,0,0,0,0,0,0,0,0,0,48.49833
2,34.25978,0,0,0,0,0,0,0,0,0,0,0,0,33.43558
2,34.88346,0,0,0,0,0,0,0,0,0,0,0,0,39.43768
2,36.70035,0,0,0,0,0,0,0,0,0,0,0,0,40.06101
2,31.36305,0,0,0,0,0,0,0,0,0,0,0,0,36.13154
2,32.81551,0,0,0,0,0,0,0,0,0,0,0,0,37.9441
2,36.57771,0,0,0,0,0,0,0,0,0,0,0,0,45.31566
2,28.64119,0,0,0,0,0,0,0,0,0,0,0,0,35.71736
2,30.12493,0,0,0,0,0,0,0,0,0,0,0,0,30.12656
2,32.18701,0,0,0,0,0,0,0,0,0,0,0,0,36.03769
2,32.08031,0,0,0,0,0,0,0,0,0,0,0,0,38.32995
2,31.54657,0,0,0,0,0,0,0,0,0,0,0,0,32.79275
2,31.01704,0,0,0,0,0,0,0,0,0,0,0,0,46.76439
2,29.88706,0,0,0,0,0,0,0,0,0,0,0,0,36.76672
2,31.44909,0,0,0,0,0,0,0,0,0,0,0,0,47.52777
2,31.32545,0,0,0,0,0,0,0,0,0,0,0,0,33.10087
2,36.47954,0,0,0,0,0,0,0,0,0,0,0,0,42.06598
2,34.98487,0,0,0,0,0,0,0,0,0,0,0,0,32.87714
2,32.31859,0,0,0,0,0,0,0,0,0,0,0,0,32.2777
2,31.71134,0,0,0,0,0,0,0,0,0,0,0,0,33.96075
2,37.71822,0,0,0,0,0,0,0,0,0,0,0,0,41.81398
2,34.12661,0,0,0,0,0,0,0,0,0,0,0,0,40.07209
2,31.73415,0,0,0,0,0,0,0,0,0,0,0,0,38.90892
2,27.36427,0,0,0,0,0,0,0,0,0,0,0,0,46.17909
2,37.37016,0,0,0,0,0,0,0,0,0,0,0,0,39.64081
2,35.91195,0,0,0,0,0,0,0,0,0,0,0,0,42.93962
2,28.33739,0,0,0,0,0,0,0,0,0,0,0,0,34.70657
2,35.69291,0,0,0,0,0,0,0,0,0,0,0,0,41.05089
2,31.05791,0,0,0,0,0,0,0,0,0,0,0,0,35.13667
2,33.70272,0,0,0,0,0,0,0,0,0,0,0,0,32.6468
2,32.62699,0,0,0,0,0,0,0,0,0,0,0,0,34.73407
2,32.08039,0,0,0,0,0,0,0,0,0,0,0,0,33.01837
2,31.10783,0,0,0,0,0,0,0,0,0,0,0,0,37.13457
2,32.09662,0,0,0,0,0,0,0,0,0,0,0,0,36.49039
2,34.29164,0,0,0,0,0,0,0,0,0,0,0,0,33.96367
2,22.57302,0,0,0,0,0,0,0,0,0,0,0,0,35.25615
2,28.18477,0,0,0,0,0,0,0,0,0,0,0,0,32.5264
2,33.8583,0,0,0,0,0,0,0,0,0,0,0,0,34.42255
2,35.59691,0,0,0,0,0,0,0,0,0,0,0,0,38.28346
2,33.06002,0,0,0,0,0,0,0,0,0,0,0,0,31.22248
2,30.40037,0,0,0,0,0,0,0,0,0,0,0,0,40.05472
2,24.8248,0,0,0,0,0,0,0,0,0,0,0,0,30.18986
2,37.08814,0,0,0,0,0,0,0,0,0,0,0,0,42.57129
2,36.13432,0,0,0,0,0,0,0,0,0,0,0,0,42.09637
2,32.88788,0,0,0,0,0,0,0,0,0,0,0,0,31.89534
2,37.57588,0,0,0,0,0,0,0,0,0,0,0,0,38.85186
2,32.52802,0,0,0,0,0,0,0,0,0,0,0,0,35.89693
2,28.67086,0,0,0,0,0,0,0,0,0,0,0,0,30.90773
2,29.2059,0,0,0,0,0,0,0,0,0,0,0,0,35.30627
2,26.1666,0,0,0,0,0,0,0,0,0,0,0,0,29.43182
2,30.35325,0,0,0,0,0,0,0,0,0,0,0,0,34.78482
2,28.74061,0,0,0,0,0,0,0,0,0,0,0,0,31.24435
2,32.10016,0,0,0,0,0,0,0,0,0,0,0,0,38.69889
2,29.37158,0,0,0,0,0,0,0,0,0,0,0,0,37.77171
2,22.70647,0,0,0,0,0,0,0,0,0,0,0,0,27.99203
2,35.48378,0,0,0,0,0,0,0,0,0,0,0,0,48.57967
2,33.14136,0,0,0,0,0,0,0,0,0,0,0,0,32.83666
2,33.89625,0,0,0,0,0,0,0,0,0,0,0,0,38.58063
2,26.39202,0,0,0,0,0,0,0,0,0,0,0,0,33.63575
2,35.0537,0,0,0,0,0,0,0,0,0,0,0,0,35.57228
2,32.35517,0,0,0,0,0,0,0,0,0,0,0,0,33.5857
2,27.5388,0,0,0,0,0,0,0,0,0,0,0,0,27.21894
2,28.7528,0,0,0,0,0,0,0,0,0,0,0,0,31.67004
2,36.28407,0,0,0,0,0,0,0,0,0,0,0,0,34.44022
2,34.97665,0,0,0,0,0,0,0,0,0,0,0,0,45.58905
2,38.63132,0,0,0,0,0,0,0,0,0,0,0,0,43.53153
2,29.4741,0,0,0,0,0,0,0,0,0,0,0,0,39.2408
2,31.91399,0,0,0,0,0,0,0,0,0,0,0,0,34.67319
2,34.18316,0,0,0,0,0,0,0,0,0,0,0,0,42.65415
2,36.70718,0,0,0,0,0,0,0,0,0,0,0,0,41.72118
2,38.17433,0,0,0,0,0,0,0,0,0,0,0,0,44.73192
2,35.46608,0,0,0,0,0,0,0,0,0,0,0,0,44.10862
2,29.50275,0,0,0,0,0,0,0,0,0,0,0,0,34.57487
2,25.45899,0,0,0,0,0,0,0,0,0,0,0,0,35.22849
2,32.80986,0,0,0,0,0,0,0,0,0,0,0,0,36.74452
2,26.35446,0,0,0,0,0,0,0,0,0,0,0,0,34.19431
2,31.91096,0,0,0,0,0,0,0,0,0,0,0,0,39.92715
2,34.12767,0,0,0,0,0,0,0,0,0,0,0,0,34.67685
2,35.69598,0,0,0,0,0,0,0,0,0,0,0,0,42.01114
2,36.69998,0,0,0,0,0,0,0,0,0,0,0,0,38.78435
2,22.55481,0,0,0,0,0,0,0,0,0,0,0,0,34.9175
2,32.8454,0,0,0,0,0,0,0,0,0,0,0,0,37.21778
2,33.87685,0,0,0,0,0,0,0,0,0,0,0,0,37.41526
2,37.34171,0,0,0,0,0,0,0,0,0,0,0,0,44.75632
2,30.80013,0,0,0,0,0,0,0,0,0,0,0,0,35.82467
2,36.39154,0,0,0,0,0,0,0,0,0,0,0,0,35.50039
2,32.85879,0,0,0,0,0,0,0,0,0,0,0,0,38.2583
2,34.54884,0,0,0,0,0,0,0,0,0,0,0,0,37.01442
2,33.81268,0,0,0,0,0,0,0,0,0,0,0,0,43.68044
2,34.38801,0,0,0,0,0,0,0,0,0,0,0,0,34.87654
2,27.07487,0,0,0,0,0,0,0,0,0,0,0,0,32.17485
2,29.28136,0,0,0,0,0,0,0,0,0,0,0,0,37.07088
2,28.35656,0,0,0,0,0,0,0,0,0,0,0,0,36.38885
2,37.29121,0,0,0,0,0,0,0,0,0,0,0,0,43.42501
2,30.87733,0,0,0,0,0,0,0,0,0,0,0,0,37.80022
2,38.97018,0,0,0,0,0,0,0,0,0,0,0,0,39.26415
2,35.61993,0,0,0,0,0,0,0,0,0,0,0,0,32.4612
2,28.92193,0,0,0,0,0,0,0,0,0,0,0,0,37.16158
2,27.3005,0,0,0,0,0,0,0,0,0,0,0,0,32.64669
2,31.12224,0,0,0,0,0,0,0,0,0,0,0,0,42.99739
2,28.22661,0,0,0,0,0,0,0,0,0,0,0,0,32.86266
2,34.10055,0,0,0,0,0,0,0,0,0,0,0,0,34.28786
2,25.9244,0,0,0,0,0,0,0,0,0,0,0,0,34.47718
2,31.86447,0,0,0,0,0,0,0,0,0,0,0,0,37.49598
2,30.20826,0,0,0,0,0,0,0,0,0,0,0,0,34.49977
2,26.80123,0,0,0,0,0,0,0,0,0,0,0,0,30.71019
2,32.3987,0,0,0,0,0,0,0,0,0,0,0,0,35.08281
2,39.37236,0,0,0,0,0,0,0,0,0,0,0,0,45.02426
2,34.39933,0,0,0,0,0,0,0,0,0,0,0,0,37.11925
2,23.63161,0,0,0,0,0,0,0,0,0,0,0,0,30.6399
2,34.60423,0,0,0,0,0,0,0,0,0,0,0,0,39.13605
2,28.42938,0,0,0,0,0,0,0,0,0,0,0,0,31.67354
2,34.0006,0,0,0,0,0,0,0,0,0,0,0,0,47.22749
2,27.53144,0,0,0,0,0,0,0,0,0,0,0,0,35.09642
2,37.64876,0,0,0,0,0,0,0,0,0,0,0,0,41.00574
2,26.79481,0,0,0,0,0,0,0,0,0,0,0,0,45.46856
2,34.15977,0,0,0,0,0,0,0,0,0,0,0,0,35.40164
2,27.68553,0,0,0,0,0,0,0,0,0,0,0,0,35.70876
2,27.25035,0,0,0,0,0,0,0,0,0,0,0,0,38.48162
2,31.24285,0,0,0,0,0,0,0,0,0,0,0,0,37.80251
2,33.62591,0,0,0,0,0,0,0,0,0,0,0,0,33.76128
2,34.32854,0,0,0,0,0,0,0,0,0,0,0,0,36.94636
2,32.61207,0,0,0,0,0,0,0,0,0,0,0,0,44.29401
2,26.43742,0,0,0,0,0,0,0,0,0,0,0,0,31.59393
2,36.57122,0,0,0,0,0,0,0,0,0,0,0,0,43.08557
2,28.98381,0,0,0,0,0,0,0,0,0,0,0,0,34.44294
2,33.91789,0,0,0,0,0,0,0,0,0,0,0,0,40.31092
2,34.62064,0,0,0,0,0,0,0,0,0,0,0,0,37.6458
2,34.00553,0,0,0,0,0,0,0,0,0,0,0,0,39.48792
2,25.33378,0,0,0,0,0,0,0,0,0,0,0,0,35.08126
2,26.57958,0,0,0,0,0,0,0,0,0,0,0,0,33.65988
2,30.01052,0,0,0,0,0,0,0,0,0,0,0,0,34.30941
2,39.33727,0,0,0,0,0,0,0,0,0,0,0,0,45.02884
2,31.31776,0,0,0,0,0,0,0,0,0,0,0,0,35.77621
2,26.57655,0,0,0,0,0,0,0,0,0,0,0,0,47.92182
2,33.97887,0,0,0,0,0,0,0,0,0,0,0,0,37.5322
2,35.13084,0,0,0,0,0,0,0,0,0,0,0,0,44.65124
2,32.94816,0,0,0,0,0,0,0,0,0,0,0,0,32.78393
2,36.64175,0,0,0,0,0,0,0,0,0,0,0,0,45.12708
2,24.81598,0,0,0,0,0,0,0,0,0,0,0,0,37.07985
2,28.37091,0,0,0,0,0,0,0,0,0,0,0,0,32.5172
2,33.37698,0,0,0,0,0,0,0,0,0,0,0,0,33.5619
2,31.71056,0,0,0,0,0,0,0,0,0,0,0,0,47.60127
2,35.93124,0,0,0,0,0,0,0,0,0,0,0,0,44.07949
2,26.10525,0,0,0,0,0,0,0,0,0,0,0,0,35.78049
2,29.96342,0,0,0,0,0,0,0,0,0,0,0,0,32.98296
2,36.887,0,0,0,0,0,0,0,0,0,0,0,0,38.36917
2,28.92691,0,0,0,0,0,0,0,0,0,0,0,0,33.44519
2,32.1103,0,0,0,0,0,0,0,0,0,0,0,0,33.24754
2,29.12367,0,0,0,0,0,0,0,0,0,0,0,0,34.21544
2,30.33474,0,0,0,0,0,0,0,0,0,0,0,0,41.00954
2,37.01297,0,0,0,0,0,0,0,0,0,0,0,0,44.37938
2,33.98689,0,0,0,0,0,0,0,0,0,0,0,0,42.942
2,30.39751,0,0,0,0,0,0,0,0,0,0,0,0,47.57195
2,30.56591,0,0,0,0,0,0,0,0,0,0,0,0,43.87469
2,35.30815,0,0,0,0,0,0,0,0,0,0,0,0,37.71388
2,36.84525,0,0,0,0,0,0,0,0,0,0,0,0,39.59158
2,29.56615,0,0,0,0,0,0,0,0,0,0,0,0,38.72297
2,29.77125,0,0,0,0,0,0,0,0,0,0,0,0,43.60763
2,35.44042,0,0,0,0,0,0,0,0,0,0,0,0,34.39054
2,33.99907,0,0,0,0,0,0,0,0,0,0,0,0,38.27447
2,33.96533,0,0,0,0,0,0,0,0,0,0,0,0,36.13461
2,32.64783,0,0,0,0,0,0,0,0,0,0,0,0,37.81887
2,28.04235,0,0,0,0,0,0,0,0,0,0,0,0,46.1272
2,26.22315,0,0,0,0,0,0,0,0,0,0,0,0,31.41463
2,31.53492,0,0,0,0,0,0,0,0,0,0,0,0,33.85045
2,36.99151,0,0,0,0,0,0,0,0,0,0,0,0,41.1222
2,27.17049,0,0,0,0,0,0,0,0,0,0,0,0,35.21799
2,40.15822,0,0,0,0,0,0,0,0,0,0,0,0,38.37521
2,33.3144,0,0,0,0,0,0,0,0,0,0,0,0,46.79356
2,23.49181,0,0,0,0,0,0,0,0,0,0,0,0,34.19769
2,32.8591,0,0,0,0,0,0,0,0,0,0,0,0,48.56963
2,36.20547,0,0,0,0,0,0,0,0,0,0,0,0,46.97762
2,26.52698,0,0,0,0,0,0,0,0,0,0,0,0,30.21283
2,33.97452,0,0,0,0,0,0,0,0,0,0,0,0,35.56419
2,22.42598,0,0,0,0,0,0,0,0,0,0,0,0,31.6498
2,28.88477,0,0,0,0,0,0,0,0,0,0,0,0,34.46064
2,32.01466,0,0,0,0,0,0,0,0,0,0,0,0,42.21411
2,36.41664,0,0,0,0,0,0,0,0,0,0,0,0,41.60133
2,29.45278,0,0,0,0,0,0,0,0,0,0,0,0,39.09372
2,35.65065,0,0,0,0,0,0,0,0,0,0,0,0,39.3359
2,28.98122,0,0,0,0,0,0,0,0,0,0,0,0,45.74891
2,26.36421,0,0,0,0,0,0,0,0,0,0,0,0,46.5282
2,35.25376,0,0,0,0,0,0,0,0,0,0,0,0,35.90779
2,37.79898,0,0,0,0,0,0,0,0,0,0,0,0,39.47628
2,36.63746,0,0,0,0,0,0,0,0,0,0,0,0,36.83347
2,32.05887,0,0,0,0,0,0,0,0,0,0,0,0,36.05207
2,35.17899,0,0,0,0,0,0,0,0,0,0,0,0,46.49754
2,36.74719,0,0,0,0,0,0,0,0,0,0,0,0,45.80301
2,26.59004,0,0,0,0,0,0,0,0,0,0,0,0,33.55031
2,26.09719,0,0,0,0,0,0,0,0,0,0,0,0,34.57084
2,35.437,0,0,0,0,0,0,0,0,0,0,0,0,37.88364
2,40.62808,0,0,0,0,0,0,0,0,0,0,0,0,39.07816
2,34.37642,0,0,0,0,0,0,0,0,0,0,0,0,39.43218
2,34.42553,0,0,0,0,0,0,0,0,0,0,0,0,32.46873
2,36.12778,0,0,0,0,0,0,0,0,0,0,0,0,37.30054
2,33.00396,0,0,0,0,0,0,0,0,0,0,0,0,34.56445
2,35.82161,0,0,0,0,0,0,0,0,0,0,0,0,34.4557
2,33.27247,0,0,0,0,0,0,0,0,0,0,0,0,34.03395
2,40.76412,0,0,0,0,0,0,0,0,0,0,0,0,46.09334
2,32.65769,0,0,0,0,0,0,0,0,0,0,0,0,46.8252
2,37.49602,0,0,0,0,0,0,0,0,0,0,0,0,37.04449
2,26.58384,0,0,0,0,0,0,0,0,0,0,0,0,33.694
2,26.52035,0,0,0,0,0,0,0,0,0,0,0,0,36.3638
2,29.52879,0,0,0,0,0,0,0,0,0,0,0,0,32.08272
2,36.96287,0,0,0,0,0,0,0,0,0,0,0,0,38.82822
2,28.5465,0,0,0,0,0,0,0,0,0,0,0,0,37.04579
2,36.23468,0,0,0,0,0,0,0,0,0,0,0,0,36.61071
2,33.02316,0,0,0,0,0,0,0,0,0,0,0,0,42.32148
2,30.71821,0,0,0,0,0,0,0,0,0,0,0,0,31.84497
2,25.63963,0,0,0,0,0,0,0,0,0,0,0,0,36.66227
2,31.07528,0,0,0,0,0,0,0,0,0,0,0,0,42.1345
2,31.63235,0,0,0,0,0,0,0,0,0,0,0,0,33.85806
2,29.56012,0,0,0,0,0,0,0,0,0,0,0,0,42.74284
2,36.96725,0,0,0,0,0,0,0,0,0,0,0,0,39.599
2,30.21659,0,0,0,0,0,0,0,0,0,0,0,0,37.86337
2,33.93013,0,0,0,0,0,0,0,0,0,0,0,0,37.57572
2,32.43827,0,0,0,0,0,0,0,0,0,0,0,0,36.85508
2,30.96648,0,0,0,0,0,0,0,0,0,0,0,0,36.16716
2,37.33345,0,0,0,0,0,0,0,0,0,0,0,0,46.1319
2,32.24955,0,0,0,0,0,0,0,0,0,0,0,0,47.0641
2,33.7072,0,0,0,0,0,0,0,0,0,0,0,0,40.26984
2,40.30257,0,0,0,0,0,0,0,0,0,0,0,0,46.3815
2,28.59249,0,0,0,0,0,0,0,0,0,0,0,0,38.97484
2,28.45282,0,0,0,0,0,0,0,0,0,0,0,0,44.22159
2,35.44695,0,0,0,0,0,0,0,0,0,0,0,0,37.90019
2,33.09959,0,0,0,0,0,0,0,0,0,0,0,0,35.99477
2,30.53092,0,0,0,0,0,0,0,0,0,0,0,0,37.40775
2,40.90269,0,0,0,0,0,0,0,0,0,0,0,0,41.62266
2,41.54835,0,0,0,0,0,0,0,0,0,0,0,0,45.36378
2,29.0065,0,0,0,0,0,0,0,0,0,0,0,0,46.2705
2,31.4823,0,0,0,0,0,0,0,0,0,0,0,0,43.83892
2,29.04088,0,0,0,0,0,0,0,0,0,0,0,0,38.12467
2,23.11321,0,0,0,0,0,0,0,0,0,0,0,0,38.03817
2,31.87501,0,0,0,0,0,0,0,0,0,0,0,0,44.90247
2,31.71489,0,0,0,0,0,0,0,0,0,0,0,0,36.95404
2,32.01602,0,0,0,0,0,0,0,0,0,0,0,0,43.8301
2,31.72857,0,0,0,0,0,0,0,0,0,0,0,0,38.98085
2,36.58601,0,0,0,0,0,0,0,0,0,0,0,0,39.74147
2,30.92964,0,0,0,0,0,0,0,0,0,0,0,0,35.66498
2,35.57886,0,0,0,0,0,0,0,0,0,0,0,0,39.23285
2,31.79578,0,0,0,0,0,0,0,0,0,0,0,0,39.62877
2,32.79929,0,0,0,0,0,0,0,0,0,0,0,0,34.75958
2,39.98545,0,0,0,0,0,0,0,0,0,0,0,0,36.65253
2,30.86773,0,0,0,0,0,0,0,0,0,0,0,0,36.54699
2,34.03378,0,0,0,0,0,0,0,0,0,0,0,0,43.42434
2,35.78495,0,0,0,0,0,0,0,0,0,0,0,0,43.63069
2,32.51397,0,0,0,0,0,0,0,0,0,0,0,0,40.43906
2,28.09101,0,0,0,0,0,0,0,0,0,0,0,0,44.30812
2,36.79061,0,0,0,0,0,0,0,0,0,0,0,0,42.37895
2,33.9844,0,0,0,0,0,0,0,0,0,0,0,0,46.65341
2,38.55152,0,0,0,0,0,0,0,0,0,0,0,0,39.08461
2,33.4946,0,0,0,0,0,0,0,0,0,0,0,0,47.74354
2,37.80997,0,0,0,0,0,0,0,0,0,0,0,0,37.37946
2,33.77854,0,0,0,0,0,0,0,0,0,0,0,0,46.07864
2,33.90173,0,0,0,0,0,0,0,0,0,0,0,0,34.57925
2,25.45523,0,0,0,0,0,0,0,0,0,0,0,0,33.54546
2,28.80217,0,0,0,0,0,0,0,0,0,0,0,0,40.2718
2,29.44051,0,0,0,0,0,0,0,0,0,0,0,0,36.03936
2,27.6872,0,0,0,0,0,0,0,0,0,0,0,0,35.75796
2,37.63749,0,0,0,0,0,0,0,0,0,0,0,0,43.11926
2,32.18785,0,0,0,0,0,0,0,0,0,0,0,0,39.02106
2,33.00686,0,0,0,0,0,0,0,0,0,0,0,0,41.51871
2,31.72357,0,0,0,0,0,0,0,0,0,0,0,0,45.05975
2,36.47915,0,0,0,0,0,0,0,0,0,0,0,0,41.29005
2,31.78887,0,0,0,0,0,0,0,0,0,0,0,0,45.252
2,33.35885,0,0,0,0,0,0,0,0,0,0,0,0,41.09362
2,29.84221,0,0,0,0,0,0,0,0,0,0,0,0,47.45496
2,34.91104,0,0,0,0,0,0,0,0,0,0,0,0,48.12046
2,35.64093,0,0,0,0,0,0,0,0,0,0,0,0,45.82457
2,36.55186,0,0,0,0,0,0,0,0,0,0,0,0,38.9532
2,37.14176,0,0,0,0,0,0,0,0,0,0,0,0,40.89489
2,31.47387,0,0,0,0,0,0,0,0,0,0,0,0,36.64575
2,37.8696,0,0,0,0,0,0,0,0,0,0,0,0,42.65569
2,31.59659,0,0,0,0,0,0,0,0,0,0,0,0,37.90285
2,35.36958,0,0,0,0,0,0,0,0,0,0,0,0,36.4472
2,32.04831,0,0,0,0,0,0,0,0,0,0,0,0,35.0536
2,29.59522,0,0,0,0,0,0,0,0,0,0,0,0,37.6088
2,28.46811,0,0,0,0,0,0,0,0,0,0,0,0,31.72853
2,31.8022,0,0,0,0,0,0,0,0,0,0,0,0,38.94254
2,31.96146,0,0,0,0,0,0,0,0,0,0,0,0,36.53062
2,30.3667,0,0,0,0,0,0,0,0,0,0,0,0,38.40248
2,32.79399,0,0,0,0,0,0,0,0,0,0,0,0,35.5156
2,32.83623,0,0,0,0,0,0,0,0,0,0,0,0,39.20556
2,28.82248,0,0,0,0,0,0,0,0,0,0,0,0,37.3459
2,36.89761,0,0,0,0,0,0,0,0,0,0,0,0,36.39697
2,31.89879,0,0,0,0,0,0,0,0,0,0,0,0,40.91322
2,29.69402,0,0,0,0,0,0,0,0,0,0,0,0,36.70005
2,33.8636,0,0,0,0,0,0,0,0,0,0,0,0,35.77199
2,33.77554,0,0,0,0,0,0,0,0,0,0,0,0,38.0816
2,35.83723,0,0,0,0,0,0,0,0,0,0,0,0,38.39925
2,36.42622,0,0,0,0,0,0,0,0,0,0,0,0,38.45978
2,37.0921,0,0,0,0,0,0,0,0,0,0,0,0,39.43019
2,30.49875,0,0,0,0,0,0,0,0,0,0,0,0,36.37844
2,28.40467,0,0,0,0,0,0,0,0,0,0,0,0,32.81516
2,29.14197,0,0,0,0,0,0,0,0,0,0,0,0,47.99034
2,29.79612,0,0,0,0,0,0,0,0,0,0,0,0,40.06616
2,36.03083,0,0,0,0,0,0,0,0,0,0,0,0,47.98666
2,23.84965,0,0,0,0,0,0,0,0,0,0,0,0,27.46589
2,33.40461,0,0,0,0,0,0,0,0,0,0,0,0,45.56478
2,33.09736,0,0,0,0,0,0,0,0,0,0,0,0,39.51559
2,34.89573,0,0,0,0,0,0,0,0,0,0,0,0,40.31708
2,32.6572,0,0,0,0,0,0,0,0,0,0,0,0,35.36339
2,29.74552,0,0,0,0,0,0,0,0,0,0,0,0,45.31774
2,29.6701,0,0,0,0,0,0,0,0,0,0,0,0,37.7282
2,29.67255,0,0,0,0,0,0,0,0,0,0,0,0,42.95913
2,35.40189,0,0,0,0,0,0,0,0,0,0,0,0,42.64017
2,32.50719,0,0,0,0,0,0,0,0,0,0,0,0,41.20087
2,37.68615,0,0,0,0,0,0,0,0,0,0,0,0,38.94382
2,38.57587,0,0,0,0,0,0,0,0,0,0,0,0,39.99746
2,33.54587,0,0,0,0,0,0,0,0,0,0,0,0,42.84522
2,19.58028,0,0,0,0,0,0,0,0,0,0,0,0,30.74206
2,37.97133,0,0,0,0,0,0,0,0,0,0,0,0,40.69754
2,34.5588,0,0,0,0,0,0,0,0,0,0,0,0,36.01823
2,40.07798,0,0,0,0,0,0,0,0,0,0,0,0,36.53438
2,30.10493,0,0,0,0,0,0,0,0,0,0,0,0,36.96948
2,27.92155,0,0,0,0,0,0,0,0,0,0,0,0,35.17812
2,35.46593,0,0,0,0,0,0,0,0,0,0,0,0,44.12438
2,33.19072,0,0,0,0,0,0,0,0,0,0,0,0,45.8035
2,35.82413,0,0,0,0,0,0,0,0,0,0,0,0,41.25724
2,31.41865,0,0,0,0,0,0,0,0,0,0,0,0,47.66555
2,32.01697,0,0,0,0,0,0,0,0,0,0,0,0,42.46035
2,34.34926,0,0,0,0,0,0,0,0,0,0,0,0,41.31969
2,36.43573,0,0,0,0,0,0,0,0,0,0,0,0,39.00626
2,30.09655,0,0,0,0,0,0,0,0,0,0,0,0,46.41428
2,31.18242,0,0,0,0,0,0,0,0,0,0,0,0,47.55967
2,33.1518,0,0,0,0,0,0,0,0,0,0,0,0,35.88198
2,31.77015,0,0,0,0,0,0,0,0,0,0,0,0,37.53759
2,34.29247,0,0,0,0,0,0,0,0,0,0,0,0,38.91089
2,34.85331,0,0,0,0,0,0,0,0,0,0,0,0,44.84417
2,32.19403,0,0,0,0,0,0,0,0,0,0,0,0,40.38422
2,32.85148,0,0,0,0,0,0,0,0,0,0,0,0,37.90157
2,35.85654,0,0,0,0,0,0,0,0,0,0,0,0,39.68021
2,32.78608,0,0,0,0,0,0,0,0,0,0,0,0,37.01928
2,31.87335,0,0,0,0,0,0,0,0,0,0,0,0,36.56628
2,25.02802,0,0,0,0,0,0,0,0,0,0,0,0,35.53564
2,34.42772,0,0,0,0,0,0,0,0,0,0,0,0,46.08989
2,30.40525,0,0,0,0,0,0,0,0,0,0,0,0,35.71571
2,27.87547,0,0,0,0,0,0,0,0,0,0,0,0,33.57603
2,39.38237,0,0,0,0,0,0,0,0,0,0,0,0,40.22134
2,38.99417,0,0,0,0,0,0,0,0,0,0,0,0,41.43707
2,32.88901,0,0,0,0,0,0,0,0,0,0,0,0,45.3173
2,31.36139,0,0,0,0,0,0,0,0,0,0,0,0,37.60998
2,34.33015,0,0,0,0,0,0,0,0,0,0,0,0,39.31646
2,33.79982,0,0,0,0,0,0,0,0,0,0,0,0,35.27127
2,33.27272,0,0,0,0,0,0,0,0,0,0,0,0,45.97324
2,36.05994,0,0,0,0,0,0,0,0,0,0,0,0,41.05841
2,36.42092,0,0,0,0,0,0,0,0,0,0,0,0,45.77489
2,27.55839,0,0,0,0,0,0,0,0,0,0,0,0,45.86526
2,35.54123,0,0,0,0,0,0,0,0,0,0,0,0,45.65631
2,32.59293,0,0,0,0,0,0,0,0,0,0,0,0,41.45413
2,30.32916,0,0,0,0,0,0,0,0,0,0,0,0,36.78598
2,39.07438,0,0,0,0,0,0,0,0,0,0,0,0,44.4641
2,41.09041,0,0,0,0,0,0,0,0,0,0,0,0,39.83578
2,35.49545,0,0,0,0,0,0,0,0,0,0,0,0,45.57162
2,32.12055,0,0,0,0,0,0,0,0,0,0,0,0,42.94176
2,29.53556,0,0,0,0,0,0,0,0,0,0,0,0,34.90181
2,33.90429,0,0,0,0,0,0,0,0,0,0,0,0,48.03802
2,28.34115,0,0,0,0,0,0,0,0,0,0,0,0,47.36876
2,37.65153,0,0,0,0,0,0,0,0,0,0,0,0,46.66763
2,34.88181,0,0,0,0,0,0,0,0,0,0,0,0,43.83624
2,36.14539,0,0,0,0,0,0,0,0,0,0,0,0,46.33973
2,36.66457,0,0,0,0,0,0,0,0,0,0,0,0,43.6339
2,32.33598,0,0,0,0,0,0,0,0,0,0,0,0,37.40654
2,33.15996,0,0,0,0,0,0,0,0,0,0,0,0,36.57661
2,33.57178,0,0,0,0,0,0,0,0,0,0,0,0,37.2119
2,32.71901,0,0,0,0,0,0,0,0,0,0,0,0,45.79863
2,35.64827,0,0,0,0,0,0,0,0,0,0,0,0,44.62761
2,37.24017,0,0,0,0,0,0,0,0,0,0,0,0,45.97279
2,33.8596,0,0,0,0,0,0,0,0,0,0,0,0,47.03059
2,28.60001,0,0,0,0,0,0,0,0,0,0,0,0,33.67344
2,31.24971,0,0,0,0,0,0,0,0,0,0,0,0,34.28172
2,28.54019,0,0,0,0,0,0,0,0,0,0,0,0,35.21418
2,38.02938,0,0,0,0,0,0,0,0,0,0,0,0,37.87364
2,38.85762,0,0,0,0,0,0,0,0,0,0,0,0,38.64296
2,40.75474,0,0,0,0,0,0,0,0,0,0,0,0,39.12743
2,33.04446,0,0,0,0,0,0,0,0,0,0,0,0,43.89367
2,35.86264,0,0,0,0,0,0,0,0,0,0,0,0,34.15104
2,31.58758,0,0,0,0,0,0,0,0,0,0,0,0,37.70127
2,30.38007,0,0,0,0,0,0,0,0,0,0,0,0,35.8423
2,31.19584,0,0,0,0,0,0,0,0,0,0,0,0,38.53054
2,41.83323,0,0,0,0,0,0,0,0,0,0,0,0,48.82763
2,35.97107,0,0,0,0,0,0,0,0,0,0,0,0,44.06003
2,35.34101,0,0,0,0,0,0,0,0,0,0,0,0,37.6738
2,29.33054,0,0,0,0,0,0,0,0,0,0,0,0,35.79517
2,39.85733,0,0,0,0,0,0,0,0,0,0,0,0,39.20646
2,30.49543,0,0,0,0,0,0,0,0,0,0,0,0,32.17706
2,30.9584,0,0,0,0,0,0,0,0,0,0,0,0,34.11558
2,34.79336,0,0,0,0,0,0,0,0,0,0,0,0,35.74421
2,29.35011,0,0,0,0,0,0,0,0,0,0,0,0,37.8724
2,28.62311,0,0,0,0,0,0,0,0,0,0,0,0,38.44037
2,31.93557,0,0,0,0,0,0,0,0,0,0,0,0,44.6062
2,34.46825,0,0,0,0,0,0,0,0,0,0,0,0,43.24339
2,31.70008,0,0,0,0,0,0,0,0,0,0,0,0,40.56397
2,35.11686,0,0,0,0,0,0,0,0,0,0,0,0,36.98225
2,38.506,0,0,0,0,0,0,0,0,0,0,0,0,44.13844
2,41.43989,0,0,0,0,0,0,0,0,0,0,0,0,46.55919
2,24.87195,0,0,0,0,0,0,0,0,0,0,0,0,38.34386
2,33.40507,0,0,0,0,0,0,0,0,0,0,0,0,35.52765
2,39.39823,0,0,0,0,0,0,0,0,0,0,0,0,44.60421
2,27.7039,0,0,0,0,0,0,0,0,0,0,0,0,41.03143
2,33.39489,0,0,0,0,0,0,0,0,0,0,0,0,35.84245
2,32.02026,0,0,0,0,0,0,0,0,0,0,0,0,38.13147
2,38.84535,0,0,0,0,0,0,0,0,0,0,0,0,44.02406
2,35.22974,0,0,0,0,0,0,0,0,0,0,0,0,38.49014
2,36.64555,0,0,0,0,0,0,0,0,0,0,0,0,39.11151
2,34.77375,0,0,0,0,0,0,0,0,0,0,0,0,40.72637
2,36.52083,0,0,0,0,0,0,0,0,0,0,0,0,34.69696
2,35.28844,0,0,0,0,0,0,0,0,0,0,0,0,42.27786
2,30.57909,0,0,0,0,0,0,0,0,0,0,0,0,37.04745
2,32.56462,0,0,0,0,0,0,0,0,0,0,0,0,37.15474
2,35.8034,0,0,0,0,0,0,0,0,0,0,0,0,40.8861
2,39.44687,0,0,0,0,0,0,0,0,0,0,0,0,40.00574
2,31.38708,0,0,0,0,0,0,0,0,0,0,0,0,46.1496
2,38.22858,0,0,0,0,0,0,0,0,0,0,0,0,40.87072
2,32.28804,0,0,0,0,0,0,0,0,0,0,0,0,36.80218
2,33.84647,0,0,0,0,0,0,0,0,0,0,0,0,40.75816
2,34.64283,0,0,0,0,0,0,0,0,0,0,0,0,46.20527
2,35.96281,0,0,0,0,0,0,0,0,0,0,0,0,44.49729
2,36.3135,0,0,0,0,0,0,0,0,0,0,0,0,45.18388
2,35.00172,0,0,0,0,0,0,0,0,0,0,0,0,44.89434
2,39.12135,0,0,0,0,0,0,0,0,0,0,0,0,39.05742
2,35.43946,0,0,0,0,0,0,0,0,0,0,0,0,34.18267
2,36.13913,0,0,0,0,0,0,0,0,0,0,0,0,41.8716
2,25.94565,0,0,0,0,0,0,0,0,0,0,0,0,36.0562
2,34.20773,0,0,0,0,0,0,0,0,0,0,0,0,40.4855
2,31.58907,0,0,0,0,0,0,0,0,0,0,0,0,35.50735
2,35.22335,0,0,0,0,0,0,0,0,0,0,0,0,45.82674
2,38.97985,0,0,0,0,0,0,0,0,0,0,0,0,42.86755
2,29.00785,0,0,0,0,0,0,0,0,0,0,0,0,33.60863
2,34.4081,0,0,0,0,0,0,0,0,0,0,0,0,37.87439
2,28.197,0,0,0,0,0,0,0,0,0,0,0,0,37.14315
2,34.52727,0,0,0,0,0,0,0,0,0,0,0,0,40.22831
2,34.52877,0,0,0,0,0,0,0,0,0,0,0,0,37.08831
2,27.65466,0,0,0,0,0,0,0,0,0,0,0,0,30.78662
2,30.64304,0,0,0,0,0,0,0,0,0,0,0,0,38.32767
2,26.15441,0,0,0,0,0,0,0,0,0,0,0,0,31.01905
2,35.67052,0,0,0,0,0,0,0,0,0,0,0,0,46.21455
2,31.30923,0,0,0,0,0,0,0,0,0,0,0,0,34.93327
2,28.81669,0,0,0,0,0,0,0,0,0,0,0,0,34.853
2,39.77589,0,0,0,0,0,0,0,0,0,0,0,0,46.83944
2,38.64769,0,0,0,0,0,0,0,0,0,0,0,0,45.57299
2,36.3186,0,0,0,0,0,0,0,0,0,0,0,0,39.36168
2,24.93784,0,0,0,0,0,0,0,0,0,0,0,0,34.64067
2,32.93437,0,0,0,0,0,0,0,0,0,0,0,0,42.4896
2,33.83731,0,0,0,0,0,0,0,0,0,0,0,0,43.40239
2,28.73752,0,0,0,0,0,0,0,0,0,0,0,0,34.43333
2,32.20536,0,0,0,0,0,0,0,0,0,0,0,0,45.07171
2,39.98323,0,0,0,0,0,0,0,0,0,0,0,0,39.05628
2,30.37438,0,0,0,0,0,0,0,0,0,0,0,0,47.65642
2,29.00417,0,0,0,0,0,0,0,0,0,0,0,0,36.35594
2,31.40455,0,0,0,0,0,0,0,0,0,0,0,0,37.40514
2,34.82247,0,0,0,0,0,0,0,0,0,0,0,0,40.57652
2,26.31704,0,0,0,0,0,0,0,0,0,0,0,0,36.24686
2,30.86959,0,0,0,0,0,0,0,0,0,0,0,0,32.79449
2,29.4645,0,0,0,0,0,0,0,0,0,0,0,0,34.95498
2,33.91171,0,0,0,0,0,0,0,0,0,0,0,0,45.30443
2,33.19513,0,0,0,0,0,0,0,0,0,0,0,0,45.12503
2,31.74941,0,0,0,0,0,0,0,0,0,0,0,0,34.83332
2,35.14486,0,0,0,0,0,0,0,0,0,0,0,0,35.63417
2,31.11153,0,0,0,0,0,0,0,0,0,0,0,0,35.77576
2,30.51193,0,0,0,0,0,0,0,0,0,0,0,0,39.73809
2,32.49477,0,0,0,0,0,0,0,0,0,0,0,0,37.5575
2,21.71806,0,0,0,0,0,0,0,0,0,0,0,0,34.13095
2,33.3994,0,0,0,0,0,0,0,0,0,0,0,0,38.73637
2,33.38726,0,0,0,0,0,0,0,0,0,0,0,0,35.46037
2,33.30149,0,0,0,0,0,0,0,0,0,0,0,0,37.84435
2,26.17918,0,0,0,0,0,0,0,0,0,0,0,0,35.56113
2,29.04538,0,0,0,0,0,0,0,0,0,0,0,0,33.16375
2,37.00539,0,0,0,0,0,0,0,0,0,0,0,0,42.28727
2,29.81754,0,0,0,0,0,0,0,0,0,0,0,0,36.45845
2,28.09445,0,0,0,0,0,0,0,0,0,0,0,0,37.10759
2,34.27385,0,0,0,0,0,0,0,0,0,0,0,0,42.7195
2,37.83369,0,0,0,0,0,0,0,0,0,0,0,0,40.98351
2,32.15714,0,0,0,0,0,0,0,0,0,0,0,0,45.24369
2,31.0019,0,0,0,0,0,0,0,0,0,0,0,0,37.16811
2,33.46549,0,0,0,0,0,0,0,0,0,0,0,0,40.48278
2,37.45063,0,0,0,0,0,0,0,0,0,0,0,0,37.99332
2,28.97163,0,0,0,0,0,0,0,0,0,0,0,0,36.59603
2,31.95099,0,0,0,0,0,0,0,0,0,0,0,0,46.43172
2,25.84317,0,0,0,0,0,0,0,0,0,0,0,0,31.19618
2,37.34721,0,0,0,0,0,0,0,0,0,0,0,0,41.12093
2,36.08524,0,0,0,0,0,0,0,0,0,0,0,0,46.73328
2,25.27723,0,0,0,0,0,0,0,0,0,0,0,0,34.63752
2,28.79793,0,0,0,0,0,0,0,0,0,0,0,0,44.66453
2,36.28884,0,0,0,0,0,0,0,0,0,0,0,0,43.28893
2,36.01563,0,0,0,0,0,0,0,0,0,0,0,0,39.7204
2,32.65576,0,0,0,0,0,0,0,0,0,0,0,0,36.10647
2,33.27003,0,0,0,0,0,0,0,0,0,0,0,0,45.85761
2,35.0493,0,0,0,0,0,0,0,0,0,0,0,0,36.13622
2,35.46439,0,0,0,0,0,0,0,0,0,0,0,0,44.1016
2,31.36321,0,0,0,0,0,0,0,0,0,0,0,0,37.1856
2,34.26846,0,0,0,0,0,0,0,0,0,0,0,0,44.02246
2,30.04593,0,0,0,0,0,0,0,0,0,0,0,0,43.08308
2,28.53555,0,0,0,0,0,0,0,0,0,0,0,0,34.14362
2,35.7977,0,0,0,0,0,0,0,0,0,0,0,0,37.86943
2,33.3392,0,0,0,0,0,0,0,0,0,0,0,0,32.28091
2,30.3543,0,0,0,0,0,0,0,0,0,0,0,0,37.25744
2,38.02763,0,0,0,0,0,0,0,0,0,0,0,0,34.23273
2,34.21294,0,0,0,0,0,0,0,0,0,0,0,0,34.95117
2,33.60381,0,0,0,0,0,0,0,0,0,0,0,0,34.32104
2,38.63728,0,0,0,0,0,0,0,0,0,0,0,0,44.48524
2,27.36497,0,0,0,0,0,0,0,0,0,0,0,0,37.80291
2,34.7231,0,0,0,0,0,0,0,0,0,0,0,0,32.63944
2,30.4355,0,0,0,0,0,0,0,0,0,0,0,0,35.41576
2,32.5111,0,0,0,0,0,0,0,0,0,0,0,0,40.06431
2,31.69689,0,0,0,0,0,0,0,0,0,0,0,0,37.72565
2,28.38203,0,0,0,0,0,0,0,0,0,0,0,0,45.35667
2,40.64256,0,0,0,0,0,0,0,0,0,0,0,0,42.716
2,29.64337,0,0,0,0,0,0,0,0,0,0,0,0,37.08898
2,25.3391,0,0,0,0,0,0,0,0,0,0,0,0,36.65341
2,38.10497,0,0,0,0,0,0,0,0,0,0,0,0,46.58168
2,27.69211,0,0,0,0,0,0,0,0,0,0,0,0,40.78231
2,32.10926,0,0,0,0,0,0,0,0,0,0,0,0,34.61406
2,30.05094,0,0,0,0,0,0,0,0,0,0,0,0,32.60685
2,27.86164,0,0,0,0,0,0,0,0,0,0,0,0,32.87798
2,29.13328,0,0,0,0,0,0,0,0,0,0,0,0,37.78777
2,27.36806,0,0,0,0,0,0,0,0,0,0,0,0,31.85318
2,38.48402,0,0,0,0,0,0,0,0,0,0,0,0,45.24172
2,41.58974,0,0,0,0,0,0,0,0,0,0,0,0,43.77851
2,31.67208,0,0,0,0,0,0,0,0,0,0,0,0,34.05709
2,37.51111,0,0,0,0,0,0,0,0,0,0,0,0,44.48351
2,24.72681,0,0,0,0,0,0,0,0,0,0,0,0,34.93281
2,32.52443,0,0,0,0,0,0,0,0,0,0,0,0,32.87458
2,33.57973,0,0,0,0,0,0,0,0,0,0,0,0,33.60327
2,30.33484,0,0,0,0,0,0,0,0,0,0,0,0,34.24913
2,32.87189,0,0,0,0,0,0,0,0,0,0,0,0,36.07529
2,32.22805,0,0,0,0,0,0,0,0,0,0,0,0,37.88229
2,42.15155,0,0,0,0,0,0,0,0,0,0,0,0,44.65961
2,32.20974,0,0,0,0,0,0,0,0,0,0,0,0,43.1665
2,32.26072,0,0,0,0,0,0,0,0,0,0,0,0,33.04941
2,35.4846,0,0,0,0,0,0,0,0,0,0,0,0,43.04961
2,25.41118,0,0,0,0,0,0,0,0,0,0,0,0,33.83456
2,28.34236,0,0,0,0,0,0,0,0,0,0,0,0,34.86507
2,27.59755,0,0,0,0,0,0,0,0,0,0,0,0,45.96115
2,33.45967,0,0,0,0,0,0,0,0,0,0,0,0,31.11871
2,35.97517,0,0,0,0,0,0,0,0,0,0,0,0,46.80651
2,35.91059,0,0,0,0,0,0,0,0,0,0,0,0,47.70875
2,32.91403,0,0,0,0,0,0,0,0,0,0,0,0,47.64712
2,32.79942,0,0,0,0,0,0,0,0,0,0,0,0,38.68047
2,36.37284,0,0,0,0,0,0,0,0,0,0,0,0,38.70464
2,31.74789,0,0,0,0,0,0,0,0,0,0,0,0,43.70085
2,33.15369,0,0,0,0,0,0,0,0,0,0,0,0,40.52432
2,32.60925,0,0,0,0,0,0,0,0,0,0,0,0,34.54308
2,30.31778,0,0,0,0,0,0,0,0,0,0,0,0,32.21238
2,31.65375,0,0,0,0,0,0,0,0,0,0,0,0,43.46086
2,26.50389,0,0,0,0,0,0,0,0,0,0,0,0,37.28486
2,33.64471,0,0,0,0,0,0,0,0,0,0,0,0,35.37239
2,33.68457,0,0,0,0,0,0,0,0,0,0,0,0,34.86644
2,33.91251,0,0,0,0,0,0,0,0,0,0,0,0,33.03309
2,28.74883,0,0,0,0,0,0,0,0,0,0,0,0,33.97549
2,31.26307,0,0,0,0,0,0,0,0,0,0,0,0,37.50475
2,34.14143,0,0,0,0,0,0,0,0,0,0,0,0,35.39494
2,33.32967,0,0,0,0,0,0,0,0,0,0,0,0,36.14482
2,33.91324,0,0,0,0,0,0,0,0,0,0,0,0,35.92412
2,31.03194,0,0,0,0,0,0,0,0,0,0,0,0,38.28049
2,25.43253,0,0,0,0,0,0,0,0,0,0,0,0,32.21763
2,26.4542,0,0,0,0,0,0,0,0,0,0,0,0,31.76587
2,31.777,0,0,0,0,0,0,0,0,0,0,0,0,39.93602
2,41.31703,0,0,0,0,0,0,0,0,0,0,0,0,45.37834
2,38.43243,0,0,0,0,0,0,0,0,0,0,0,0,48.47568
2,31.60715,0,0,0,0,0,0,0,0,0,0,0,0,34.53351
2,27.65137,0,0,0,0,0,0,0,0,0,0,0,0,38.24682
2,37.21946,0,0,0,0,0,0,0,0,0,0,0,0,43.99331
2,36.43407,0,0,0,0,0,0,0,0,0,0,0,0,42.67235
2,38.26755,0,0,0,0,0,0,0,0,0,0,0,0,37.8505
2,29.60878,0,0,0,0,0,0,0,0,0,0,0,0,38.08657
2,36.36293,0,0,0,0,0,0,0,0,0,0,0,0,46.71043
2,28.33438,0,0,0,0,0,0,0,0,0,0,0,0,33.76327
2,37.71318,0,0,0,0,0,0,0,0,0,0,0,0,45.30242
2,31.05651,0,0,0,0,0,0,0,0,0,0,0,0,36.99352
2,32.76015,0,0,0,0,0,0,0,0,0,0,0,0,46.0632
2,30.23349,0,0,0,0,0,0,0,0,0,0,0,0,47.76321
2,30.7509,0,0,0,0,0,0,0,0,0,0,0,0,33.12391
2,32.90488,0,0,0,0,0,0,0,0,0,0,0,0,35.57022
2,28.88046,0,0,0,0,0,0,0,0,0,0,0,0,33.77191
2,34.63552,0,0,0,0,0,0,0,0,0,0,0,0,30.64619
2,31.72324,0,0,0,0,0,0,0,0,0,0,0,0,37.99981
2,34.37091,0,0,0,0,0,0,0,0,0,0,0,0,36.18854
2,24.3996,0,0,0,0,0,0,0,0,0,0,0,0,30.80875
2,36.96236,0,0,0,0,0,0,0,0,0,0,0,0,42.0974
2,29.79697,0,0,0,0,0,0,0,0,0,0,0,0,37.25811
2,36.4967,0,0,0,0,0,0,0,0,0,0,0,0,40.56839
2,28.86561,0,0,0,0,0,0,0,0,0,0,0,0,31.30873
2,33.37119,0,0,0,0,0,0,0,0,0,0,0,0,35.91305
2,28.36093,0,0,0,0,0,0,0,0,0,0,0,0,36.1128
2,38.97134,0,0,0,0,0,0,0,0,0,0,0,0,44.5499
2,28.52476,0,0,0,0,0,0,0,0,0,0,0,0,32.38692
2,37.25481,0,0,0,0,0,0,0,0,0,0,0,0,42.75136
2,34.80301,0,0,0,0,0,0,0,0,0,0,0,0,37.1972
2,33.51732,0,0,0,0,0,0,0,0,0,0,0,0,37.31028
2,30.09429,0,0,0,0,0,0,0,0,0,0,0,0,32.00306
2,29.16693,0,0,0,0,0,0,0,0,0,0,0,0,44.97412
2,40.64606,0,0,0,0,0,0,0,0,0,0,0,0,46.12321
2,34.27549,0,0,0,0,0,0,0,0,0,0,0,0,47.37294
2,40.59137,0,0,0,0,0,0,0,0,0,0,0,0,44.75835
2,24.71988,0,0,0,0,0,0,0,0,0,0,0,0,48.63541
2,41.81266,0,0,0,0,0,0,0,0,0,0,0,0,42.29531
2,31.49516,0,0,0,0,0,0,0,0,0,0,0,0,38.89653
2,29.81091,0,0,0,0,0,0,0,0,0,0,0,0,36.64309
2,38.2642,0,0,0,0,0,0,0,0,0,0,0,0,39.73107
2,31.96649,0,0,0,0,0,0,0,0,0,0,0,0,33.90321
2,28.73259,0,0,0,0,0,0,0,0,0,0,0,0,37.23399
2,31.50764,0,0,0,0,0,0,0,0,0,0,0,0,36.85563
2,31.88418,0,0,0,0,0,0,0,0,0,0,0,0,37.39713
2,35.60443,0,0,0,0,0,0,0,0,0,0,0,0,36.85436
2,34.26459,0,0,0,0,0,0,0,0,0,0,0,0,35.16481
2,33.67949,0,0,0,0,0,0,0,0,0,0,0,0,43.20559
2,31.35652,0,0,0,0,0,0,0,0,0,0,0,0,37.61253
2,28.78442,0,0,0,0,0,0,0,0,0,0,0,0,33.91863
2,29.996,0,0,0,0,0,0,0,0,0,0,0,0,36.28548
2,29.65906,0,0,0,0,0,0,0,0,0,0,0,0,34.59599
2,28.97459,0,0,0,0,0,0,0,0,0,0,0,0,32.19842
2,31.18369,0,0,0,0,0,0,0,0,0,0,0,0,36.86462
2,35.54988,0,0,0,0,0,0,0,0,0,0,0,0,36.87154
2,32.86481,0,0,0,0,0,0,0,0,0,0,0,0,39.99055
2,34.50658,0,0,0,0,0,0,0,0,0,0,0,0,38.46515
2,27.0687,0,0,0,0,0,0,0,0,0,0,0,0,31.08888
2,25.40385,0,0,0,0,0,0,0,0,0,0,0,0,33.22349
2,37.33686,0,0,0,0,0,0,0,0,0,0,0,0,43.75345
2,34.16593,0,0,0,0,0,0,0,0,0,0,0,0,38.5303
2,29.06006,0,0,0,0,0,0,0,0,0,0,0,0,34.55536
2,33.75097,0,0,0,0,0,0,0,0,0,0,0,0,35.69395
2,30.65418,0,0,0,0,0,0,0,0,0,0,0,0,38.30783
2,32.0592,0,0,0,0,0,0,0,0,0,0,0,0,36.08254
2,30.97375,0,0,0,0,0,0,0,0,0,0,0,0,32.03148
2,34.2579,0,0,0,0,0,0,0,0,0,0,0,0,33.76452
2,36.49182,0,0,0,0,0,0,0,0,0,0,0,0,34.91515
2,41.61814,0,0,0,0,0,0,0,0,0,0,0,0,41.4735
2,40.09346,0,0,0,0,0,0,0,0,0,0,0,0,39.10503
2,32.82122,0,0,0,0,0,0,0,0,0,0,0,0,38.25118
2,26.20538,0,0,0,0,0,0,0,0,0,0,0,0,39.51808
2,40.58963,0,0,0,0,0,0,0,0,0,0,0,0,41.15363
2,38.20018,0,0,0,0,0,0,0,0,0,0,0,0,39.38726
2,32.26046,0,0,0,0,0,0,0,0,0,0,0,0,45.47188
2,38.76519,0,0,0,0,0,0,0,0,0,0,0,0,42.66001
2,34.858,0,0,0,0,0,0,0,0,0,0,0,0,34.05152
2,41.56379,0,0,0,0,0,0,0,0,0,0,0,0,47.68603
2,33.01465,0,0,0,0,0,0,0,0,0,0,0,0,35.9052
2,31.20918,0,0,0,0,0,0,0,0,0,0,0,0,36.69912
2,27.94876,0,0,0,0,0,0,0,0,0,0,0,0,39.95148
2,41.01387,0,0,0,0,0,0,0,0,0,0,0,0,43.95213
2,31.58256,0,0,0,0,0,0,0,0,0,0,0,0,34.92576
2,29.4966,0,0,0,0,0,0,0,0,0,0,0,0,34.96973
2,35.27868,0,0,0,0,0,0,0,0,0,0,0,0,41.26609
2,27.83306,0,0,0,0,0,0,0,0,0,0,0,0,36.17273
2,34.08438,0,0,0,0,0,0,0,0,0,0,0,0,42.56767
2,32.55373,0,0,0,0,0,0,0,0,0,0,0,0,39.88479
2,29.01459,0,0,0,0,0,0,0,0,0,0,0,0,36.85256
2,38.58111,0,0,0,0,0,0,0,0,0,0,0,0,38.70299
2,31.18182,0,0,0,0,0,0,0,0,0,0,0,0,36.1246
2,33.63936,0,0,0,0,0,0,0,0,0,0,0,0,36.104
2,31.688,0,0,0,0,0,0,0,0,0,0,0,0,34.21865
2,36.37686,0,0,0,0,0,0,0,0,0,0,0,0,41.93279
2,31.48988,0,0,0,0,0,0,0,0,0,0,0,0,32.82906
2,37.83284,0,0,0,0,0,0,0,0,0,0,0,0,42.33623
2,29.38004,0,0,0,0,0,0,0,0,0,0,0,0,33.70264
2,37.1602,0,0,0,0,0,0,0,0,0,0,0,0,45.76076
2,31.96131,0,0,0,0,0,0,0,0,0,0,0,0,44.77172
2,30.2605,0,0,0,0,0,0,0,0,0,0,0,0,33.23238
2,39.4465,0,0,0,0,0,0,0,0,0,0,0,0,43.69876
2,39.05239,0,0,0,0,0,0,0,0,0,0,0,0,36.50885
2,34.24922,0,0,0,0,0,0,0,0,0,0,0,0,44.65114
2,36.3969,0,0,0,0,0,0,0,0,0,0,0,0,36.82164
2,39.74485,0,0,0,0,0,0,0,0,0,0,0,0,45.81931
2,31.93902,0,0,0,0,0,0,0,0,0,0,0,0,34.38556
2,38.98534,0,0,0,0,0,0,0,0,0,0,0,0,39.42221
2,30.67391,0,0,0,0,0,0,0,0,0,0,0,0,48.4416
2,29.97406,0,0,0,0,0,0,0,0,0,0,0,0,33.76981
2,29.56672,0,0,0,0,0,0,0,0,0,0,0,0,35.67067
2,36.68782,0,0,0,0,0,0,0,0,0,0,0,0,37.13662
2,27.82746,0,0,0,0,0,0,0,0,0,0,0,0,35.74516
2,33.99862,0,0,0,0,0,0,0,0,0,0,0,0,46.94756
2,33.11906,0,0,0,0,0,0,0,0,0,0,0,0,44.33537
2,40.90709,0,0,0,0,0,0,0,0,0,0,0,0,40.69105
2,34.06898,0,0,0,0,0,0,0,0,0,0,0,0,43.93088
2,36.34323,0,0,0,0,0,0,0,0,0,0,0,0,38.98562
2,31.14425,0,0,0,0,0,0,0,0,0,0,0,0,38.53661
2,29.94914,0,0,0,0,0,0,0,0,0,0,0,0,35.95695
2,31.20006,0,0,0,0,0,0,0,0,0,0,0,0,38.88299
2,29.60944,0,0,0,0,0,0,0,0,0,0,0,0,33.52812
2,25.72288,0,0,0,0,0,0,0,0,0,0,0,0,47.1977
2,32.86804,0,0,0,0,0,0,0,0,0,0,0,0,32.09949
2,38.2972,0,0,0,0,0,0,0,0,0,0,0,0,46.43162
2,30.05101,0,0,0,0,0,0,0,0,0,0,0,0,31.84929
2,31.48456,0,0,0,0,0,0,0,0,0,0,0,0,33.86617
2,29.41161,0,0,0,0,0,0,0,0,0,0,0,0,34.69998
2,28.66256,0,0,0,0,0,0,0,0,0,0,0,0,46.00662
2,37.20726,0,0,0,0,0,0,0,0,0,0,0,0,44.43494
2,37.29546,0,0,0,0,0,0,0,0,0,0,0,0,48.32463
2,29.5053,0,0,0,0,0,0,0,0,0,0,0,0,34.6791
2,37.18558,0,0,0,0,0,0,0,0,0,0,0,0,41.1608
2,30.36159,0,0,0,0,0,0,0,0,0,0,0,0,35.86241
2,38.0002,0,0,0,0,0,0,0,0,0,0,0,0,46.53812
2,32.32402,0,0,0,0,0,0,0,0,0,0,0,0,48.15514
2,28.60219,0,0,0,0,0,0,0,0,0,0,0,0,33.95139
2,37.52845,0,0,0,0,0,0,0,0,0,0,0,0,43.59803
2,24.10756,0,0,0,0,0,0,0,0,0,0,0,0,35.40093
2,36.14367,0,0,0,0,0,0,0,0,0,0,0,0,45.75593
2,39.04483,0,0,0,0,0,0,0,0,0,0,0,0,47.47418
2,32.33515,0,0,0,0,0,0,0,0,0,0,0,0,38.21186
2,27.22452,0,0,0,0,0,0,0,0,0,0,0,0,31.74884
2,38.42606,0,0,0,0,0,0,0,0,0,0,0,0,44.23824
2,33.2991,0,0,0,0,0,0,0,0,0,0,0,0,45.6906
2,35.70041,0,0,0,0,0,0,0,0,0,0,0,0,38.70337
2,30.21601,0,0,0,0,0,0,0,0,0,0,0,0,43.89685
2,29.71921,0,0,0,0,0,0,0,0,0,0,0,0,37.92326
2,30.73858,0,0,0,0,0,0,0,0,0,0,0,0,33.88968
2,28.75634,0,0,0,0,0,0,0,0,0,0,0,0,37.49625
2,32.54292,0,0,0,0,0,0,0,0,0,0,0,0,33.73334
2,33.55347,0,0,0,0,0,0,0,0,0,0,0,0,46.02771
2,32.64549,0,0,0,0,0,0,0,0,0,0,0,0,38.89056
2,31.83558,0,0,0,0,0,0,0,0,0,0,0,0,38.04524
2,34.63597,0,0,0,0,0,0,0,0,0,0,0,0,47.11216
2,36.1918,0,0,0,0,0,0,0,0,0,0,0,0,41.42657
2,33.95486,0,0,0,0,0,0,0,0,0,0,0,0,45.092
2,26.773,0,0,0,0,0,0,0,0,0,0,0,0,36.18124
2,37.33184,0,0,0,0,0,0,0,0,0,0,0,0,46.89491
2,37.53607,0,0,0,0,0,0,0,0,0,0,0,0,42.38776
2,36.43327,0,0,0,0,0,0,0,0,0,0,0,0,39.72372
2,25.84188,0,0,0,0,0,0,0,0,0,0,0,0,33.969
2,34.29553,0,0,0,0,0,0,0,0,0,0,0,0,43.86721
2,32.52351,0,0,0,0,0,0,0,0,0,0,0,0,31.95957
2,33.40987,0,0,0,0,0,0,0,0,0,0,0,0,37.4255
2,38.03702,0,0,0,0,0,0,0,0,0,0,0,0,40.33598
2,33.18895,0,0,0,0,0,0,0,0,0,0,0,0,34.4617
2,34.82548,0,0,0,0,0,0,0,0,0,0,0,0,42.946
2,36.23441,0,0,0,0,0,0,0,0,0,0,0,0,47.02844
2,37.55453,0,0,0,0,0,0,0,0,0,0,0,0,39.70147
2,25.20917,0,0,0,0,0,0,0,0,0,0,0,0,33.71004
2,38.46487,0,0,0,0,0,0,0,0,0,0,0,0,38.87043
2,29.48231,0,0,0,0,0,0,0,0,0,0,0,0,41.46381
2,34.46882,0,0,0,0,0,0,0,0,0,0,0,0,44.4954
2,37.30134,0,0,0,0,0,0,0,0,0,0,0,0,46.7224
2,33.88042,0,0,0,0,0,0,0,0,0,0,0,0,38.15417
2,36.0359,0,0,0,0,0,0,0,0,0,0,0,0,37.90878
2,34.37587,0,0,0,0,0,0,0,0,0,0,0,0,47.79832
2,34.86645,0,0,0,0,0,0,0,0,0,0,0,0,47.2093
2,31.38884,0,0,0,0,0,0,0,0,0,0,0,0,36.16395
2,39.02983,0,0,0,0,0,0,0,0,0,0,0,0,48.56163
2,26.24671,0,0,0,0,0,0,0,0,0,0,0,0,34.3604
2,32.29004,0,0,0,0,0,0,0,0,0,0,0,0,40.09748
2,36.19543,0,0,0,0,0,0,0,0,0,0,0,0,47.95504
2,32.55239,0,0,0,0,0,0,0,0,0,0,0,0,48.57281
2,34.1692,0,0,0,0,0,0,0,0,0,0,0,0,46.28788
2,32.09027,0,0,0,0,0,0,0,0,0,0,0,0,36.32602
2,40.72969,0,0,0,0,0,0,0,0,0,0,0,0,43.06989
2,31.29019,0,0,0,0,0,0,0,0,0,0,0,0,44.89956
2,35.71374,0,0,0,0,0,0,0,0,0,0,0,0,39.04319
2,30.26255,0,0,0,0,0,0,0,0,0,0,0,0,46.23442
2,32.075,0,0,0,0,0,0,0,0,0,0,0,0,41.02027
2,35.48396,0,0,0,0,0,0,0,0,0,0,0,0,42.21649
2,31.27414,0,0,0,0,0,0,0,0,0,0,0,0,47.2283
2,33.27018,0,0,0,0,0,0,0,0,0,0,0,0,39.42805
2,30.44087,0,0,0,0,0,0,0,0,0,0,0,0,33.09979
2,28.86748,0,0,0,0,0,0,0,0,0,0,0,0,37.13047
2,38.31039,0,0,0,0,0,0,0,0,0,0,0,0,43.39693
2,36.169,0,0,0,0,0,0,0,0,0,0,0,0,48.24339
2,37.47645,0,0,0,0,0,0,0,0,0,0,0,0,37.24264
2,35.34497,0,0,0,0,0,0,0,0,0,0,0,0,35.21305
2,39.22532,0,0,0,0,0,0,0,0,0,0,0,0,45.49528
2,33.69376,0,0,0,0,0,0,0,0,0,0,0,0,35.52546
2,30.25989,0,0,0,0,0,0,0,0,0,0,0,0,43.36821
2,32.79906,0,0,0,0,0,0,0,0,0,0,0,0,42.28503
2,35.71819,0,0,0,0,0,0,0,0,0,0,0,0,41.32998
2,40.05214,0,0,0,0,0,0,0,0,0,0,0,0,46.08408
2,35.8301,0,0,0,0,0,0,0,0,0,0,0,0,44.20028
2,37.19593,0,0,0,0,0,0,0,0,0,0,0,0,43.59697
2,33.03724,0,0,0,0,0,0,0,0,0,0,0,0,36.88592
2,36.58576,0,0,0,0,0,0,0,0,0,0,0,0,42.41976
2,28.35957,0,0,0,0,0,0,0,0,0,0,0,0,43.80815
2,34.26123,0,0,0,0,0,0,0,0,0,0,0,0,44.87123
2,37.44354,0,0,0,0,0,0,0,0,0,0,0,0,37.30975
2,38.03228,0,0,0,0,0,0,0,0,0,0,0,0,40.54205
2,31.52111,0,0,0,0,0,0,0,0,0,0,0,0,35.65878
2,24.93444,0,0,0,0,0,0,0,0,0,0,0,0,34.32483
2,41.88998,0,0,0,0,0,0,0,0,0,0,0,0,43.07264
2,34.4306,0,0,0,0,0,0,0,0,0,0,0,0,47.98509
2,37.45293,0,0,0,0,0,0,0,0,0,0,0,0,45.29723
2,33.86975,0,0,0,0,0,0,0,0,0,0,0,0,41.85285
2,31.33132,0,0,0,0,0,0,0,0,0,0,0,0,36.5996
2,32.94199,0,0,0,0,0,0,0,0,0,0,0,0,43.61842
2,35.66953,0,0,0,0,0,0,0,0,0,0,0,0,38.66414
2,34.62243,0,0,0,0,0,0,0,0,0,0,0,0,40.09173
2,30.56285,0,0,0,0,0,0,0,0,0,0,0,0,37.97989
2,38.81331,0,0,0,0,0,0,0,0,0,0,0,0,45.51311
2,29.57357,0,0,0,0,0,0,0,0,0,0,0,0,46.50962
2,35.96225,0,0,0,0,0,0,0,0,0,0,0,0,42.22147
2,35.24152,0,0,0,0,0,0,0,0,0,0,0,0,40.2452
2,31.07766,0,0,0,0,0,0,0,0,0,0,0,0,38.45244
2,37.83791,0,0,0,0,0,0,0,0,0,0,0,0,43.25983
2,30.78434,0,0,0,0,0,0,0,0,0,0,0,0,47.95023
2,36.08966,0,0,0,0,0,0,0,0,0,0,0,0,39.54393
2,33.29531,0,0,0,0,0,0,0,0,0,0,0,0,45.75931
2,32.5141,0,0,0,0,0,0,0,0,0,0,0,0,36.80559
2,30.52225,0,0,0,0,0,0,0,0,0,0,0,0,45.10934
2,26.22787,0,0,0,0,0,0,0,0,0,0,0,0,32.48729
2,32.30357,0,0,0,0,0,0,0,0,0,0,0,0,42.51682
2,34.29082,0,0,0,0,0,0,0,0,0,0,0,0,42.09748
2,36.77554,0,0,0,0,0,0,0,0,0,0,0,0,36.89048
2,31.51588,0,0,0,0,0,0,0,0,0,0,0,0,36.7921
2,32.21447,0,0,0,0,0,0,0,0,0,0,0,0,47.47528
2,36.28025,0,0,0,0,0,0,0,0,0,0,0,0,46.82054
2,37.487,0,0,0,0,0,0,0,0,0,0,0,0,38.09886
2,25.52654,0,0,0,0,0,0,0,0,0,0,0,0,33.52057
2,26.3989,0,0,0,0,0,0,0,0,0,0,0,0,37.20936
2,30.21261,0,0,0,0,0,0,0,0,0,0,0,0,47.08335
2,38.21514,0,0,0,0,0,0,0,0,0,0,0,0,47.34868
2,34.16877,0,0,0,0,0,0,0,0,0,0,0,0,39.93361
2,36.58156,0,0,0,0,0,0,0,0,0,0,0,0,33.43484
2,34.16763,0,0,0,0,0,0,0,0,0,0,0,0,43.42255
2,37.00977,0,0,0,0,0,0,0,0,0,0,0,0,47.24068
2,31.26165,0,0,0,0,0,0,0,0,0,0,0,0,35.35875
2,39.46339,0,0,0,0,0,0,0,0,0,0,0,0,47.91585
2,37.60769,0,0,0,0,0,0,0,0,0,0,0,0,45.15964
2,36.53753,0,0,0,0,0,0,0,0,0,0,0,0,41.65933
2,28.10108,0,0,0,0,0,0,0,0,0,0,0,0,37.42329
2,33.7355,0,0,0,0,0,0,0,0,0,0,0,0,41.25389
2,34.66125,0,0,0,0,0,0,0,0,0,0,0,0,46.36291
2,34.64425,0,0,0,0,0,0,0,0,0,0,0,0,39.14473
2,29.46714,0,0,0,0,0,0,0,0,0,0,0,0,38.52977
2,29.36611,0,0,0,0,0,0,0,0,0,0,0,0,38.90302
2,36.45893,0,0,0,0,0,0,0,0,0,0,0,0,37.62784
2,32.84336,0,0,0,0,0,0,0,0,0,0,0,0,48.23186
2,28.57424,0,0,0,0,0,0,0,0,0,0,0,0,39.31691
2,37.92139,0,0,0,0,0,0,0,0,0,0,0,0,45.75849
2,37.20147,0,0,0,0,0,0,0,0,0,0,0,0,47.32213
2,32.96499,0,0,0,0,0,0,0,0,0,0,0,0,39.28114
2,30.06324,0,0,0,0,0,0,0,0,0,0,0,0,34.97292
2,41.53826,0,0,0,0,0,0,0,0,0,0,0,0,45.05925
2,35.76798,0,0,0,0,0,0,0,0,0,0,0,0,41.58647
2,38.32592,0,0,0,0,0,0,0,0,0,0,0,0,43.56651
2,36.43584,0,0,0,0,0,0,0,0,0,0,0,0,38.91493
2,34.89631,0,0,0,0,0,0,0,0,0,0,0,0,47.21899
2,31.04245,0,0,0,0,0,0,0,0,0,0,0,0,38.00859
2,34.69991,0,0,0,0,0,0,0,0,0,0,0,0,36.38736
2,31.44412,0,0,0,0,0,0,0,0,0,0,0,0,47.05201
2,33.74785,0,0,0,0,0,0,0,0,0,0,0,0,47.6206
2,38.88818,0,0,0,0,0,0,0,0,0,0,0,0,46.30624
2,30.31436,0,0,0,0,0,0,0,0,0,0,0,0,37.24686
2,35.16825,0,0,0,0,0,0,0,0,0,0,0,0,35.99611
2,35.0437,0,0,0,0,0,0,0,0,0,0,0,0,33.90843
2,28.56023,0,0,0,0,0,0,0,0,0,0,0,0,34.9315
2,32.93494,0,0,0,0,0,0,0,0,0,0,0,0,45.08003
2,35.44402,0,0,0,0,0,0,0,0,0,0,0,0,38.48749
2,37.37817,0,0,0,0,0,0,0,0,0,0,0,0,43.97591
2,32.48195,0,0,0,0,0,0,0,0,0,0,0,0,35.65876
2,30.81902,0,0,0,0,0,0,0,0,0,0,0,0,40.52621
2,42.91003,0,0,0,0,0,0,0,0,0,0,0,0,46.06698
2,36.12292,0,0,0,0,0,0,0,0,0,0,0,0,39.52862
2,36.67931,0,0,0,0,0,0,0,0,0,0,0,0,47.88132
2,35.80347,0,0,0,0,0,0,0,0,0,0,0,0,46.92887
2,35.85324,0,0,0,0,0,0,0,0,0,0,0,0,47.2123
2,32.48935,0,0,0,0,0,0,0,0,0,0,0,0,40.02826
2,38.83867,0,0,0,0,0,0,0,0,0,0,0,0,47.96186
2,35.05697,0,0,0,0,0,0,0,0,0,0,0,0,44.98592
2,38.06614,0,0,0,0,0,0,0,0,0,0,0,0,47.65437
2,32.00162,0,0,0,0,0,0,0,0,0,0,0,0,48.07188
2,32.89839,0,0,0,0,0,0,0,0,0,0,0,0,46.3064
2,34.17269,0,0,0,0,0,0,0,0,0,0,0,0,47.74202
2,30.34938,0,0,0,0,0,0,0,0,0,0,0,0,48.11659
2,26.21898,0,0,0,0,0,0,0,0,0,0,0,0,47.60968
2,34.36102,0,0,0,0,0,0,0,0,0,0,0,0,38.56666
2,31.38037,0,0,0,0,0,0,0,0,0,0,0,0,46.2137
2,34.99805,0,0,0,0,0,0,0,0,0,0,0,0,38.35524
2,29.75055,0,0,0,0,0,0,0,0,0,0,0,0,38.50254
2,32.86995,0,0,0,0,0,0,0,0,0,0,0,0,35.00673
2,34.73106,0,0,0,0,0,0,0,0,0,0,0,0,39.59697
2,29.64826,0,0,0,0,0,0,0,0,0,0,0,0,43.51977
2,30.84262,0,0,0,0,0,0,0,0,0,0,0,0,37.24438
2,27.62263,0,0,0,0,0,0,0,0,0,0,0,0,48.422
2,30.80183,0,0,0,0,0,0,0,0,0,0,0,0,39.98507
2,35.94722,0,0,0,0,0,0,0,0,0,0,0,0,46.47092
2,30.64908,0,0,0,0,0,0,0,0,0,0,0,0,38.68004
2,34.88421,0,0,0,0,0,0,0,0,0,0,0,0,38.28542
2,36.50566,0,0,0,0,0,0,0,0,0,0,0,0,38.70246
2,34.98857,0,0,0,0,0,0,0,0,0,0,0,0,39.12633
2,34.13437,0,0,0,0,0,0,0,0,0,0,0,0,41.22611
2,32.65662,0,0,0,0,0,0,0,0,0,0,0,0,47.70692
2,37.31895,0,0,0,0,0,0,0,0,0,0,0,0,42.9174
2,31.61553,0,0,0,0,0,0,0,0,0,0,0,0,44.65466
2,37.11517,0,0,0,0,0,0,0,0,0,0,0,0,38.9906
2,38.93075,0,0,0,0,0,0,0,0,0,0,0,0,38.16654
2,28.96137,0,0,0,0,0,0,0,0,0,0,0,0,44.59092
2,36.80582,0,0,0,0,0,0,0,0,0,0,0,0,44.9744
2,32.98754,0,0,0,0,0,0,0,0,0,0,0,0,45.45718
2,34.74874,0,0,0,0,0,0,0,0,0,0,0,0,47.63159
2,32.93945,0,0,0,0,0,0,0,0,0,0,0,0,46.79404
2,38.50113,0,0,0,0,0,0,0,0,0,0,0,0,47.71505
2,36.50812,0,0,0,0,0,0,0,0,0,0,0,0,43.08533
2,37.7809,0,0,0,0,0,0,0,0,0,0,0,0,42.55458
2,28.67184,0,0,0,0,0,0,0,0,0,0,0,0,38.66526
2,32.33917,0,0,0,0,0,0,0,0,0,0,0,0,43.36403
2,31.69348,0,0,0,0,0,0,0,0,0,0,0,0,34.65409
2,33.9963,0,0,0,0,0,0,0,0,0,0,0,0,37.08081
2,35.2541,0,0,0,0,0,0,0,0,0,0,0,0,44.8454
2,32.31304,0,0,0,0,0,0,0,0,0,0,0,0,37.33045
2,36.90604,0,0,0,0,0,0,0,0,0,0,0,0,47.93014
2,30.49714,0,0,0,0,0,0,0,0,0,0,0,0,44.84802
2,33.65527,0,0,0,0,0,0,0,0,0,0,0,0,48.19535
2,33.78644,0,0,0,0,0,0,0,0,0,0,0,0,44.04111
2,33.15861,0,0,0,0,0,0,0,0,0,0,0,0,44.71425
2,26.33352,0,0,0,0,0,0,0,0,0,0,0,0,36.12546
2,37.67411,0,0,0,0,0,0,0,0,0,0,0,0,39.94341
2,37.98561,0,0,0,0,0,0,0,0,0,0,0,0,47.51365
2,31.11998,0,0,0,0,0,0,0,0,0,0,0,0,39.96865
2,36.97245,0,0,0,0,0,0,0,0,0,0,0,0,48.03732
2,36.50937,0,0,0,0,0,0,0,0,0,0,0,0,41.15793
2,28.93823,0,0,0,0,0,0,0,0,0,0,0,0,48.74124
2,30.47443,0,0,0,0,0,0,0,0,0,0,0,0,38.0408
2,32.91275,0,0,0,0,0,0,0,0,0,0,0,0,46.72011
2,39.77654,0,0,0,0,0,0,0,0,0,0,0,0,44.49205
2,33.95696,0,0,0,0,0,0,0,0,0,0,0,0,40.18277
2,38.22779,0,0,0,0,0,0,0,0,0,0,0,0,42.50578
2,36.75138,0,0,0,0,0,0,0,0,0,0,0,0,38.6581
2,35.09814,0,0,0,0,0,0,0,0,0,0,0,0,47.84288
2,16.46272,0,0,0,0,0,0,0,0,0,0,0,0,40.6375
2,33.96424,0,0,0,0,0,0,0,0,0,0,0,0,35.8373
2,27.22274,0,0,0,0,0,0,0,0,0,0,0,0,45.05426
2,31.90125,0,0,0,0,0,0,0,0,0,0,0,0,43.63783
2,38.87367,0,0,0,0,0,0,0,0,0,0,0,0,45.5193
2,33.8317,0,0,0,0,0,0,0,0,0,0,0,0,41.71795
2,29.64833,0,0,0,0,0,0,0,0,0,0,0,0,47.2687
2,32.40911,0,0,0,0,0,0,0,0,0,0,0,0,40.27003
2,27.07425,0,0,0,0,0,0,0,0,0,0,0,0,30.84005
2,34.66957,0,0,0,0,0,0,0,0,0,0,0,0,42.36128
2,37.97568,0,0,0,0,0,0,0,0,0,0,0,0,43.65279
2,29.32505,0,0,0,0,0,0,0,0,0,0,0,0,36.01962
2,34.86023,0,0,0,0,0,0,0,0,0,0,0,0,39.19763
2,25.90115,0,0,0,0,0,0,0,0,0,0,0,0,31.89734
2,38.54447,0,0,0,0,0,0,0,0,0,0,0,0,43.60732
2,34.8527,0,0,0,0,0,0,0,0,0,0,0,0,47.46571
2,33.9429,0,0,0,0,0,0,0,0,0,0,0,0,36.80452
2,39.15353,0,0,0,0,0,0,0,0,0,0,0,0,43.35599
2,39.43365,0,0,0,0,0,0,0,0,0,0,0,0,41.95872
2,24.00422,0,0,0,0,0,0,0,0,0,0,0,0,46.5656
2,25.34574,0,0,0,0,0,0,0,0,0,0,0,0,32.32632
2,33.01821,0,0,0,0,0,0,0,0,0,0,0,0,34.43436
2,31.00946,0,0,0,0,0,0,0,0,0,0,0,0,44.89666
2,33.89191,0,0,0,0,0,0,0,0,0,0,0,0,41.76462
2,29.37833,0,0,0,0,0,0,0,0,0,0,0,0,47.38665
2,32.6208,0,0,0,0,0,0,0,0,0,0,0,0,34.0871
2,30.84566,0,0,0,0,0,0,0,0,0,0,0,0,46.60834
2,39.50829,0,0,0,0,0,0,0,0,0,0,0,0,42.98574
2,28.60961,0,0,0,0,0,0,0,0,0,0,0,0,36.70934
2,27.57654,0,0,0,0,0,0,0,0,0,0,0,0,32.19798
2,28.86838,0,0,0,0,0,0,0,0,0,0,0,0,39.30831
2,32.58109,0,0,0,0,0,0,0,0,0,0,0,0,47.96171
2,34.89764,0,0,0,0,0,0,0,0,0,0,0,0,46.92382
2,35.1068,0,0,0,0,0,0,0,0,0,0,0,0,38.4311
2,35.4474,0,0,0,0,0,0,0,0,0,0,0,0,38.74608
2,30.92539,0,0,0,0,0,0,0,0,0,0,0,0,42.46145
2,35.65468,0,0,0,0,0,0,0,0,0,0,0,0,45.1823
2,30.18371,0,0,0,0,0,0,0,0,0,0,0,0,46.77452
2,29.70958,0,0,0,0,0,0,0,0,0,0,0,0,44.41523
2,32.15007,0,0,0,0,0,0,0,0,0,0,0,0,44.78571
2,36.73038,0,0,0,0,0,0,0,0,0,0,0,0,43.29134
2,32.35473,0,0,0,0,0,0,0,0,0,0,0,0,46.55338
2,28.16482,0,0,0,0,0,0,0,0,0,0,0,0,39.01727
2,29.08057,0,0,0,0,0,0,0,0,0,0,0,0,31.09434
2,34.79448,0,0,0,0,0,0,0,0,0,0,0,0,39.88794
2,34.74597,0,0,0,0,0,0,0,0,0,0,0,0,36.96988
2,35.11005,0,0,0,0,0,0,0,0,0,0,0,0,37.49536
2,33.60905,0,0,0,0,0,0,0,0,0,0,0,0,47.6016
2,32.74048,0,0,0,0,0,0,0,0,0,0,0,0,36.64882
2,31.5315,0,0,0,0,0,0,0,0,0,0,0,0,44.45161
2,29.51849,0,0,0,0,0,0,0,0,0,0,0,0,38.64098
2,31.29047,0,0,0,0,0,0,0,0,0,0,0,0,37.97068
2,33.07067,0,0,0,0,0,0,0,0,0,0,0,0,39.26251
2,34.85738,0,0,0,0,0,0,0,0,0,0,0,0,47.65438
2,33.47301,0,0,0,0,0,0,0,0,0,0,0,0,43.58933
2,29.72789,0,0,0,0,0,0,0,0,0,0,0,0,45.7719
2,39.1194,0,0,0,0,0,0,0,0,0,0,0,0,42.62056
2,28.52501,0,0,0,0,0,0,0,0,0,0,0,0,33.06319
2,33.12761,0,0,0,0,0,0,0,0,0,0,0,0,47.46985
2,34.12554,0,0,0,0,0,0,0,0,0,0,0,0,38.88048
2,38.87833,0,0,0,0,0,0,0,0,0,0,0,0,37.2089
2,34.00943,0,0,0,0,0,0,0,0,0,0,0,0,43.95963
2,28.94176,0,0,0,0,0,0,0,0,0,0,0,0,33.37273
2,36.24023,0,0,0,0,0,0,0,0,0,0,0,0,43.57045
2,29.4612,0,0,0,0,0,0,0,0,0,0,0,0,33.73378
2,35.51515,0,0,0,0,0,0,0,0,0,0,0,0,36.98291
2,29.22859,0,0,0,0,0,0,0,0,0,0,0,0,47.50187
2,33.63427,0,0,0,0,0,0,0,0,0,0,0,0,45.27531
2,33.35699,0,0,0,0,0,0,0,0,0,0,0,0,37.34289
2,35.03041,0,0,0,0,0,0,0,0,0,0,0,0,43.96127
2,34.44192,0,0,0,0,0,0,0,0,0,0,0,0,37.67339
2,31.00512,0,0,0,0,0,0,0,0,0,0,0,0,35.86916
2,34.8975,0,0,0,0,0,0,0,0,0,0,0,0,41.95891
2,33.18681,0,0,0,0,0,0,0,0,0,0,0,0,42.45687
2,34.8831,0,0,0,0,0,0,0,0,0,0,0,0,44.99686
2,35.50218,0,0,0,0,0,0,0,0,0,0,0,0,43.98523
2,34.48237,0,0,0,0,0,0,0,0,0,0,0,0,38.63855
2,33.68492,0,0,0,0,0,0,0,0,0,0,0,0,37.90614
2,29.94672,0,0,0,0,0,0,0,0,0,0,0,0,47.37346
2,34.57226,0,0,0,0,0,0,0,0,0,0,0,0,42.00129
2,33.80099,0,0,0,0,0,0,0,0,0,0,0,0,37.20525
2,32.14962,0,0,0,0,0,0,0,0,0,0,0,0,37.66548
2,38.71213,0,0,0,0,0,0,0,0,0,0,0,0,47.36776
2,34.3327,0,0,0,0,0,0,0,0,0,0,0,0,47.2665
2,38.84389,0,0,0,0,0,0,0,0,0,0,0,0,43.01517
2,35.48468,0,0,0,0,0,0,0,0,0,0,0,0,35.11787
2,36.65821,0,0,0,0,0,0,0,0,0,0,0,0,43.84499
2,39.7877,0,0,0,0,0,0,0,0,0,0,0,0,44.76395
2,39.87124,0,0,0,0,0,0,0,0,0,0,0,0,43.27312
2,33.24178,0,0,0,0,0,0,0,0,0,0,0,0,38.13548
2,26.93332,0,0,0,0,0,0,0,0,0,0,0,0,38.12145
2,32.498,0,0,0,0,0,0,0,0,0,0,0,0,45.45
2,29.93703,0,0,0,0,0,0,0,0,0,0,0,0,48.36812
2,31.23728,0,0,0,0,0,0,0,0,0,0,0,0,40.58395
2,33.69954,0,0,0,0,0,0,0,0,0,0,0,0,42.07098
2,32.95148,0,0,0,0,0,0,0,0,0,0,0,0,38.73753
2,29.13242,0,0,0,0,0,0,0,0,0,0,0,0,36.94773
2,38.30523,0,0,0,0,0,0,0,0,0,0,0,0,48.65012
2,35.61038,0,0,0,0,0,0,0,0,0,0,0,0,46.05579
2,34.78916,0,0,0,0,0,0,0,0,0,0,0,0,46.81098
2,32.18275,0,0,0,0,0,0,0,0,0,0,0,0,46.12723
2,31.59585,0,0,0,0,0,0,0,0,0,0,0,0,36.76385
2,35.7113,0,0,0,0,0,0,0,0,0,0,0,0,39.89071
2,37.50868,0,0,0,0,0,0,0,0,0,0,0,0,45.21312
2,32.6198,0,0,0,0,0,0,0,0,0,0,0,0,48.62252
2,33.10198,0,0,0,0,0,0,0,0,0,0,0,0,36.97585
2,37.42431,0,0,0,0,0,0,0,0,0,0,0,0,39.79259
2,29.16833,0,0,0,0,0,0,0,0,0,0,0,0,41.92313
2,35.30007,0,0,0,0,0,0,0,0,0,0,0,0,37.15518
2,31.89532,0,0,0,0,0,0,0,0,0,0,0,0,38.94007
2,36.99976,0,0,0,0,0,0,0,0,0,0,0,0,43.55416
2,33.17626,0,0,0,0,0,0,0,0,0,0,0,0,33.42793
2,37.27697,0,0,0,0,0,0,0,0,0,0,0,0,37.78763
2,33.20922,0,0,0,0,0,0,0,0,0,0,0,0,39.822
2,29.36478,0,0,0,0,0,0,0,0,0,0,0,0,47.57973
2,31.66252,0,0,0,0,0,0,0,0,0,0,0,0,29.9651
2,27.27616,0,0,0,0,0,0,0,0,0,0,0,0,33.0574
2,31.81721,0,0,0,0,0,0,0,0,0,0,0,0,34.48139
2,36.38718,0,0,0,0,0,0,0,0,0,0,0,0,43.50794
2,33.31969,0,0,0,0,0,0,0,0,0,0,0,0,36.87188
2,32.38605,0,0,0,0,0,0,0,0,0,0,0,0,48.23696
2,36.24478,0,0,0,0,0,0,0,0,0,0,0,0,38.04844
2,32.38163,0,0,0,0,0,0,0,0,0,0,0,0,45.52837
2,28.28279,0,0,0,0,0,0,0,0,0,0,0,0,29.68088
2,35.04991,0,0,0,0,0,0,0,0,0,0,0,0,46.98616
2,30.2605,0,0,0,0,0,0,0,0,0,0,0,0,36.44559
2,33.59474,0,0,0,0,0,0,0,0,0,0,0,0,33.33345
2,36.45309,0,0,0,0,0,0,0,0,0,0,0,0,34.66281
2,31.17218,0,0,0,0,0,0,0,0,0,0,0,0,36.64668
2,28.69172,0,0,0,0,0,0,0,0,0,0,0,0,30.80237
2,32.57196,0,0,0,0,0,0,0,0,0,0,0,0,45.75278
2,23.97145,0,0,0,0,0,0,0,0,0,0,0,0,36.56345
2,38.16515,0,0,0,0,0,0,0,0,0,0,0,0,45.46062
2,34.28214,0,0,0,0,0,0,0,0,0,0,0,0,42.8334
2,40.68176,0,0,0,0,0,0,0,0,0,0,0,0,46.4832
2,28.84763,0,0,0,0,0,0,0,0,0,0,0,0,31.99357
2,25.82631,0,0,0,0,0,0,0,0,0,0,0,0,34.12355
2,28.84361,0,0,0,0,0,0,0,0,0,0,0,0,35.37431
2,35.05952,0,0,0,0,0,0,0,0,0,0,0,0,35.07381
2,31.82414,0,0,0,0,0,0,0,0,0,0,0,0,35.47993
2,37.74774,0,0,0,0,0,0,0,0,0,0,0,0,33.95287
2,32.51997,0,0,0,0,0,0,0,0,0,0,0,0,36.05481
2,30.90784,0,0,0,0,0,0,0,0,0,0,0,0,43.58121
2,35.29935,0,0,0,0,0,0,0,0,0,0,0,0,44.82083
2,29.62899,0,0,0,0,0,0,0,0,0,0,0,0,32.67432
2,30.14404,0,0,0,0,0,0,0,0,0,0,0,0,38.302
2,33.62883,0,0,0,0,0,0,0,0,0,0,0,0,45.49266
2,29.12765,0,0,0,0,0,0,0,0,0,0,0,0,32.45279
2,29.03109,0,0,0,0,0,0,0,0,0,0,0,0,35.65303
2,28.96987,0,0,0,0,0,0,0,0,0,0,0,0,36.93193
2,30.6915,0,0,0,0,0,0,0,0,0,0,0,0,32.44323
2,32.97551,0,0,0,0,0,0,0,0,0,0,0,0,40.13696
2,31.74022,0,0,0,0,0,0,0,0,0,0,0,0,35.19971
2,32.36759,0,0,0,0,0,0,0,0,0,0,0,0,39.62118
2,34.59193,0,0,0,0,0,0,0,0,0,0,0,0,41.2741
2,32.1206,0,0,0,0,0,0,0,0,0,0,0,0,32.96991
2,38.27282,0,0,0,0,0,0,0,0,0,0,0,0,43.06908
2,39.19627,0,0,0,0,0,0,0,0,0,0,0,0,45.64507
2,32.83756,0,0,0,0,0,0,0,0,0,0,0,0,44.34342
2,36.0154,0,0,0,0,0,0,0,0,0,0,0,0,46.39471
2,28.91297,0,0,0,0,0,0,0,0,0,0,0,0,31.91541
2,36.75628,0,0,0,0,0,0,0,0,0,0,0,0,45.87299
2,39.7048,0,0,0,0,0,0,0,0,0,0,0,0,46.32336
2,33.50953,0,0,0,0,0,0,0,0,0,0,0,0,37.48964
2,35.24349,0,0,0,0,0,0,0,0,0,0,0,0,35.10786
2,29.45542,0,0,0,0,0,0,0,0,0,0,0,0,35.72054
2,27.78654,0,0,0,0,0,0,0,0,0,0,0,0,46.37538
2,37.9549,0,0,0,0,0,0,0,0,0,0,0,0,48.00108
2,27.31397,0,0,0,0,0,0,0,0,0,0,0,0,37.34595
2,31.12806,0,0,0,0,0,0,0,0,0,0,0,0,46.44514
2,33.00819,0,0,0,0,0,0,0,0,0,0,0,0,39.36363
2,31.35557,0,0,0,0,0,0,0,0,0,0,0,0,46.36156
2,34.12039,0,0,0,0,0,0,0,0,0,0,0,0,33.29109
2,32.36695,0,0,0,0,0,0,0,0,0,0,0,0,35.37986
2,33.70665,0,0,0,0,0,0,0,0,0,0,0,0,39.6135
2,35.75268,0,0,0,0,0,0,0,0,0,0,0,0,41.74936
2,38.14684,0,0,0,0,0,0,0,0,0,0,0,0,37.62335
2,36.26212,0,0,0,0,0,0,0,0,0,0,0,0,36.96905
2,38.26387,0,0,0,0,0,0,0,0,0,0,0,0,41.35336
2,35.25692,0,0,0,0,0,0,0,0,0,0,0,0,35.89027
2,36.45067,0,0,0,0,0,0,0,0,0,0,0,0,44.0804
2,39.8592,0,0,0,0,0,0,0,0,0,0,0,0,45.53885
2,34.19614,0,0,0,0,0,0,0,0,0,0,0,0,42.16484
2,32.95162,0,0,0,0,0,0,0,0,0,0,0,0,36.26875
2,31.37607,0,0,0,0,0,0,0,0,0,0,0,0,42.731
2,29.78176,0,0,0,0,0,0,0,0,0,0,0,0,32.01711
2,36.61143,0,0,0,0,0,0,0,0,0,0,0,0,36.73741
2,32.0843,0,0,0,0,0,0,0,0,0,0,0,0,36.75908
2,33.89784,0,0,0,0,0,0,0,0,0,0,0,0,44.38401
2,35.91878,0,0,0,0,0,0,0,0,0,0,0,0,34.264
2,32.68903,0,0,0,0,0,0,0,0,0,0,0,0,46.39522
2,24.8439,0,0,0,0,0,0,0,0,0,0,0,0,35.60528
2,31.47839,0,0,0,0,0,0,0,0,0,0,0,0,39.24698
2,29.36129,0,0,0,0,0,0,0,0,0,0,0,0,37.05337
2,28.26728,0,0,0,0,0,0,0,0,0,0,0,0,30.89206
2,34.55579,0,0,0,0,0,0,0,0,0,0,0,0,33.57047
2,35.4603,0,0,0,0,0,0,0,0,0,0,0,0,36.62347
2,41.13422,0,0,0,0,0,0,0,0,0,0,0,0,45.78698
2,32.1372,0,0,0,0,0,0,0,0,0,0,0,0,33.30027
2,29.56643,0,0,0,0,0,0,0,0,0,0,0,0,34.51769
2,27.86394,0,0,0,0,0,0,0,0,0,0,0,0,33.46473
2,32.18195,0,0,0,0,0,0,0,0,0,0,0,0,35.82255
2,36.44912,0,0,0,0,0,0,0,0,0,0,0,0,42.01758
2,36.15644,0,0,0,0,0,0,0,0,0,0,0,0,39.48338
2,32.02081,0,0,0,0,0,0,0,0,0,0,0,0,35.30988
2,38.54686,0,0,0,0,0,0,0,0,0,0,0,0,38.2076
2,36.71962,0,0,0,0,0,0,0,0,0,0,0,0,34.21497
2,35.72069,0,0,0,0,0,0,0,0,0,0,0,0,45.30397
2,37.08353,0,0,0,0,0,0,0,0,0,0,0,0,47.21084
2,37.02611,0,0,0,0,0,0,0,0,0,0,0,0,45.5453
2,30.34645,0,0,0,0,0,0,0,0,0,0,0,0,38.09177
2,33.48365,0,0,0,0,0,0,0,0,0,0,0,0,48.49581
2,28.21023,0,0,0,0,0,0,0,0,0,0,0,0,31.89482
2,32.51789,0,0,0,0,0,0,0,0,0,0,0,0,37.86545
2,33.41975,0,0,0,0,0,0,0,0,0,0,0,0,44.90086
2,28.05074,0,0,0,0,0,0,0,0,0,0,0,0,33.47375
2,24.88723,0,0,0,0,0,0,0,0,0,0,0,0,31.61446
2,27.69113,0,0,0,0,0,0,0,0,0,0,0,0,33.89867
2,30.02721,0,0,0,0,0,0,0,0,0,0,0,0,35.97746
2,33.53099,0,0,0,0,0,0,0,0,0,0,0,0,46.00966
2,33.28906,0,0,0,0,0,0,0,0,0,0,0,0,33.32024
2,39.63564,0,0,0,0,0,0,0,0,0,0,0,0,45.30745
2,27.19018,0,0,0,0,0,0,0,0,0,0,0,0,36.98935
2,36.38391,0,0,0,0,0,0,0,0,0,0,0,0,36.61473
2,35.43882,0,0,0,0,0,0,0,0,0,0,0,0,36.75295
2,35.90662,0,0,0,0,0,0,0,0,0,0,0,0,42.78082
2,32.26633,0,0,0,0,0,0,0,0,0,0,0,0,35.61671
2,27.43757,0,0,0,0,0,0,0,0,0,0,0,0,38.28605
2,29.6371,0,0,0,0,0,0,0,0,0,0,0,0,33.67246
2,30.88244,0,0,0,0,0,0,0,0,0,0,0,0,34.02653
2,40.10969,0,0,0,0,0,0,0,0,0,0,0,0,47.35433
2,33.95198,0,0,0,0,0,0,0,0,0,0,0,0,39.66067
2,26.87228,0,0,0,0,0,0,0,0,0,0,0,0,34.36124
2,34.85083,0,0,0,0,0,0,0,0,0,0,0,0,45.9756
2,33.26725,0,0,0,0,0,0,0,0,0,0,0,0,47.41748
2,28.94564,0,0,0,0,0,0,0,0,0,0,0,0,31.43805
2,34.68684,0,0,0,0,0,0,0,0,0,0,0,0,38.37181
2,29.45598,0,0,0,0,0,0,0,0,0,0,0,0,33.07486
2,33.82051,0,0,0,0,0,0,0,0,0,0,0,0,45.38797
2,34.30911,0,0,0,0,0,0,0,0,0,0,0,0,38.33319
2,43.48497,0,0,0,0,0,0,0,0,0,0,0,0,43.62667
2,33.42017,0,0,0,0,0,0,0,0,0,0,0,0,39.40088
2,32.94214,0,0,0,0,0,0,0,0,0,0,0,0,44.16565
2,32.90236,0,0,0,0,0,0,0,0,0,0,0,0,31.56858
2,32.13641,0,0,0,0,0,0,0,0,0,0,0,0,35.04617
2,34.88528,0,0,0,0,0,0,0,0,0,0,0,0,35.87508
2,31.91476,0,0,0,0,0,0,0,0,0,0,0,0,41.8116
2,28.53405,0,0,0,0,0,0,0,0,0,0,0,0,37.94791
2,37.1755,0,0,0,0,0,0,0,0,0,0,0,0,35.72903
2,38.04303,0,0,0,0,0,0,0,0,0,0,0,0,44.34602
2,28.00522,0,0,0,0,0,0,0,0,0,0,0,0,39.15385
2,31.83549,0,0,0,0,0,0,0,0,0,0,0,0,36.21302
2,29.10838,0,0,0,0,0,0,0,0,0,0,0,0,46.09504
2,38.17822,0,0,0,0,0,0,0,0,0,0,0,0,35.15308
2,34.84973,0,0,0,0,0,0,0,0,0,0,0,0,44.33461
2,34.68241,0,0,0,0,0,0,0,0,0,0,0,0,42.17868
2,29.18093,0,0,0,0,0,0,0,0,0,0,0,0,35.30058
2,29.93054,0,0,0,0,0,0,0,0,0,0,0,0,37.35152
2,32.63063,0,0,0,0,0,0,0,0,0,0,0,0,35.82664
2,28.60456,0,0,0,0,0,0,0,0,0,0,0,0,31.86012
2,39.9473,0,0,0,0,0,0,0,0,0,0,0,0,41.10287
2,30.49105,0,0,0,0,0,0,0,0,0,0,0,0,34.72113
2,33.94395,0,0,0,0,0,0,0,0,0,0,0,0,42.52692
2,36.65764,0,0,0,0,0,0,0,0,0,0,0,0,48.04382
2,29.23254,0,0,0,0,0,0,0,0,0,0,0,0,34.91455
2,32.02786,0,0,0,0,0,0,0,0,0,0,0,0,32.38486
2,35.85645,0,0,0,0,0,0,0,0,0,0,0,0,40.37762
2,38.57014,0,0,0,0,0,0,0,0,0,0,0,0,43.06624
2,35.72977,0,0,0,0,0,0,0,0,0,0,0,0,44.10739
2,31.0506,0,0,0,0,0,0,0,0,0,0,0,0,33.87328
2,31.4537,0,0,0,0,0,0,0,0,0,0,0,0,41.90069
2,33.4103,0,0,0,0,0,0,0,0,0,0,0,0,33.02752
2,33.47336,0,0,0,0,0,0,0,0,0,0,0,0,44.78645
2,33.47174,0,0,0,0,0,0,0,0,0,0,0,0,38.58423
2,31.31202,0,0,0,0,0,0,0,0,0,0,0,0,46.87783
2,29.17469,0,0,0,0,0,0,0,0,0,0,0,0,38.40932
2,35.82533,0,0,0,0,0,0,0,0,0,0,0,0,34.74442
2,39.1863,0,0,0,0,0,0,0,0,0,0,0,0,38.072
2,32.12648,0,0,0,0,0,0,0,0,0,0,0,0,33.48006
2,30.6992,0,0,0,0,0,0,0,0,0,0,0,0,35.00996
2,38.01221,0,0,0,0,0,0,0,0,0,0,0,0,46.83808
2,29.09764,0,0,0,0,0,0,0,0,0,0,0,0,34.65598
2,38.93062,0,0,0,0,0,0,0,0,0,0,0,0,47.13658
2,28.61171,0,0,0,0,0,0,0,0,0,0,0,0,34.83743
2,35.28155,0,0,0,0,0,0,0,0,0,0,0,0,34.85384
2,35.19474,0,0,0,0,0,0,0,0,0,0,0,0,33.42896
2,40.53839,0,0,0,0,0,0,0,0,0,0,0,0,47.63804
2,29.2335,0,0,0,0,0,0,0,0,0,0,0,0,33.49981
2,41.06608,0,0,0,0,0,0,0,0,0,0,0,0,43.3
2,38.5355,0,0,0,0,0,0,0,0,0,0,0,0,45.41787
2,30.49759,0,0,0,0,0,0,0,0,0,0,0,0,41.09274
2,29.356,0,0,0,0,0,0,0,0,0,0,0,0,38.47026
2,35.58885,0,0,0,0,0,0,0,0,0,0,0,0,36.07545
2,35.41679,0,0,0,0,0,0,0,0,0,0,0,0,38.88474
2,36.81778,0,0,0,0,0,0,0,0,0,0,0,0,38.28888
2,37.74492,0,0,0,0,0,0,0,0,0,0,0,0,36.08055
2,28.53226,0,0,0,0,0,0,0,0,0,0,0,0,40.51781
2,36.2196,0,0,0,0,0,0,0,0,0,0,0,0,45.43088
2,35.78963,0,0,0,0,0,0,0,0,0,0,0,0,39.45826
2,31.95418,0,0,0,0,0,0,0,0,0,0,0,0,45.05384
2,35.25438,0,0,0,0,0,0,0,0,0,0,0,0,46.90574
2,29.38013,0,0,0,0,0,0,0,0,0,0,0,0,46.50471
2,34.05701,0,0,0,0,0,0,0,0,0,0,0,0,43.10873
2,24.77715,0,0,0,0,0,0,0,0,0,0,0,0,32.843
2,37.06258,0,0,0,0,0,0,0,0,0,0,0,0,46.37641
2,31.47627,0,0,0,0,0,0,0,0,0,0,0,0,37.80841
2,38.62772,0,0,0,0,0,0,0,0,0,0,0,0,43.91022
2,31.29538,0,0,0,0,0,0,0,0,0,0,0,0,33.60126
2,29.21625,0,0,0,0,0,0,0,0,0,0,0,0,35.15907
2,36.29108,0,0,0,0,0,0,0,0,0,0,0,0,35.26748
2,37.98028,0,0,0,0,0,0,0,0,0,0,0,0,45.30963
2,38.61344,0,0,0,0,0,0,0,0,0,0,0,0,42.33852
2,34.47417,0,0,0,0,0,0,0,0,0,0,0,0,47.37981
2,32.05325,0,0,0,0,0,0,0,0,0,0,0,0,46.73682
2,37.34728,0,0,0,0,0,0,0,0,0,0,0,0,45.34843
2,41.39424,0,0,0,0,0,0,0,0,0,0,0,0,44.88925
2,35.92875,0,0,0,0,0,0,0,0,0,0,0,0,40.39666
2,40.04001,0,0,0,0,0,0,0,0,0,0,0,0,41.80889
2,31.56465,0,0,0,0,0,0,0,0,0,0,0,0,44.63364
2,41.41681,0,0,0,0,0,0,0,0,0,0,0,0,41.15556
2,35.04919,0,0,0,0,0,0,0,0,0,0,0,0,40.7312
2,32.19313,0,0,0,0,0,0,0,0,0,0,0,0,38.29024
2,33.62671,0,0,0,0,0,0,0,0,0,0,0,0,38.8964
2,27.79672,0,0,0,0,0,0,0,0,0,0,0,0,33.79328
2,32.4604,0,0,0,0,0,0,0,0,0,0,0,0,48.28281
2,29.32839,0,0,0,0,0,0,0,0,0,0,0,0,48.33772
2,30.2877,0,0,0,0,0,0,0,0,0,0,0,0,46.31845
2,32.44031,0,0,0,0,0,0,0,0,0,0,0,0,35.46358
2,24.59337,0,0,0,0,0,0,0,0,0,0,0,0,35.41682
2,36.01659,0,0,0,0,0,0,0,0,0,0,0,0,43.79562
2,32.71106,0,0,0,0,0,0,0,0,0,0,0,0,39.56044
2,34.60486,0,0,0,0,0,0,0,0,0,0,0,0,39.81841
2,33.78372,0,0,0,0,0,0,0,0,0,0,0,0,36.34356
2,35.37977,0,0,0,0,0,0,0,0,0,0,0,0,38.97808
2,37.58318,0,0,0,0,0,0,0,0,0,0,0,0,41.56907
2,33.11964,0,0,0,0,0,0,0,0,0,0,0,0,46.90667
2,31.10533,0,0,0,0,0,0,0,0,0,0,0,0,34.35379
2,32.41766,0,0,0,0,0,0,0,0,0,0,0,0,37.87886
2,33.33422,0,0,0,0,0,0,0,0,0,0,0,0,38.37679
2,38.76168,0,0,0,0,0,0,0,0,0,0,0,0,47.0294
2,36.31773,0,0,0,0,0,0,0,0,0,0,0,0,47.05136
2,36.20688,0,0,0,0,0,0,0,0,0,0,0,0,43.61423
2,28.26122,0,0,0,0,0,0,0,0,0,0,0,0,46.06951
2,36.45306,0,0,0,0,0,0,0,0,0,0,0,0,35.73557
2,35.59267,0,0,0,0,0,0,0,0,0,0,0,0,37.01365
2,39.80452,0,0,0,0,0,0,0,0,0,0,0,0,40.21487
2,37.78596,0,0,0,0,0,0,0,0,0,0,0,0,41.8896
2,30.90047,0,0,0,0,0,0,0,0,0,0,0,0,36.35324
2,36.06143,0,0,0,0,0,0,0,0,0,0,0,0,42.42872
2,37.62664,0,0,0,0,0,0,0,0,0,0,0,0,46.00441
2,31.24272,0,0,0,0,0,0,0,0,0,0,0,0,42.12769
2,33.61139,0,0,0,0,0,0,0,0,0,0,0,0,44.74597
2,30.03838,0,0,0,0,0,0,0,0,0,0,0,0,29.71654
2,32.54683,0,0,0,0,0,0,0,0,0,0,0,0,34.22224
2,29.86125,0,0,0,0,0,0,0,0,0,0,0,0,38.48941
2,35.41526,0,0,0,0,0,0,0,0,0,0,0,0,45.86095
2,35.23417,0,0,0,0,0,0,0,0,0,0,0,0,44.86351
2,33.33842,0,0,0,0,0,0,0,0,0,0,0,0,42.99803
2,35.07468,0,0,0,0,0,0,0,0,0,0,0,0,37.7798
2,33.10127,0,0,0,0,0,0,0,0,0,0,0,0,47.09195
2,25.95067,0,0,0,0,0,0,0,0,0,0,0,0,35.94761
2,30.25188,0,0,0,0,0,0,0,0,0,0,0,0,35.45346
2,31.47159,0,0,0,0,0,0,0,0,0,0,0,0,47.15218
2,28.0787,0,0,0,0,0,0,0,0,0,0,0,0,36.25964
2,43.32574,0,0,0,0,0,0,0,0,0,0,0,0,44.6139
2,38.28313,0,0,0,0,0,0,0,0,0,0,0,0,39.49118
2,29.67645,0,0,0,0,0,0,0,0,0,0,0,0,33.33416
2,40.65187,0,0,0,0,0,0,0,0,0,0,0,0,39.12907
2,34.35141,0,0,0,0,0,0,0,0,0,0,0,0,41.0852
2,34.47624,0,0,0,0,0,0,0,0,0,0,0,0,40.60318
2,22.08131,0,0,0,0,0,0,0,0,0,0,0,0,36.31927
2,29.19667,0,0,0,0,0,0,0,0,0,0,0,0,48.537
2,33.26896,0,0,0,0,0,0,0,0,0,0,0,0,46.58217
2,30.19672,0,0,0,0,0,0,0,0,0,0,0,0,37.3036
2,32.49329,0,0,0,0,0,0,0,0,0,0,0,0,46.08664
2,34.81303,0,0,0,0,0,0,0,0,0,0,0,0,47.42693
2,34.86717,0,0,0,0,0,0,0,0,0,0,0,0,45.32883
2,32.80545,0,0,0,0,0,0,0,0,0,0,0,0,42.3
2,37.15754,0,0,0,0,0,0,0,0,0,0,0,0,43.70363
2,27.29811,0,0,0,0,0,0,0,0,0,0,0,0,48.37424
2,34.03318,0,0,0,0,0,0,0,0,0,0,0,0,38.16116
2,37.70482,0,0,0,0,0,0,0,0,0,0,0,0,45.36827
2,31.84945,0,0,0,0,0,0,0,0,0,0,0,0,37.19761
2,31.52287,0,0,0,0,0,0,0,0,0,0,0,0,35.44305
2,35.16322,0,0,0,0,0,0,0,0,0,0,0,0,38.86069
2,38.26651,0,0,0,0,0,0,0,0,0,0,0,0,39.70718
2,34.10632,0,0,0,0,0,0,0,0,0,0,0,0,47.19335
2,37.80377,0,0,0,0,0,0,0,0,0,0,0,0,48.83002
2,35.35129,0,0,0,0,0,0,0,0,0,0,0,0,43.61733
2,32.11537,0,0,0,0,0,0,0,0,0,0,0,0,46.6385
2,38.1923,0,0,0,0,0,0,0,0,0,0,0,0,47.92583
2,39.79129,0,0,0,0,0,0,0,0,0,0,0,0,39.92712
2,34.37962,0,0,0,0,0,0,0,0,0,0,0,0,44.44749
2,40.00221,0,0,0,0,0,0,0,0,0,0,0,0,47.41086
2,35.4418,0,0,0,0,0,0,0,0,0,0,0,0,32.75737
2,36.82707,0,0,0,0,0,0,0,0,0,0,0,0,41.90573
2,37.81542,0,0,0,0,0,0,0,0,0,0,0,0,42.94719
2,38.71029,0,0,0,0,0,0,0,0,0,0,0,0,41.4832
2,27.3066,0,0,0,0,0,0,0,0,0,0,0,0,38.79151
2,38.66015,0,0,0,0,0,0,0,0,0,0,0,0,43.11105
2,31.95329,0,0,0,0,0,0,0,0,0,0,0,0,35.28315
2,33.78717,0,0,0,0,0,0,0,0,0,0,0,0,37.23136
2,32.89722,0,0,0,0,0,0,0,0,0,0,0,0,37.8815
2,31.05741,0,0,0,0,0,0,0,0,0,0,0,0,39.43261
2,37.29238,0,0,0,0,0,0,0,0,0,0,0,0,44.64763
2,28.4022,0,0,0,0,0,0,0,0,0,0,0,0,38.65666
2,34.30112,0,0,0,0,0,0,0,0,0,0,0,0,35.71554
2,33.81844,0,0,0,0,0,0,0,0,0,0,0,0,47.20774
2,33.60527,0,0,0,0,0,0,0,0,0,0,0,0,46.56519
2,36.61579,0,0,0,0,0,0,0,0,0,0,0,0,44.33616
2,23.96916,0,0,0,0,0,0,0,0,0,0,0,0,43.71448
2,41.05828,0,0,0,0,0,0,0,0,0,0,0,0,45.48822
2,34.46868,0,0,0,0,0,0,0,0,0,0,0,0,48.05895
2,37.57707,0,0,0,0,0,0,0,0,0,0,0,0,39.49876
2,24.63692,0,0,0,0,0,0,0,0,0,0,0,0,48.28098
2,33.39853,0,0,0,0,0,0,0,0,0,0,0,0,36.04193
2,36.25237,0,0,0,0,0,0,0,0,0,0,0,0,38.63514
2,37.60236,0,0,0,0,0,0,0,0,0,0,0,0,35.62865
2,31.87842,0,0,0,0,0,0,0,0,0,0,0,0,45.63408
2,33.82765,0,0,0,0,0,0,0,0,0,0,0,0,44.32861
2,34.54051,0,0,0,0,0,0,0,0,0,0,0,0,48.89319
2,39.56248,0,0,0,0,0,0,0,0,0,0,0,0,40.57103
2,32.04875,0,0,0,0,0,0,0,0,0,0,0,0,43.23151
2,31.19009,0,0,0,0,0,0,0,0,0,0,0,0,47.40336
2,30.79494,0,0,0,0,0,0,0,0,0,0,0,0,34.50039
2,31.50046,0,0,0,0,0,0,0,0,0,0,0,0,39.01148
2,38.26247,0,0,0,0,0,0,0,0,0,0,0,0,43.60134
2,35.56908,0,0,0,0,0,0,0,0,0,0,0,0,47.18961
2,36.27437,0,0,0,0,0,0,0,0,0,0,0,0,46.65274
2,38.06055,0,0,0,0,0,0,0,0,0,0,0,0,39.7517
2,37.61611,0,0,0,0,0,0,0,0,0,0,0,0,48.09976
2,35.36078,0,0,0,0,0,0,0,0,0,0,0,0,40.67737
2,35.67242,0,0,0,0,0,0,0,0,0,0,0,0,46.00084
2,39.6768,0,0,0,0,0,0,0,0,0,0,0,0,42.72886
2,40.27334,0,0,0,0,0,0,0,0,0,0,0,0,42.95468
2,39.3739,0,0,0,0,0,0,0,0,0,0,0,0,46.35033
2,32.29752,0,0,0,0,0,0,0,0,0,0,0,0,34.71729
2,33.85946,0,0,0,0,0,0,0,0,0,0,0,0,42.46982
2,38.32586,0,0,0,0,0,0,0,0,0,0,0,0,41.69202
2,35.30011,0,0,0,0,0,0,0,0,0,0,0,0,44.35766
2,27.3738,0,0,0,0,0,0,0,0,0,0,0,0,37.12872
2,33.81046,0,0,0,0,0,0,0,0,0,0,0,0,46.93713
2,26.78976,0,0,0,0,0,0,0,0,0,0,0,0,34.80064
2,30.83854,0,0,0,0,0,0,0,0,0,0,0,0,35.69701
2,36.41636,0,0,0,0,0,0,0,0,0,0,0,0,47.46455
2,20.43136,0,0,0,0,0,0,0,0,0,0,0,0,37.04948
2,35.20711,0,0,0,0,0,0,0,0,0,0,0,0,39.13416
2,35.32979,0,0,0,0,0,0,0,0,0,0,0,0,38.35505
2,35.35149,0,0,0,0,0,0,0,0,0,0,0,0,45.41856
2,30.09616,0,0,0,0,0,0,0,0,0,0,0,0,36.07418
2,30.37112,0,0,0,0,0,0,0,0,0,0,0,0,41.86756
2,36.14541,0,0,0,0,0,0,0,0,0,0,0,0,41.24761
2,30.29203,0,0,0,0,0,0,0,0,0,0,0,0,35.321
2,31.66169,0,0,0,0,0,0,0,0,0,0,0,0,39.0414
2,33.00723,0,0,0,0,0,0,0,0,0,0,0,0,40.39698
2,37.365,0,0,0,0,0,0,0,0,0,0,0,0,47.99524
2,31.63438,0,0,0,0,0,0,0,0,0,0,0,0,35.01072
2,35.90695,0,0,0,0,0,0,0,0,0,0,0,0,45.90738
2,28.71444,0,0,0,0,0,0,0,0,0,0,0,0,47.75603
2,32.86326,0,0,0,0,0,0,0,0,0,0,0,0,42.92828
2,32.21354,0,0,0,0,0,0,0,0,0,0,0,0,38.61316
2,35.78804,0,0,0,0,0,0,0,0,0,0,0,0,48.30523
2,36.28199,0,0,0,0,0,0,0,0,0,0,0,0,36.79475
2,26.00638,0,0,0,0,0,0,0,0,0,0,0,0,33.49527
2,33.06464,0,0,0,0,0,0,0,0,0,0,0,0,34.74997
2,33.86287,0,0,0,0,0,0,0,0,0,0,0,0,38.5232
2,33.84972,0,0,0,0,0,0,0,0,0,0,0,0,45.05486
2,36.07584,0,0,0,0,0,0,0,0,0,0,0,0,39.71733
2,35.52832,0,0,0,0,0,0,0,0,0,0,0,0,41.98269
2,33.92425,0,0,0,0,0,0,0,0,0,0,0,0,42.17458
2,35.61142,0,0,0,0,0,0,0,0,0,0,0,0,47.61091
2,35.64494,0,0,0,0,0,0,0,0,0,0,0,0,44.61713
2,40.1088,0,0,0,0,0,0,0,0,0,0,0,0,47.5255
2,38.75572,0,0,0,0,0,0,0,0,0,0,0,0,46.8698
2,33.26128,0,0,0,0,0,0,0,0,0,0,0,0,44.3315
2,34.5928,0,0,0,0,0,0,0,0,0,0,0,0,44.86104
2,41.1068,0,0,0,0,0,0,0,0,0,0,0,0,43.75557
2,29.53971,0,0,0,0,0,0,0,0,0,0,0,0,43.6256
2,32.09222,0,0,0,0,0,0,0,0,0,0,0,0,34.92435
2,33.33499,0,0,0,0,0,0,0,0,0,0,0,0,38.77499
2,30.23697,0,0,0,0,0,0,0,0,0,0,0,0,35.32607
2,27.18823,0,0,0,0,0,0,0,0,0,0,0,0,37.38449
2,38.22179,0,0,0,0,0,0,0,0,0,0,0,0,45.16944
2,34.4321,0,0,0,0,0,0,0,0,0,0,0,0,44.19753
2,33.32394,0,0,0,0,0,0,0,0,0,0,0,0,47.08764
2,35.21567,0,0,0,0,0,0,0,0,0,0,0,0,44.09977
2,32.26234,0,0,0,0,0,0,0,0,0,0,0,0,40.44578
2,37.98138,0,0,0,0,0,0,0,0,0,0,0,0,43.69847
2,33.26977,0,0,0,0,0,0,0,0,0,0,0,0,41.98241
2,36.43685,0,0,0,0,0,0,0,0,0,0,0,0,47.08659
2,32.84666,0,0,0,0,0,0,0,0,0,0,0,0,33.8227
2,34.24629,0,0,0,0,0,0,0,0,0,0,0,0,47.17477
2,34.94094,0,0,0,0,0,0,0,0,0,0,0,0,37.33296
2,27.71755,0,0,0,0,0,0,0,0,0,0,0,0,46.7626
2,30.92484,0,0,0,0,0,0,0,0,0,0,0,0,35.34359
2,39.39677,0,0,0,0,0,0,0,0,0,0,0,0,43.79498
2,32.80136,0,0,0,0,0,0,0,0,0,0,0,0,48.44975
2,34.57188,0,0,0,0,0,0,0,0,0,0,0,0,41.56849
2,32.58825,0,0,0,0,0,0,0,0,0,0,0,0,40.23857
2,36.27698,0,0,0,0,0,0,0,0,0,0,0,0,46.94752
2,33.50843,0,0,0,0,0,0,0,0,0,0,0,0,48.45416
2,33.65605,0,0,0,0,0,0,0,0,0,0,0,0,47.93558
2,31.00499,0,0,0,0,0,0,0,0,0,0,0,0,36.87802
2,29.69388,0,0,0,0,0,0,0,0,0,0,0,0,42.88858
2,27.39328,0,0,0,0,0,0,0,0,0,0,0,0,34.73438
2,35.65534,0,0,0,0,0,0,0,0,0,0,0,0,45.36615
2,33.52694,0,0,0,0,0,0,0,0,0,0,0,0,41.94815
2,33.17271,0,0,0,0,0,0,0,0,0,0,0,0,38.27997
2,38.00906,0,0,0,0,0,0,0,0,0,0,0,0,46.35652
2,32.70631,0,0,0,0,0,0,0,0,0,0,0,0,42.15379
2,31.74627,0,0,0,0,0,0,0,0,0,0,0,0,47.41676
2,35.38696,0,0,0,0,0,0,0,0,0,0,0,0,40.85266
2,36.31292,0,0,0,0,0,0,0,0,0,0,0,0,44.45119
2,35.11834,0,0,0,0,0,0,0,0,0,0,0,0,38.52337
2,35.38006,0,0,0,0,0,0,0,0,0,0,0,0,46.44278
2,31.15907,0,0,0,0,0,0,0,0,0,0,0,0,36.25795
2,31.45864,0,0,0,0,0,0,0,0,0,0,0,0,45.74397
2,31.66968,0,0,0,0,0,0,0,0,0,0,0,0,34.83249
2,34.25509,0,0,0,0,0,0,0,0,0,0,0,0,46.84164
2,36.82627,0,0,0,0,0,0,0,0,0,0,0,0,46.41854
2,34.28252,0,0,0,0,0,0,0,0,0,0,0,0,34.2286
2,31.37533,0,0,0,0,0,0,0,0,0,0,0,0,37.44917
2,33.50819,0,0,0,0,0,0,0,0,0,0,0,0,44.66463
2,36.94098,0,0,0,0,0,0,0,0,0,0,0,0,48.76881
2,32.80037,0,0,0,0,0,0,0,0,0,0,0,0,42.99826
2,35.58168,0,0,0,0,0,0,0,0,0,0,0,0,42.14977
2,33.13852,0,0,0,0,0,0,0,0,0,0,0,0,45.90406
2,40.30605,0,0,0,0,0,0,0,0,0,0,0,0,45.60335
2,36.91535,0,0,0,0,0,0,0,0,0,0,0,0,48.03659
2,39.07262,0,0,0,0,0,0,0,0,0,0,0,0,43.18141
2,34.00251,0,0,0,0,0,0,0,0,0,0,0,0,36.15884
2,37.1119,0,0,0,0,0,0,0,0,0,0,0,0,40.46775
2,29.29939,0,0,0,0,0,0,0,0,0,0,0,0,48.02617
2,34.20811,0,0,0,0,0,0,0,0,0,0,0,0,43.88832
2,30.45782,0,0,0,0,0,0,0,0,0,0,0,0,36.07493
2,39.84797,0,0,0,0,0,0,0,0,0,0,0,0,41.80803
2,37.82484,0,0,0,0,0,0,0,0,0,0,0,0,40.12418
2,34.45716,0,0,0,0,0,0,0,0,0,0,0,0,48.19656
2,33.22411,0,0,0,0,0,0,0,0,0,0,0,0,38.90265
2,31.8038,0,0,0,0,0,0,0,0,0,0,0,0,43.09436
2,34.2646,0,0,0,0,0,0,0,0,0,0,0,0,39.99044
2,28.09402,0,0,0,0,0,0,0,0,0,0,0,0,47.46794
2,30.23364,0,0,0,0,0,0,0,0,0,0,0,0,31.98808
2,33.29817,0,0,0,0,0,0,0,0,0,0,0,0,45.1372
2,29.28724,0,0,0,0,0,0,0,0,0,0,0,0,47.04156
2,34.96926,0,0,0,0,0,0,0,0,0,0,0,0,38.48912
2,36.798,0,0,0,0,0,0,0,0,0,0,0,0,40.05142
2,37.88784,0,0,0,0,0,0,0,0,0,0,0,0,43.60852
2,35.14042,0,0,0,0,0,0,0,0,0,0,0,0,46.1107
2,37.15131,0,0,0,0,0,0,0,0,0,0,0,0,41.50258
2,38.48578,0,0,0,0,0,0,0,0,0,0,0,0,45.24268
2,38.57475,0,0,0,0,0,0,0,0,0,0,0,0,42.87449
2,30.72002,0,0,0,0,0,0,0,0,0,0,0,0,44.76434
2,39.48118,0,0,0,0,0,0,0,0,0,0,0,0,46.67754
2,28.35405,0,0,0,0,0,0,0,0,0,0,0,0,34.27172
2,37.66878,0,0,0,0,0,0,0,0,0,0,0,0,45.55821
2,33.69807,0,0,0,0,0,0,0,0,0,0,0,0,36.48453
2,35.6911,0,0,0,0,0,0,0,0,0,0,0,0,46.77925
2,37.32328,0,0,0,0,0,0,0,0,0,0,0,0,43.60515
2,37.10217,0,0,0,0,0,0,0,0,0,0,0,0,46.26226
2,34.80893,0,0,0,0,0,0,0,0,0,0,0,0,43.58776
2,38.32835,0,0,0,0,0,0,0,0,0,0,0,0,47.16895
2,39.26609,0,0,0,0,0,0,0,0,0,0,0,0,39.09795
2,30.62753,0,0,0,0,0,0,0,0,0,0,0,0,35.70355
2,26.00278,0,0,0,0,0,0,0,0,0,0,0,0,30.38244
2,35.34019,0,0,0,0,0,0,0,0,0,0,0,0,48.23283
2,34.37537,0,0,0,0,0,0,0,0,0,0,0,0,42.55028
2,32.40348,0,0,0,0,0,0,0,0,0,0,0,0,47.98976
2,30.45944,0,0,0,0,0,0,0,0,0,0,0,0,37.29732
2,35.98838,0,0,0,0,0,0,0,0,0,0,0,0,39.69725
2,32.01005,0,0,0,0,0,0,0,0,0,0,0,0,45.08279
2,37.32434,0,0,0,0,0,0,0,0,0,0,0,0,44.48376
2,32.48365,0,0,0,0,0,0,0,0,0,0,0,0,35.95566
2,36.7289,0,0,0,0,0,0,0,0,0,0,0,0,40.83996
2,34.13777,0,0,0,0,0,0,0,0,0,0,0,0,43.1953
2,27.62323,0,0,0,0,0,0,0,0,0,0,0,0,47.61873
2,33.81418,0,0,0,0,0,0,0,0,0,0,0,0,44.29637
2,32.5359,0,0,0,0,0,0,0,0,0,0,0,0,48.26204
2,35.25732,0,0,0,0,0,0,0,0,0,0,0,0,42.97556
2,33.62762,0,0,0,0,0,0,0,0,0,0,0,0,41.50485
2,32.61573,0,0,0,0,0,0,0,0,0,0,0,0,40.29256
2,33.55375,0,0,0,0,0,0,0,0,0,0,0,0,45.2493
2,26.44551,0,0,0,0,0,0,0,0,0,0,0,0,38.43465
2,26.58824,0,0,0,0,0,0,0,0,0,0,0,0,45.77526
2,37.78202,0,0,0,0,0,0,0,0,0,0,0,0,41.25467
2,38.76693,0,0,0,0,0,0,0,0,0,0,0,0,44.07435
2,35.8395,0,0,0,0,0,0,0,0,0,0,0,0,43.95526
2,35.83147,0,0,0,0,0,0,0,0,0,0,0,0,38.48775
2,33.25531,0,0,0,0,0,0,0,0,0,0,0,0,47.86313
2,36.69132,0,0,0,0,0,0,0,0,0,0,0,0,41.21875
2,34.79197,0,0,0,0,0,0,0,0,0,0,0,0,39.18639
2,38.04982,0,0,0,0,0,0,0,0,0,0,0,0,42.4429
2,37.63877,0,0,0,0,0,0,0,0,0,0,0,0,48.03794
2,36.56289,0,0,0,0,0,0,0,0,0,0,0,0,38.42739
2,37.15364,0,0,0,0,0,0,0,0,0,0,0,0,46.2773
2,38.81531,0,0,0,0,0,0,0,0,0,0,0,0,45.23751
2,23.51066,0,0,0,0,0,0,0,0,0,0,0,0,32.77803
2,31.98265,0,0,0,0,0,0,0,0,0,0,0,0,45.13365
2,40.73129,0,0,0,0,0,0,0,0,0,0,0,0,45.00503
2,32.80152,0,0,0,0,0,0,0,0,0,0,0,0,47.25112
2,30.47117,0,0,0,0,0,0,0,0,0,0,0,0,35.64837
2,36.87208,0,0,0,0,0,0,0,0,0,0,0,0,41.2167
2,30.00343,0,0,0,0,0,0,0,0,0,0,0,0,43.93559
2,39.14333,0,0,0,0,0,0,0,0,0,0,0,0,44.01754
2,32.7952,0,0,0,0,0,0,0,0,0,0,0,0,45.32578
2,33.00642,0,0,0,0,0,0,0,0,0,0,0,0,45.17265
2,34.28252,0,0,0,0,0,0,0,0,0,0,0,0,46.78955
2,32.13424,0,0,0,0,0,0,0,0,0,0,0,0,38.75449
2,27.97969,0,0,0,0,0,0,0,0,0,0,0,0,36.11605
2,41.54948,0,0,0,0,0,0,0,0,0,0,0,0,45.94326
2,33.82269,0,0,0,0,0,0,0,0,0,0,0,0,45.07163
2,31.36789,0,0,0,0,0,0,0,0,0,0,0,0,37.93335
2,28.4041,0,0,0,0,0,0,0,0,0,0,0,0,34.25671
2,36.60428,0,0,0,0,0,0,0,0,0,0,0,0,47.05619
2,35.57376,0,0,0,0,0,0,0,0,0,0,0,0,45.16789
2,38.95771,0,0,0,0,0,0,0,0,0,0,0,0,47.92422
2,33.47525,0,0,0,0,0,0,0,0,0,0,0,0,34.44038
2,26.02298,0,0,0,0,0,0,0,0,0,0,0,0,36.22052
2,33.81833,0,0,0,0,0,0,0,0,0,0,0,0,45.05397
2,29.4001,0,0,0,0,0,0,0,0,0,0,0,0,41.48561
2,31.85268,0,0,0,0,0,0,0,0,0,0,0,0,33.22834
2,38.20683,0,0,0,0,0,0,0,0,0,0,0,0,42.91373
2,32.85251,0,0,0,0,0,0,0,0,0,0,0,0,41.79345
2,36.18893,0,0,0,0,0,0,0,0,0,0,0,0,47.75672
2,35.45145,0,0,0,0,0,0,0,0,0,0,0,0,37.91754
2,41.0499,0,0,0,0,0,0,0,0,0,0,0,0,45.5286
2,33.78682,0,0,0,0,0,0,0,0,0,0,0,0,46.34785
2,24.44941,0,0,0,0,0,0,0,0,0,0,0,0,30.94888
2,36.79033,0,0,0,0,0,0,0,0,0,0,0,0,43.72251
2,34.22713,0,0,0,0,0,0,0,0,0,0,0,0,45.08622
2,34.92197,0,0,0,0,0,0,0,0,0,0,0,0,45.43311
2,33.65721,0,0,0,0,0,0,0,0,0,0,0,0,48.61447
2,33.35699,0,0,0,0,0,0,0,0,0,0,0,0,45.19279
2,36.09716,0,0,0,0,0,0,0,0,0,0,0,0,46.76093
2,41.12675,0,0,0,0,0,0,0,0,0,0,0,0,44.4124
2,37.26511,0,0,0,0,0,0,0,0,0,0,0,0,38.58138
2,34.9097,0,0,0,0,0,0,0,0,0,0,0,0,44.29576
2,31.62059,0,0,0,0,0,0,0,0,0,0,0,0,44.82413
2,36.19513,0,0,0,0,0,0,0,0,0,0,0,0,36.26756
2,34.14291,0,0,0,0,0,0,0,0,0,0,0,0,46.05151
2,39.36855,0,0,0,0,0,0,0,0,0,0,0,0,38.19822
2,37.01845,0,0,0,0,0,0,0,0,0,0,0,0,37.598
2,36.00878,0,0,0,0,0,0,0,0,0,0,0,0,45.64561
2,41.71429,0,0,0,0,0,0,0,0,0,0,0,0,45.93021
2,30.47318,0,0,0,0,0,0,0,0,0,0,0,0,44.98319
2,35.20958,0,0,0,0,0,0,0,0,0,0,0,0,38.4458
2,28.62209,0,0,0,0,0,0,0,0,0,0,0,0,32.75142
2,33.81501,0,0,0,0,0,0,0,0,0,0,0,0,38.58575
2,42.26679,0,0,0,0,0,0,0,0,0,0,0,0,45.86105
2,38.30793,0,0,0,0,0,0,0,0,0,0,0,0,47.86811
2,31.42789,0,0,0,0,0,0,0,0,0,0,0,0,45.90504
2,36.23618,0,0,0,0,0,0,0,0,0,0,0,0,35.62253
2,29.78542,0,0,0,0,0,0,0,0,0,0,0,0,47.86963
2,33.02732,0,0,0,0,0,0,0,0,0,0,0,0,46.06951
2,25.61293,0,0,0,0,0,0,0,0,0,0,0,0,46.78305
2,37.43362,0,0,0,0,0,0,0,0,0,0,0,0,45.14146
2,30.27424,0,0,0,0,0,0,0,0,0,0,0,0,36.90097
2,35.91627,0,0,0,0,0,0,0,0,0,0,0,0,43.38163
2,33.04143,0,0,0,0,0,0,0,0,0,0,0,0,39.05236
2,39.48024,0,0,0,0,0,0,0,0,0,0,0,0,45.21838
2,38.90118,0,0,0,0,0,0,0,0,0,0,0,0,36.16652
2,36.36313,0,0,0,0,0,0,0,0,0,0,0,0,46.26099
2,34.91442,0,0,0,0,0,0,0,0,0,0,0,0,43.72615
2,31.87227,0,0,0,0,0,0,0,0,0,0,0,0,37.28988
2,33.04735,0,0,0,0,0,0,0,0,0,0,0,0,37.89524
2,37.89329,0,0,0,0,0,0,0,0,0,0,0,0,43.9846
2,38.56176,0,0,0,0,0,0,0,0,0,0,0,0,46.5616
2,33.11547,0,0,0,0,0,0,0,0,0,0,0,0,43.27875
2,36.98523,0,0,0,0,0,0,0,0,0,0,0,0,44.17581
2,38.18936,0,0,0,0,0,0,0,0,0,0,0,0,35.86102
2,37.5477,0,0,0,0,0,0,0,0,0,0,0,0,40.46631
2,36.57923,0,0,0,0,0,0,0,0,0,0,0,0,48.09806
2,37.56794,0,0,0,0,0,0,0,0,0,0,0,0,44.04707
2,34.43559,0,0,0,0,0,0,0,0,0,0,0,0,39.80574
2,40.11095,0,0,0,0,0,0,0,0,0,0,0,0,37.77685
2,32.8814,0,0,0,0,0,0,0,0,0,0,0,0,47.85949
2,36.68343,0,0,0,0,0,0,0,0,0,0,0,0,35.98647
2,36.56459,0,0,0,0,0,0,0,0,0,0,0,0,36.46884
2,30.25069,0,0,0,0,0,0,0,0,0,0,0,0,38.49022
2,40.70689,0,0,0,0,0,0,0,0,0,0,0,0,47.2508
2,33.22383,0,0,0,0,0,0,0,0,0,0,0,0,41.87777
2,38.53539,0,0,0,0,0,0,0,0,0,0,0,0,43.80319
2,37.17234,0,0,0,0,0,0,0,0,0,0,0,0,38.51586
2,35.19428,0,0,0,0,0,0,0,0,0,0,0,0,39.15775
2,36.59373,0,0,0,0,0,0,0,0,0,0,0,0,46.97624
2,31.33104,0,0,0,0,0,0,0,0,0,0,0,0,47.12719
2,37.8919,0,0,0,0,0,0,0,0,0,0,0,0,47.0131
2,38.82536,0,0,0,0,0,0,0,0,0,0,0,0,45.68972
2,38.15799,0,0,0,0,0,0,0,0,0,0,0,0,38.37271
2,39.58956,0,0,0,0,0,0,0,0,0,0,0,0,42.96124
2,32.73307,0,0,0,0,0,0,0,0,0,0,0,0,37.34411
2,37.32656,0,0,0,0,0,0,0,0,0,0,0,0,42.06002
2,38.0371,0,0,0,0,0,0,0,0,0,0,0,0,44.81199
2,33.78749,0,0,0,0,0,0,0,0,0,0,0,0,41.31693
2,34.7224,0,0,0,0,0,0,0,0,0,0,0,0,43.34718
2,35.13131,0,0,0,0,0,0,0,0,0,0,0,0,46.32117
2,34.47172,0,0,0,0,0,0,0,0,0,0,0,0,33.97215
2,35.40428,0,0,0,0,0,0,0,0,0,0,0,0,40.51851
2,33.32643,0,0,0,0,0,0,0,0,0,0,0,0,41.11143
2,37.55184,0,0,0,0,0,0,0,0,0,0,0,0,37.85884
2,38.06964,0,0,0,0,0,0,0,0,0,0,0,0,41.66791
2,39.58286,0,0,0,0,0,0,0,0,0,0,0,0,36.14756
2,32.05336,0,0,0,0,0,0,0,0,0,0,0,0,41.61436
2,27.48016,0,0,0,0,0,0,0,0,0,0,0,0,39.97253
2,29.42902,0,0,0,0,0,0,0,0,0,0,0,0,45.85724
2,32.06634,0,0,0,0,0,0,0,0,0,0,0,0,39.66274
2,38.12175,0,0,0,0,0,0,0,0,0,0,0,0,39.18425
2,33.859,0,0,0,0,0,0,0,0,0,0,0,0,40.46669
2,36.19844,0,0,0,0,0,0,0,0,0,0,0,0,45.64441
2,31.86257,0,0,0,0,0,0,0,0,0,0,0,0,33.30495
2,40.12804,0,0,0,0,0,0,0,0,0,0,0,0,47.48238
2,29.66078,0,0,0,0,0,0,0,0,0,0,0,0,33.36243
2,27.34207,0,0,0,0,0,0,0,0,0,0,0,0,40.44899
2,41.5378,0,0,0,0,0,0,0,0,0,0,0,0,46.30449
2,39.09377,0,0,0,0,0,0,0,0,0,0,0,0,37.78977
2,33.6731,0,0,0,0,0,0,0,0,0,0,0,0,43.54047
2,34.99116,0,0,0,0,0,0,0,0,0,0,0,0,33.76258
2,37.41121,0,0,0,0,0,0,0,0,0,0,0,0,45.68586
2,35.89781,0,0,0,0,0,0,0,0,0,0,0,0,45.48364
2,35.53842,0,0,0,0,0,0,0,0,0,0,0,0,47.14738
2,31.75582,0,0,0,0,0,0,0,0,0,0,0,0,35.1004
2,37.59661,0,0,0,0,0,0,0,0,0,0,0,0,46.96736
2,38.94118,0,0,0,0,0,0,0,0,0,0,0,0,43.61367
2,36.87343,0,0,0,0,0,0,0,0,0,0,0,0,37.55968
2,36.14005,0,0,0,0,0,0,0,0,0,0,0,0,36.26563
2,38.3897,0,0,0,0,0,0,0,0,0,0,0,0,48.60852
2,29.81571,0,0,0,0,0,0,0,0,0,0,0,0,47.76563
2,36.2257,0,0,0,0,0,0,0,0,0,0,0,0,40.90209
2,35.91454,0,0,0,0,0,0,0,0,0,0,0,0,36.15159
2,37.05782,0,0,0,0,0,0,0,0,0,0,0,0,45.26087
2,32.17775,0,0,0,0,0,0,0,0,0,0,0,0,39.36728
2,40.32133,0,0,0,0,0,0,0,0,0,0,0,0,46.30324
2,37.16401,0,0,0,0,0,0,0,0,0,0,0,0,46.8439
2,35.26305,0,0,0,0,0,0,0,0,0,0,0,0,43.8707
2,30.62152,0,0,0,0,0,0,0,0,0,0,0,0,35.37698
2,40.60359,0,0,0,0,0,0,0,0,0,0,0,0,43.72061
2,31.75105,0,0,0,0,0,0,0,0,0,0,0,0,35.45524
2,31.75467,0,0,0,0,0,0,0,0,0,0,0,0,38.20966
2,33.20861,0,0,0,0,0,0,0,0,0,0,0,0,47.45389
2,33.23123,0,0,0,0,0,0,0,0,0,0,0,0,43.59149
2,27.84987,0,0,0,0,0,0,0,0,0,0,0,0,36.54987
2,36.6029,0,0,0,0,0,0,0,0,0,0,0,0,41.14485
2,34.73013,0,0,0,0,0,0,0,0,0,0,0,0,34.54209
2,33.39065,0,0,0,0,0,0,0,0,0,0,0,0,45.61112
2,34.3565,0,0,0,0,0,0,0,0,0,0,0,0,37.99495
2,28.00703,0,0,0,0,0,0,0,0,0,0,0,0,36.12294
2,35.71064,0,0,0,0,0,0,0,0,0,0,0,0,38.91107
2,33.82333,0,0,0,0,0,0,0,0,0,0,0,0,44.17692
2,41.73009,0,0,0,0,0,0,0,0,0,0,0,0,45.93549
2,36.28491,0,0,0,0,0,0,0,0,0,0,0,0,39.05216
2,40.26898,0,0,0,0,0,0,0,0,0,0,0,0,43.51191
2,34.34363,0,0,0,0,0,0,0,0,0,0,0,0,41.78104
2,36.27598,0,0,0,0,0,0,0,0,0,0,0,0,43.9131
2,32.23768,0,0,0,0,0,0,0,0,0,0,0,0,43.95866
2,37.85678,0,0,0,0,0,0,0,0,0,0,0,0,44.22181
2,37.53527,0,0,0,0,0,0,0,0,0,0,0,0,44.40998
2,30.54112,0,0,0,0,0,0,0,0,0,0,0,0,34.97062
2,31.6241,0,0,0,0,0,0,0,0,0,0,0,0,37.11136
2,37.49196,0,0,0,0,0,0,0,0,0,0,0,0,40.12786
2,32.50932,0,0,0,0,0,0,0,0,0,0,0,0,33.74562
2,28.24435,0,0,0,0,0,0,0,0,0,0,0,0,38.71531
2,31.79192,0,0,0,0,0,0,0,0,0,0,0,0,35.76485
2,31.5652,0,0,0,0,0,0,0,0,0,0,0,0,32.23989
2,29.73017,0,0,0,0,0,0,0,0,0,0,0,0,34.64917
2,37.65113,0,0,0,0,0,0,0,0,0,0,0,0,46.89494
2,32.39494,0,0,0,0,0,0,0,0,0,0,0,0,43.62206
2,31.17629,0,0,0,0,0,0,0,0,0,0,0,0,36.28766
2,34.02124,0,0,0,0,0,0,0,0,0,0,0,0,41.81061
2,33.6174,0,0,0,0,0,0,0,0,0,0,0,0,39.28881
2,28.67643,0,0,0,0,0,0,0,0,0,0,0,0,44.66027
2,35.4001,0,0,0,0,0,0,0,0,0,0,0,0,45.88696
2,29.07832,0,0,0,0,0,0,0,0,0,0,0,0,33.79724
2,38.79363,0,0,0,0,0,0,0,0,0,0,0,0,45.71305
2,36.98747,0,0,0,0,0,0,0,0,0,0,0,0,40.65028
2,42.68597,0,0,0,0,0,0,0,0,0,0,0,0,44.11929
2,31.90055,0,0,0,0,0,0,0,0,0,0,0,0,39.61866
2,38.56839,0,0,0,0,0,0,0,0,0,0,0,0,44.84752
2,38.19025,0,0,0,0,0,0,0,0,0,0,0,0,43.98801
2,31.45825,0,0,0,0,0,0,0,0,0,0,0,0,34.96737
2,29.17697,0,0,0,0,0,0,0,0,0,0,0,0,37.08892
2,32.67289,0,0,0,0,0,0,0,0,0,0,0,0,45.53904
2,34.77468,0,0,0,0,0,0,0,0,0,0,0,0,42.33427
2,35.08109,0,0,0,0,0,0,0,0,0,0,0,0,44.87181
2,35.5808,0,0,0,0,0,0,0,0,0,0,0,0,44.13102
2,31.86302,0,0,0,0,0,0,0,0,0,0,0,0,32.31917
2,36.97092,0,0,0,0,0,0,0,0,0,0,0,0,44.99931
2,28.91623,0,0,0,0,0,0,0,0,0,0,0,0,47.86224
2,36.40979,0,0,0,0,0,0,0,0,0,0,0,0,36.53983
2,32.05837,0,0,0,0,0,0,0,0,0,0,0,0,46.52745
2,29.49575,0,0,0,0,0,0,0,0,0,0,0,0,35.04121
2,32.84974,0,0,0,0,0,0,0,0,0,0,0,0,32.17979
2,39.67895,0,0,0,0,0,0,0,0,0,0,0,0,45.84427
2,32.34544,0,0,0,0,0,0,0,0,0,0,0,0,39.49939
2,36.62392,0,0,0,0,0,0,0,0,0,0,0,0,46.91269
2,35.06962,0,0,0,0,0,0,0,0,0,0,0,0,48.12264
2,30.6141,0,0,0,0,0,0,0,0,0,0,0,0,33.54595
2,43.23771,0,0,0,0,0,0,0,0,0,0,0,0,43.85995
2,37.45388,0,0,0,0,0,0,0,0,0,0,0,0,38.16448
2,35.80652,0,0,0,0,0,0,0,0,0,0,0,0,46.75297
2,40.38586,0,0,0,0,0,0,0,0,0,0,0,0,47.49588
2,33.35647,0,0,0,0,0,0,0,0,0,0,0,0,38.62214
2,36.24599,0,0,0,0,0,0,0,0,0,0,0,0,45.09037
2,31.97342,0,0,0,0,0,0,0,0,0,0,0,0,38.24891
2,35.97764,0,0,0,0,0,0,0,0,0,0,0,0,41.02343
2,38.63449,0,0,0,0,0,0,0,0,0,0,0,0,42.71439
2,33.53075,0,0,0,0,0,0,0,0,0,0,0,0,36.75812
2,35.04185,0,0,0,0,0,0,0,0,0,0,0,0,38.68295
2,37.09796,0,0,0,0,0,0,0,0,0,0,0,0,41.26226
2,34.81613,0,0,0,0,0,0,0,0,0,0,0,0,37.45132
2,36.89951,0,0,0,0,0,0,0,0,0,0,0,0,44.493
2,31.19078,0,0,0,0,0,0,0,0,0,0,0,0,38.7989
2,35.06938,0,0,0,0,0,0,0,0,0,0,0,0,47.41829
2,37.65192,0,0,0,0,0,0,0,0,0,0,0,0,36.30448
2,36.65952,0,0,0,0,0,0,0,0,0,0,0,0,40.03157
2,33.42324,0,0,0,0,0,0,0,0,0,0,0,0,32.40969
2,39.93565,0,0,0,0,0,0,0,0,0,0,0,0,41.4621
2,32.66034,0,0,0,0,0,0,0,0,0,0,0,0,41.74327
2,35.26425,0,0,0,0,0,0,0,0,0,0,0,0,41.26308
2,24.89844,0,0,0,0,0,0,0,0,0,0,0,0,31.60383
2,35.52225,0,0,0,0,0,0,0,0,0,0,0,0,38.42654
2,34.9558,0,0,0,0,0,0,0,0,0,0,0,0,42.08192
2,39.93837,0,0,0,0,0,0,0,0,0,0,0,0,45.05473
2,31.44613,0,0,0,0,0,0,0,0,0,0,0,0,45.18138
2,35.53173,0,0,0,0,0,0,0,0,0,0,0,0,35.2836
2,32.18571,0,0,0,0,0,0,0,0,0,0,0,0,39.5316
2,37.45389,0,0,0,0,0,0,0,0,0,0,0,0,46.48938
2,37.4224,0,0,0,0,0,0,0,0,0,0,0,0,40.72218
2,29.78591,0,0,0,0,0,0,0,0,0,0,0,0,33.50138
2,32.83584,0,0,0,0,0,0,0,0,0,0,0,0,35.56728
2,34.76358,0,0,0,0,0,0,0,0,0,0,0,0,38.55567
2,38.33014,0,0,0,0,0,0,0,0,0,0,0,0,46.75283
2,31.41295,0,0,0,0,0,0,0,0,0,0,0,0,44.26348
2,31.88145,0,0,0,0,0,0,0,0,0,0,0,0,35.62471
2,32.98227,0,0,0,0,0,0,0,0,0,0,0,0,41.96506
2,41.91966,0,0,0,0,0,0,0,0,0,0,0,0,45.15447
2,29.97614,0,0,0,0,0,0,0,0,0,0,0,0,35.94278
2,35.95293,0,0,0,0,0,0,0,0,0,0,0,0,38.70208
2,33.65714,0,0,0,0,0,0,0,0,0,0,0,0,41.06933
2,30.68957,0,0,0,0,0,0,0,0,0,0,0,0,42.44682
2,35.01022,0,0,0,0,0,0,0,0,0,0,0,0,46.27926
2,33.32329,0,0,0,0,0,0,0,0,0,0,0,0,44.58791
2,34.53881,0,0,0,0,0,0,0,0,0,0,0,0,40.91051
2,39.12674,0,0,0,0,0,0,0,0,0,0,0,0,46.28833
2,35.0291,0,0,0,0,0,0,0,0,0,0,0,0,44.39899
2,33.80257,0,0,0,0,0,0,0,0,0,0,0,0,33.88909
2,35.75257,0,0,0,0,0,0,0,0,0,0,0,0,35.25122
2,29.47315,0,0,0,0,0,0,0,0,0,0,0,0,44.33079
2,37.1454,0,0,0,0,0,0,0,0,0,0,0,0,47.02488
2,37.29679,0,0,0,0,0,0,0,0,0,0,0,0,42.30326
2,38.50034,0,0,0,0,0,0,0,0,0,0,0,0,42.52554
2,35.79174,0,0,0,0,0,0,0,0,0,0,0,0,46.92023
2,29.49436,0,0,0,0,0,0,0,0,0,0,0,0,37.57889
2,41.56224,0,0,0,0,0,0,0,0,0,0,0,0,48.02969
2,30.65883,0,0,0,0,0,0,0,0,0,0,0,0,39.021
2,30.02159,0,0,0,0,0,0,0,0,0,0,0,0,42.88587
2,33.89125,0,0,0,0,0,0,0,0,0,0,0,0,40.04876
2,35.40537,0,0,0,0,0,0,0,0,0,0,0,0,47.61459
2,41.83522,0,0,0,0,0,0,0,0,0,0,0,0,46.90155
2,36.00842,0,0,0,0,0,0,0,0,0,0,0,0,41.04047
2,39.25291,0,0,0,0,0,0,0,0,0,0,0,0,45.1189
2,32.58698,0,0,0,0,0,0,0,0,0,0,0,0,37.59359
2,30.44312,0,0,0,0,0,0,0,0,0,0,0,0,41.4262
2,35.9651,0,0,0,0,0,0,0,0,0,0,0,0,43.27939
2,33.32316,0,0,0,0,0,0,0,0,0,0,0,0,47.00498
2,37.75631,0,0,0,0,0,0,0,0,0,0,0,0,44.94368
2,34.65401,0,0,0,0,0,0,0,0,0,0,0,0,43.49575
2,28.00798,0,0,0,0,0,0,0,0,0,0,0,0,39.72658
2,35.69514,0,0,0,0,0,0,0,0,0,0,0,0,43.65261
2,28.40944,0,0,0,0,0,0,0,0,0,0,0,0,43.64082
2,36.13536,0,0,0,0,0,0,0,0,0,0,0,0,39.38658
2,33.90859,0,0,0,0,0,0,0,0,0,0,0,0,41.83796
2,36.35975,0,0,0,0,0,0,0,0,0,0,0,0,45.47079
2,37.61633,0,0,0,0,0,0,0,0,0,0,0,0,40.92543
2,36.12321,0,0,0,0,0,0,0,0,0,0,0,0,38.65964
2,35.10824,0,0,0,0,0,0,0,0,0,0,0,0,36.62808
2,34.74962,0,0,0,0,0,0,0,0,0,0,0,0,48.56983
2,33.35813,0,0,0,0,0,0,0,0,0,0,0,0,48.02001
2,24.72247,0,0,0,0,0,0,0,0,0,0,0,0,45.75003
2,32.4154,0,0,0,0,0,0,0,0,0,0,0,0,36.85355
2,37.12623,0,0,0,0,0,0,0,0,0,0,0,0,46.06208
2,33.54019,0,0,0,0,0,0,0,0,0,0,0,0,39.11643
2,37.09602,0,0,0,0,0,0,0,0,0,0,0,0,37.07279
2,35.03834,0,0,0,0,0,0,0,0,0,0,0,0,39.55924
2,33.28812,0,0,0,0,0,0,0,0,0,0,0,0,45.14849
2,34.05042,0,0,0,0,0,0,0,0,0,0,0,0,48.37933
2,41.05108,0,0,0,0,0,0,0,0,0,0,0,0,41.62135
2,30.58393,0,0,0,0,0,0,0,0,0,0,0,0,46.9044
2,33.17008,0,0,0,0,0,0,0,0,0,0,0,0,36.21895
2,33.88838,0,0,0,0,0,0,0,0,0,0,0,0,47.38223
2,38.59748,0,0,0,0,0,0,0,0,0,0,0,0,44.77535
2,33.89455,0,0,0,0,0,0,0,0,0,0,0,0,47.27917
2,28.47018,0,0,0,0,0,0,0,0,0,0,0,0,37.85631
2,39.27728,0,0,0,0,0,0,0,0,0,0,0,0,38.54721
2,31.50882,0,0,0,0,0,0,0,0,0,0,0,0,45.77021
2,35.87927,0,0,0,0,0,0,0,0,0,0,0,0,48.12032
2,38.02017,0,0,0,0,0,0,0,0,0,0,0,0,43.41224
2,39.26214,0,0,0,0,0,0,0,0,0,0,0,0,40.90406
2,31.65081,0,0,0,0,0,0,0,0,0,0,0,0,44.08276
2,32.75607,0,0,0,0,0,0,0,0,0,0,0,0,45.81611
2,38.98116,0,0,0,0,0,0,0,0,0,0,0,0,43.53595
2,30.6286,0,0,0,0,0,0,0,0,0,0,0,0,29.47497
2,37.32587,0,0,0,0,0,0,0,0,0,0,0,0,44.24165
2,30.38452,0,0,0,0,0,0,0,0,0,0,0,0,35.68721
2,30.75651,0,0,0,0,0,0,0,0,0,0,0,0,34.02942
2,31.12408,0,0,0,0,0,0,0,0,0,0,0,0,37.92183
2,32.23082,0,0,0,0,0,0,0,0,0,0,0,0,36.9836
2,37.84455,0,0,0,0,0,0,0,0,0,0,0,0,40.98409
2,34.7098,0,0,0,0,0,0,0,0,0,0,0,0,42.77628
2,32.39001,0,0,0,0,0,0,0,0,0,0,0,0,39.90378
2,31.12869,0,0,0,0,0,0,0,0,0,0,0,0,35.86229
2,37.29925,0,0,0,0,0,0,0,0,0,0,0,0,44.76763
2,39.9643,0,0,0,0,0,0,0,0,0,0,0,0,41.97347
2,32.83009,0,0,0,0,0,0,0,0,0,0,0,0,44.02817
2,37.7641,0,0,0,0,0,0,0,0,0,0,0,0,47.13872
2,35.36539,0,0,0,0,0,0,0,0,0,0,0,0,46.74408
2,35.15965,0,0,0,0,0,0,0,0,0,0,0,0,36.23356
2,40.46492,0,0,0,0,0,0,0,0,0,0,0,0,46.2573
2,33.41496,0,0,0,0,0,0,0,0,0,0,0,0,38.87602
2,28.96646,0,0,0,0,0,0,0,0,0,0,0,0,36.94121
2,34.57525,0,0,0,0,0,0,0,0,0,0,0,0,47.02457
2,31.24051,0,0,0,0,0,0,0,0,0,0,0,0,36.86823
2,34.86181,0,0,0,0,0,0,0,0,0,0,0,0,42.90329
2,33.86728,0,0,0,0,0,0,0,0,0,0,0,0,37.16157
2,33.99456,0,0,0,0,0,0,0,0,0,0,0,0,43.1007
2,36.38585,0,0,0,0,0,0,0,0,0,0,0,0,45.43913
2,41.32705,0,0,0,0,0,0,0,0,0,0,0,0,47.68913
2,35.18617,0,0,0,0,0,0,0,0,0,0,0,0,36.07498
2,31.15151,0,0,0,0,0,0,0,0,0,0,0,0,41.90821
2,35.8583,0,0,0,0,0,0,0,0,0,0,0,0,35.93242
2,28.92912,0,0,0,0,0,0,0,0,0,0,0,0,44.66874
2,32.58391,0,0,0,0,0,0,0,0,0,0,0,0,45.49554
2,37.92351,0,0,0,0,0,0,0,0,0,0,0,0,48.16073
2,35.2307,0,0,0,0,0,0,0,0,0,0,0,0,39.50133
2,36.41235,0,0,0,0,0,0,0,0,0,0,0,0,47.82316
2,33.06314,0,0,0,0,0,0,0,0,0,0,0,0,44.93295
2,34.69321,0,0,0,0,0,0,0,0,0,0,0,0,35.37647
2,37.26674,0,0,0,0,0,0,0,0,0,0,0,0,37.26621
2,33.41123,0,0,0,0,0,0,0,0,0,0,0,0,43.65524
2,37.41078,0,0,0,0,0,0,0,0,0,0,0,0,36.49058
2,31.87556,0,0,0,0,0,0,0,0,0,0,0,0,38.60741
2,39.33027,0,0,0,0,0,0,0,0,0,0,0,0,44.16417
2,29.2558,0,0,0,0,0,0,0,0,0,0,0,0,38.3553
2,31.59602,0,0,0,0,0,0,0,0,0,0,0,0,46.39457
2,30.29786,0,0,0,0,0,0,0,0,0,0,0,0,33.92727
2,34.79397,0,0,0,0,0,0,0,0,0,0,0,0,46.18979
2,35.41993,0,0,0,0,0,0,0,0,0,0,0,0,45.95095
2,30.6683,0,0,0,0,0,0,0,0,0,0,0,0,40.28454
2,34.10869,0,0,0,0,0,0,0,0,0,0,0,0,47.33074
2,29.49393,0,0,0,0,0,0,0,0,0,0,0,0,42.47854
2,31.10538,0,0,0,0,0,0,0,0,0,0,0,0,46.29382
2,33.94334,0,0,0,0,0,0,0,0,0,0,0,0,41.15271
2,34.29602,0,0,0,0,0,0,0,0,0,0,0,0,37.59953
2,38.86094,0,0,0,0,0,0,0,0,0,0,0,0,47.93659
2,32.50548,0,0,0,0,0,0,0,0,0,0,0,0,48.27869
2,34.0257,0,0,0,0,0,0,0,0,0,0,0,0,33.83248
2,35.40171,0,0,0,0,0,0,0,0,0,0,0,0,44.56314
2,32.10043,0,0,0,0,0,0,0,0,0,0,0,0,41.31401
2,33.82172,0,0,0,0,0,0,0,0,0,0,0,0,44.33065
2,34.3057,0,0,0,0,0,0,0,0,0,0,0,0,44.7091
2,37.50426,0,0,0,0,0,0,0,0,0,0,0,0,40.37509
2,31.36439,0,0,0,0,0,0,0,0,0,0,0,0,39.6751
2,32.16258,0,0,0,0,0,0,0,0,0,0,0,0,38.79785
2,34.81561,0,0,0,0,0,0,0,0,0,0,0,0,35.95443
2,33.35509,0,0,0,0,0,0,0,0,0,0,0,0,42.50886
2,31.80247,0,0,0,0,0,0,0,0,0,0,0,0,46.56957
2,34.27005,0,0,0,0,0,0,0,0,0,0,0,0,38.79138
2,35.25476,0,0,0,0,0,0,0,0,0,0,0,0,37.22301
2,37.57775,0,0,0,0,0,0,0,0,0,0,0,0,44.75949
2,32.51218,0,0,0,0,0,0,0,0,0,0,0,0,46.99297
2,31.0173,0,0,0,0,0,0,0,0,0,0,0,0,40.17185
2,39.12485,0,0,0,0,0,0,0,0,0,0,0,0,46.63228
2,33.51212,0,0,0,0,0,0,0,0,0,0,0,0,46.48565
2,31.1204,0,0,0,0,0,0,0,0,0,0,0,0,45.23645
2,33.93325,0,0,0,0,0,0,0,0,0,0,0,0,37.95861
2,36.52062,0,0,0,0,0,0,0,0,0,0,0,0,45.73579
2,33.81109,0,0,0,0,0,0,0,0,0,0,0,0,39.85995
2,37.43273,0,0,0,0,0,0,0,0,0,0,0,0,40.43854
2,33.91726,0,0,0,0,0,0,0,0,0,0,0,0,44.18639
2,35.00905,0,0,0,0,0,0,0,0,0,0,0,0,47.90509
2,36.50181,0,0,0,0,0,0,0,0,0,0,0,0,46.25357
2,38.43026,0,0,0,0,0,0,0,0,0,0,0,0,46.23866
2,31.5677,0,0,0,0,0,0,0,0,0,0,0,0,43.76794
2,37.83645,0,0,0,0,0,0,0,0,0,0,0,0,42.40778
2,33.09602,0,0,0,0,0,0,0,0,0,0,0,0,46.25312
2,39.86275,0,0,0,0,0,0,0,0,0,0,0,0,47.41571
2,31.99673,0,0,0,0,0,0,0,0,0,0,0,0,35.90744
2,34.91585,0,0,0,0,0,0,0,0,0,0,0,0,44.92437
2,41.64207,0,0,0,0,0,0,0,0,0,0,0,0,47.12756
2,36.5293,0,0,0,0,0,0,0,0,0,0,0,0,44.98816
2,36.18575,0,0,0,0,0,0,0,0,0,0,0,0,46.0825
2,32.83102,0,0,0,0,0,0,0,0,0,0,0,0,44.10778
2,29.00817,0,0,0,0,0,0,0,0,0,0,0,0,46.52251
2,31.50376,0,0,0,0,0,0,0,0,0,0,0,0,48.37358
2,34.41294,0,0,0,0,0,0,0,0,0,0,0,0,35.42992
2,34.58479,0,0,0,0,0,0,0,0,0,0,0,0,38.86908
2,38.4997,0,0,0,0,0,0,0,0,0,0,0,0,46.90062
2,36.38183,0,0,0,0,0,0,0,0,0,0,0,0,38.79027
2,36.4611,0,0,0,0,0,0,0,0,0,0,0,0,48.42975
2,38.06833,0,0,0,0,0,0,0,0,0,0,0,0,46.19906
2,40.01642,0,0,0,0,0,0,0,0,0,0,0,0,44.15531
2,34.93204,0,0,0,0,0,0,0,0,0,0,0,0,46.53689
2,25.82702,0,0,0,0,0,0,0,0,0,0,0,0,47.69739
2,33.61805,0,0,0,0,0,0,0,0,0,0,0,0,43.65194
2,38.12764,0,0,0,0,0,0,0,0,0,0,0,0,42.69757
2,36.45855,0,0,0,0,0,0,0,0,0,0,0,0,40.63319
2,35.23381,0,0,0,0,0,0,0,0,0,0,0,0,43.83509
2,35.98706,0,0,0,0,0,0,0,0,0,0,0,0,45.14554
2,35.21581,0,0,0,0,0,0,0,0,0,0,0,0,46.59192
2,28.72181,0,0,0,0,0,0,0,0,0,0,0,0,43.16747
2,33.12649,0,0,0,0,0,0,0,0,0,0,0,0,46.87749
2,38.72428,0,0,0,0,0,0,0,0,0,0,0,0,42.89462
2,36.58188,0,0,0,0,0,0,0,0,0,0,0,0,42.84034
2,39.70167,0,0,0,0,0,0,0,0,0,0,0,0,41.98991
2,41.28922,0,0,0,0,0,0,0,0,0,0,0,0,47.79764
2,38.3505,0,0,0,0,0,0,0,0,0,0,0,0,38.77777
2,34.92152,0,0,0,0,0,0,0,0,0,0,0,0,37.90916
2,37.95136,0,0,0,0,0,0,0,0,0,0,0,0,46.88111
2,33.66798,0,0,0,0,0,0,0,0,0,0,0,0,35.46987
2,32.55873,0,0,0,0,0,0,0,0,0,0,0,0,42.97637
2,41.27444,0,0,0,0,0,0,0,0,0,0,0,0,45.66567
2,31.51668,0,0,0,0,0,0,0,0,0,0,0,0,46.47243
2,41.26791,0,0,0,0,0,0,0,0,0,0,0,0,46.79717
2,36.22105,0,0,0,0,0,0,0,0,0,0,0,0,38.2243
2,34.76296,0,0,0,0,0,0,0,0,0,0,0,0,43.84218
2,33.83112,0,0,0,0,0,0,0,0,0,0,0,0,45.55769
2,40.03184,0,0,0,0,0,0,0,0,0,0,0,0,41.8087
2,38.78569,0,0,0,0,0,0,0,0,0,0,0,0,44.77962
2,28.66801,0,0,0,0,0,0,0,0,0,0,0,0,36.58033
2,35.2058,0,0,0,0,0,0,0,0,0,0,0,0,46.80743
2,36.42152,0,0,0,0,0,0,0,0,0,0,0,0,47.30142
2,38.38626,0,0,0,0,0,0,0,0,0,0,0,0,40.35331
2,34.10814,0,0,0,0,0,0,0,0,0,0,0,0,35.54059
2,34.20472,0,0,0,0,0,0,0,0,0,0,0,0,46.5054
2,38.90412,0,0,0,0,0,0,0,0,0,0,0,0,46.81394
2,32.3255,0,0,0,0,0,0,0,0,0,0,0,0,33.36527
2,36.2101,0,0,0,0,0,0,0,0,0,0,0,0,43.0346
2,34.93204,0,0,0,0,0,0,0,0,0,0,0,0,41.82732
2,34.88152,0,0,0,0,0,0,0,0,0,0,0,0,38.69854
2,28.78765,0,0,0,0,0,0,0,0,0,0,0,0,47.55153
2,37.44603,0,0,0,0,0,0,0,0,0,0,0,0,40.72133
2,37.09388,0,0,0,0,0,0,0,0,0,0,0,0,42.73462
2,37.93114,0,0,0,0,0,0,0,0,0,0,0,0,42.83253
2,34.95087,0,0,0,0,0,0,0,0,0,0,0,0,37.95245
2,35.98963,0,0,0,0,0,0,0,0,0,0,0,0,42.18562
2,35.71701,0,0,0,0,0,0,0,0,0,0,0,0,42.73936
2,40.71253,0,0,0,0,0,0,0,0,0,0,0,0,46.24759
2,36.90532,0,0,0,0,0,0,0,0,0,0,0,0,36.62822
2,39.61961,0,0,0,0,0,0,0,0,0,0,0,0,45.72042
2,36.35704,0,0,0,0,0,0,0,0,0,0,0,0,44.33459
2,39.38419,0,0,0,0,0,0,0,0,0,0,0,0,41.6721
2,39.6199,0,0,0,0,0,0,0,0,0,0,0,0,37.36452
2,30.62349,0,0,0,0,0,0,0,0,0,0,0,0,47.64042
2,32.00957,0,0,0,0,0,0,0,0,0,0,0,0,47.29295
2,36.02555,0,0,0,0,0,0,0,0,0,0,0,0,36.91222
2,30.5998,0,0,0,0,0,0,0,0,0,0,0,0,43.33921
2,30.17373,0,0,0,0,0,0,0,0,0,0,0,0,40.28776
2,35.23784,0,0,0,0,0,0,0,0,0,0,0,0,44.86623
2,29.38404,0,0,0,0,0,0,0,0,0,0,0,0,37.6635
2,30.23447,0,0,0,0,0,0,0,0,0,0,0,0,43.6034
2,39.5173,0,0,0,0,0,0,0,0,0,0,0,0,44.11385
2,33.44516,0,0,0,0,0,0,0,0,0,0,0,0,43.32155
2,29.37276,0,0,0,0,0,0,0,0,0,0,0,0,46.38529
2,36.44454,0,0,0,0,0,0,0,0,0,0,0,0,41.24241
2,33.40401,0,0,0,0,0,0,0,0,0,0,0,0,37.2742
2,34.94823,0,0,0,0,0,0,0,0,0,0,0,0,44.97519
2,36.70946,0,0,0,0,0,0,0,0,0,0,0,0,48.02882
2,36.83202,0,0,0,0,0,0,0,0,0,0,0,0,45.43346
2,38.17056,0,0,0,0,0,0,0,0,0,0,0,0,48.86915
2,36.91067,0,0,0,0,0,0,0,0,0,0,0,0,46.59572
2,34.83172,0,0,0,0,0,0,0,0,0,0,0,0,39.38524
2,36.34972,0,0,0,0,0,0,0,0,0,0,0,0,45.27512
2,40.64817,0,0,0,0,0,0,0,0,0,0,0,0,48.21909
2,36.07288,0,0,0,0,0,0,0,0,0,0,0,0,45.20206
2,35.09622,0,0,0,0,0,0,0,0,0,0,0,0,45.11596
2,37.41908,0,0,0,0,0,0,0,0,0,0,0,0,46.27781
2,35.34733,0,0,0,0,0,0,0,0,0,0,0,0,47.3601
2,31.15239,0,0,0,0,0,0,0,0,0,0,0,0,38.03468
2,26.33873,0,0,0,0,0,0,0,0,0,0,0,0,47.05909
2,34.7739,0,0,0,0,0,0,0,0,0,0,0,0,40.05438
2,34.68058,0,0,0,0,0,0,0,0,0,0,0,0,45.80998
2,33.2164,0,0,0,0,0,0,0,0,0,0,0,0,48.18522
2,34.02613,0,0,0,0,0,0,0,0,0,0,0,0,40.09762
2,37.67089,0,0,0,0,0,0,0,0,0,0,0,0,46.40325
2,37.60057,0,0,0,0,0,0,0,0,0,0,0,0,46.62355
2,34.36028,0,0,0,0,0,0,0,0,0,0,0,0,35.61007
2,36.32408,0,0,0,0,0,0,0,0,0,0,0,0,43.78775
2,34.49553,0,0,0,0,0,0,0,0,0,0,0,0,46.70527
2,30.60794,0,0,0,0,0,0,0,0,0,0,0,0,38.8661
2,32.05901,0,0,0,0,0,0,0,0,0,0,0,0,40.61773
2,25.6471,0,0,0,0,0,0,0,0,0,0,0,0,36.57175
2,33.79292,0,0,0,0,0,0,0,0,0,0,0,0,46.83235
2,30.14329,0,0,0,0,0,0,0,0,0,0,0,0,45.97989
2,29.29078,0,0,0,0,0,0,0,0,0,0,0,0,36.45693
2,36.97854,0,0,0,0,0,0,0,0,0,0,0,0,36.59748
2,34.48893,0,0,0,0,0,0,0,0,0,0,0,0,46.13013
2,28.19792,0,0,0,0,0,0,0,0,0,0,0,0,48.08631
2,31.18862,0,0,0,0,0,0,0,0,0,0,0,0,35.98912
2,37.14345,0,0,0,0,0,0,0,0,0,0,0,0,47.93087
2,33.59101,0,0,0,0,0,0,0,0,0,0,0,0,45.37999
2,35.6803,0,0,0,0,0,0,0,0,0,0,0,0,45.0255
2,41.43838,0,0,0,0,0,0,0,0,0,0,0,0,44.73593
2,35.43894,0,0,0,0,0,0,0,0,0,0,0,0,37.03406
2,35.57512,0,0,0,0,0,0,0,0,0,0,0,0,47.35873
2,31.01004,0,0,0,0,0,0,0,0,0,0,0,0,45.60758
2,31.27188,0,0,0,0,0,0,0,0,0,0,0,0,44.60323
2,37.06423,0,0,0,0,0,0,0,0,0,0,0,0,45.76121
2,30.85988,0,0,0,0,0,0,0,0,0,0,0,0,47.83098
2,38.41412,0,0,0,0,0,0,0,0,0,0,0,0,41.77299
2,34.25858,0,0,0,0,0,0,0,0,0,0,0,0,44.97948
2,37.16507,0,0,0,0,0,0,0,0,0,0,0,0,42.18528
2,35.28891,0,0,0,0,0,0,0,0,0,0,0,0,41.3619
2,34.49739,0,0,0,0,0,0,0,0,0,0,0,0,36.95033
2,32.4841,0,0,0,0,0,0,0,0,0,0,0,0,42.8766
2,34.89455,0,0,0,0,0,0,0,0,0,0,0,0,45.35072
2,31.85633,0,0,0,0,0,0,0,0,0,0,0,0,47.71273
2,37.53342,0,0,0,0,0,0,0,0,0,0,0,0,46.58131
2,34.79601,0,0,0,0,0,0,0,0,0,0,0,0,41.28255
2,32.26039,0,0,0,0,0,0,0,0,0,0,0,0,45.90942
2,38.95067,0,0,0,0,0,0,0,0,0,0,0,0,47.31282
2,37.83715,0,0,0,0,0,0,0,0,0,0,0,0,47.87455
2,32.6365,0,0,0,0,0,0,0,0,0,0,0,0,36.05722
2,36.99374,0,0,0,0,0,0,0,0,0,0,0,0,48.15875
2,40.18398,0,0,0,0,0,0,0,0,0,0,0,0,46.18
2,35.92398,0,0,0,0,0,0,0,0,0,0,0,0,36.08481
2,36.16814,0,0,0,0,0,0,0,0,0,0,0,0,45.72922
2,35.68605,0,0,0,0,0,0,0,0,0,0,0,0,44.6958
2,34.70104,0,0,0,0,0,0,0,0,0,0,0,0,41.47969
2,28.85722,0,0,0,0,0,0,0,0,0,0,0,0,48.52712
2,37.30962,0,0,0,0,0,0,0,0,0,0,0,0,45.09584
2,31.52509,0,0,0,0,0,0,0,0,0,0,0,0,48.00934
2,36.17105,0,0,0,0,0,0,0,0,0,0,0,0,37.20431
2,35.1391,0,0,0,0,0,0,0,0,0,0,0,0,47.37159
2,36.42043,0,0,0,0,0,0,0,0,0,0,0,0,40.38677
2,38.732,0,0,0,0,0,0,0,0,0,0,0,0,42.9385
2,35.3888,0,0,0,0,0,0,0,0,0,0,0,0,38.76473
2,37.45151,0,0,0,0,0,0,0,0,0,0,0,0,35.85405
2,35.64868,0,0,0,0,0,0,0,0,0,0,0,0,42.40155
2,37.12934,0,0,0,0,0,0,0,0,0,0,0,0,37.58589
2,33.93383,0,0,0,0,0,0,0,0,0,0,0,0,45.9624
2,33.56062,0,0,0,0,0,0,0,0,0,0,0,0,34.62278
2,34.98191,0,0,0,0,0,0,0,0,0,0,0,0,31.92333
2,28.78037,0,0,0,0,0,0,0,0,0,0,0,0,47.13881
2,41.03696,0,0,0,0,0,0,0,0,0,0,0,0,46.10722
2,34.28941,0,0,0,0,0,0,0,0,0,0,0,0,45.90987
2,31.58345,0,0,0,0,0,0,0,0,0,0,0,0,33.96131
2,41.11813,0,0,0,0,0,0,0,0,0,0,0,0,45.71867
2,35.00851,0,0,0,0,0,0,0,0,0,0,0,0,46.62537
2,35.48368,0,0,0,0,0,0,0,0,0,0,0,0,44.23674
2,41.03115,0,0,0,0,0,0,0,0,0,0,0,0,40.97715
2,27.28281,0,0,0,0,0,0,0,0,0,0,0,0,47.57952
2,32.63216,0,0,0,0,0,0,0,0,0,0,0,0,47.29018
2,34.476,0,0,0,0,0,0,0,0,0,0,0,0,48.16033
2,38.37656,0,0,0,0,0,0,0,0,0,0,0,0,45.52766
2,29.10159,0,0,0,0,0,0,0,0,0,0,0,0,47.9027
2,31.99616,0,0,0,0,0,0,0,0,0,0,0,0,43.67754
2,31.36713,0,0,0,0,0,0,0,0,0,0,0,0,34.40877
2,34.28167,0,0,0,0,0,0,0,0,0,0,0,0,43.9799
2,30.08753,0,0,0,0,0,0,0,0,0,0,0,0,48.08562
2,35.13943,0,0,0,0,0,0,0,0,0,0,0,0,44.55686
2,42.72572,0,0,0,0,0,0,0,0,0,0,0,0,45.79796
2,40.5626,0,0,0,0,0,0,0,0,0,0,0,0,46.77033
2,36.4742,0,0,0,0,0,0,0,0,0,0,0,0,43.87633
2,38.18909,0,0,0,0,0,0,0,0,0,0,0,0,40.26657
2,32.90226,0,0,0,0,0,0,0,0,0,0,0,0,46.90977
2,38.37039,0,0,0,0,0,0,0,0,0,0,0,0,39.73755
2,37.00426,0,0,0,0,0,0,0,0,0,0,0,0,45.01053
2,38.62427,0,0,0,0,0,0,0,0,0,0,0,0,45.44265
2,34.11234,0,0,0,0,0,0,0,0,0,0,0,0,38.16325
2,36.83532,0,0,0,0,0,0,0,0,0,0,0,0,43.77509
2,31.07887,0,0,0,0,0,0,0,0,0,0,0,0,34.52108
2,35.31079,0,0,0,0,0,0,0,0,0,0,0,0,45.2467
2,35.99675,0,0,0,0,0,0,0,0,0,0,0,0,44.486
2,40.14797,0,0,0,0,0,0,0,0,0,0,0,0,44.43525
2,37.33654,0,0,0,0,0,0,0,0,0,0,0,0,40.14118
2,31.29781,0,0,0,0,0,0,0,0,0,0,0,0,44.66278
2,37.74273,0,0,0,0,0,0,0,0,0,0,0,0,44.42462
2,38.26251,0,0,0,0,0,0,0,0,0,0,0,0,38.54843
2,39.56631,0,0,0,0,0,0,0,0,0,0,0,0,41.36548
2,36.65628,0,0,0,0,0,0,0,0,0,0,0,0,46.42615
2,33.69151,0,0,0,0,0,0,0,0,0,0,0,0,45.51149
2,32.95732,0,0,0,0,0,0,0,0,0,0,0,0,43.08729
2,36.0029,0,0,0,0,0,0,0,0,0,0,0,0,46.84906
2,40.06148,0,0,0,0,0,0,0,0,0,0,0,0,43.0645
2,33.19383,0,0,0,0,0,0,0,0,0,0,0,0,44.59527
2,37.84517,0,0,0,0,0,0,0,0,0,0,0,0,46.53809
2,40.11378,0,0,0,0,0,0,0,0,0,0,0,0,42.26532
2,43.87984,0,0,0,0,0,0,0,0,0,0,0,0,47.1441
2,38.05455,0,0,0,0,0,0,0,0,0,0,0,0,40.59664
2,34.74253,0,0,0,0,0,0,0,0,0,0,0,0,43.78526
2,38.29676,0,0,0,0,0,0,0,0,0,0,0,0,40.54499
2,28.68389,0,0,0,0,0,0,0,0,0,0,0,0,44.07692
2,36.79747,0,0,0,0,0,0,0,0,0,0,0,0,48.35207
2,38.18778,0,0,0,0,0,0,0,0,0,0,0,0,44.60423
2,30.85947,0,0,0,0,0,0,0,0,0,0,0,0,46.42863
2,29.24596,0,0,0,0,0,0,0,0,0,0,0,0,32.16388
2,36.76947,0,0,0,0,0,0,0,0,0,0,0,0,47.22041
2,33.01148,0,0,0,0,0,0,0,0,0,0,0,0,48.01605
2,40.87624,0,0,0,0,0,0,0,0,0,0,0,0,41.47325
2,37.24988,0,0,0,0,0,0,0,0,0,0,0,0,43.24356
2,32.83997,0,0,0,0,0,0,0,0,0,0,0,0,45.99018
2,33.32279,0,0,0,0,0,0,0,0,0,0,0,0,46.37374
2,34.11858,0,0,0,0,0,0,0,0,0,0,0,0,45.26575
2,36.83286,0,0,0,0,0,0,0,0,0,0,0,0,46.69032
2,32.28908,0,0,0,0,0,0,0,0,0,0,0,0,35.09087
2,26.83827,0,0,0,0,0,0,0,0,0,0,0,0,47.14867
2,34.61103,0,0,0,0,0,0,0,0,0,0,0,0,45.69357
2,26.9933,0,0,0,0,0,0,0,0,0,0,0,0,36.25652
2,31.07788,0,0,0,0,0,0,0,0,0,0,0,0,39.6077
2,36.73291,0,0,0,0,0,0,0,0,0,0,0,0,44.03784
2,23.68377,0,0,0,0,0,0,0,0,0,0,0,0,46.96275
2,35.46511,0,0,0,0,0,0,0,0,0,0,0,0,46.70108
2,32.76933,0,0,0,0,0,0,0,0,0,0,0,0,35.48089
2,32.71845,0,0,0,0,0,0,0,0,0,0,0,0,39.38614
2,39.52632,0,0,0,0,0,0,0,0,0,0,0,0,46.73211
2,39.99096,0,0,0,0,0,0,0,0,0,0,0,0,41.59006
2,34.51557,0,0,0,0,0,0,0,0,0,0,0,0,47.27465
2,39.23874,0,0,0,0,0,0,0,0,0,0,0,0,37.72172
2,35.93047,0,0,0,0,0,0,0,0,0,0,0,0,38.27694
2,38.42898,0,0,0,0,0,0,0,0,0,0,0,0,46.58368
2,34.50204,0,0,0,0,0,0,0,0,0,0,0,0,46.7047
2,39.27934,0,0,0,0,0,0,0,0,0,0,0,0,42.75265
2,35.11656,0,0,0,0,0,0,0,0,0,0,0,0,39.96143
2,29.37023,0,0,0,0,0,0,0,0,0,0,0,0,46.44196
2,31.84643,0,0,0,0,0,0,0,0,0,0,0,0,35.94588
2,37.15849,0,0,0,0,0,0,0,0,0,0,0,0,43.69072
2,34.45122,0,0,0,0,0,0,0,0,0,0,0,0,40.3837
2,34.8369,0,0,0,0,0,0,0,0,0,0,0,0,48.87865
2,34.33628,0,0,0,0,0,0,0,0,0,0,0,0,48.57026
2,31.12739,0,0,0,0,0,0,0,0,0,0,0,0,41.95485
2,32.68371,0,0,0,0,0,0,0,0,0,0,0,0,39.14883
2,37.24189,0,0,0,0,0,0,0,0,0,0,0,0,44.07241
2,28.78705,0,0,0,0,0,0,0,0,0,0,0,0,36.5392
2,40.92891,0,0,0,0,0,0,0,0,0,0,0,0,45.59956
2,37.06738,0,0,0,0,0,0,0,0,0,0,0,0,37.65551
2,34.5458,0,0,0,0,0,0,0,0,0,0,0,0,44.28681
2,32.58127,0,0,0,0,0,0,0,0,0,0,0,0,42.25246
2,30.21081,0,0,0,0,0,0,0,0,0,0,0,0,37.99873
2,35.35698,0,0,0,0,0,0,0,0,0,0,0,0,41.04166
2,34.89064,0,0,0,0,0,0,0,0,0,0,0,0,44.52405
2,36.38161,0,0,0,0,0,0,0,0,0,0,0,0,45.34204
2,34.33435,0,0,0,0,0,0,0,0,0,0,0,0,38.12463
2,35.0968,0,0,0,0,0,0,0,0,0,0,0,0,39.84333
2,31.08096,0,0,0,0,0,0,0,0,0,0,0,0,47.84204
2,39.00599,0,0,0,0,0,0,0,0,0,0,0,0,45.12143
2,30.21211,0,0,0,0,0,0,0,0,0,0,0,0,47.97469
2,35.08282,0,0,0,0,0,0,0,0,0,0,0,0,37.56316
2,31.80416,0,0,0,0,0,0,0,0,0,0,0,0,43.41891
2,32.92706,0,0,0,0,0,0,0,0,0,0,0,0,43.97555
2,28.21572,0,0,0,0,0,0,0,0,0,0,0,0,42.6372
2,31.14903,0,0,0,0,0,0,0,0,0,0,0,0,35.76725
2,40.55623,0,0,0,0,0,0,0,0,0,0,0,0,44.34735
2,36.08207,0,0,0,0,0,0,0,0,0,0,0,0,45.14859
2,37.48356,0,0,0,0,0,0,0,0,0,0,0,0,36.09114
2,36.82289,0,0,0,0,0,0,0,0,0,0,0,0,41.70806
2,34.99664,0,0,0,0,0,0,0,0,0,0,0,0,45.7424
2,38.1229,0,0,0,0,0,0,0,0,0,0,0,0,45.21296
2,33.08791,0,0,0,0,0,0,0,0,0,0,0,0,43.66345
2,36.58439,0,0,0,0,0,0,0,0,0,0,0,0,46.78637
2,37.63355,0,0,0,0,0,0,0,0,0,0,0,0,45.77098
2,36.07225,0,0,0,0,0,0,0,0,0,0,0,0,44.54995
2,37.65933,0,0,0,0,0,0,0,0,0,0,0,0,36.26297
2,39.0607,0,0,0,0,0,0,0,0,0,0,0,0,43.37088
2,31.8282,0,0,0,0,0,0,0,0,0,0,0,0,44.35783
2,30.78104,0,0,0,0,0,0,0,0,0,0,0,0,38.73932
2,34.30812,0,0,0,0,0,0,0,0,0,0,0,0,35.92422
2,37.02472,0,0,0,0,0,0,0,0,0,0,0,0,47.00951
2,27.45136,0,0,0,0,0,0,0,0,0,0,0,0,41.05872
2,31.38285,0,0,0,0,0,0,0,0,0,0,0,0,38.6472
2,40.27242,0,0,0,0,0,0,0,0,0,0,0,0,45.3971
2,39.56691,0,0,0,0,0,0,0,0,0,0,0,0,46.85405
2,33.98719,0,0,0,0,0,0,0,0,0,0,0,0,41.27359
2,30.48779,0,0,0,0,0,0,0,0,0,0,0,0,38.85455
2,39.37839,0,0,0,0,0,0,0,0,0,0,0,0,42.65456
2,31.97499,0,0,0,0,0,0,0,0,0,0,0,0,32.01857
2,37.63693,0,0,0,0,0,0,0,0,0,0,0,0,43.9433
2,34.97248,0,0,0,0,0,0,0,0,0,0,0,0,44.85587
2,33.32095,0,0,0,0,0,0,0,0,0,0,0,0,38.91197
2,36.49096,0,0,0,0,0,0,0,0,0,0,0,0,43.13707
2,34.58403,0,0,0,0,0,0,0,0,0,0,0,0,43.63785
2,36.93917,0,0,0,0,0,0,0,0,0,0,0,0,43.09096
2,36.60144,0,0,0,0,0,0,0,0,0,0,0,0,48.37721
2,36.81633,0,0,0,0,0,0,0,0,0,0,0,0,43.83051
2,31.24819,0,0,0,0,0,0,0,0,0,0,0,0,40.10237
2,29.11991,0,0,0,0,0,0,0,0,0,0,0,0,38.5093
2,35.94827,0,0,0,0,0,0,0,0,0,0,0,0,43.98878
2,40.85064,0,0,0,0,0,0,0,0,0,0,0,0,47.82866
2,35.54687,0,0,0,0,0,0,0,0,0,0,0,0,39.30271
2,35.26941,0,0,0,0,0,0,0,0,0,0,0,0,35.87198
2,38.43014,0,0,0,0,0,0,0,0,0,0,0,0,44.88101
2,38.75856,0,0,0,0,0,0,0,0,0,0,0,0,38.77198
2,33.71144,0,0,0,0,0,0,0,0,0,0,0,0,44.11584
2,31.7573,0,0,0,0,0,0,0,0,0,0,0,0,43.45952
2,30.81176,0,0,0,0,0,0,0,0,0,0,0,0,36.98289
2,36.50333,0,0,0,0,0,0,0,0,0,0,0,0,37.2405
2,38.27147,0,0,0,0,0,0,0,0,0,0,0,0,47.65842
2,30.31821,0,0,0,0,0,0,0,0,0,0,0,0,40.5443
2,39.73802,0,0,0,0,0,0,0,0,0,0,0,0,38.70712
2,40.53962,0,0,0,0,0,0,0,0,0,0,0,0,43.41018
2,35.73502,0,0,0,0,0,0,0,0,0,0,0,0,36.84803
2,34.53392,0,0,0,0,0,0,0,0,0,0,0,0,48.27577
2,37.5901,0,0,0,0,0,0,0,0,0,0,0,0,42.67972
2,29.0891,0,0,0,0,0,0,0,0,0,0,0,0,47.88089
2,34.05195,0,0,0,0,0,0,0,0,0,0,0,0,39.59366
2,31.31733,0,0,0,0,0,0,0,0,0,0,0,0,37.9379
2,40.84245,0,0,0,0,0,0,0,0,0,0,0,0,38.64195
2,35.03783,0,0,0,0,0,0,0,0,0,0,0,0,39.34785
2,36.48737,0,0,0,0,0,0,0,0,0,0,0,0,45.17762
2,29.20613,0,0,0,0,0,0,0,0,0,0,0,0,40.47385
2,34.66417,0,0,0,0,0,0,0,0,0,0,0,0,41.79926
2,35.48628,0,0,0,0,0,0,0,0,0,0,0,0,45.35731
2,33.75684,0,0,0,0,0,0,0,0,0,0,0,0,44.75029
2,39.35999,0,0,0,0,0,0,0,0,0,0,0,0,38.46108
2,38.18651,0,0,0,0,0,0,0,0,0,0,0,0,45.42139
2,33.04625,0,0,0,0,0,0,0,0,0,0,0,0,43.4509
2,38.58532,0,0,0,0,0,0,0,0,0,0,0,0,41.19419
2,36.39014,0,0,0,0,0,0,0,0,0,0,0,0,42.20851
2,34.13481,0,0,0,0,0,0,0,0,0,0,0,0,33.95881
2,36.55005,0,0,0,0,0,0,0,0,0,0,0,0,47.52167
2,32.77335,0,0,0,0,0,0,0,0,0,0,0,0,37.45312
2,30.15872,0,0,0,0,0,0,0,0,0,0,0,0,33.01628
2,30.69271,0,0,0,0,0,0,0,0,0,0,0,0,40.05967
2,33.44034,0,0,0,0,0,0,0,0,0,0,0,0,42.08424
2,35.61121,0,0,0,0,0,0,0,0,0,0,0,0,36.0861
2,35.60518,0,0,0,0,0,0,0,0,0,0,0,0,35.67406
2,35.9727,0,0,0,0,0,0,0,0,0,0,0,0,47.82895
2,33.21254,0,0,0,0,0,0,0,0,0,0,0,0,45.0415
2,35.40114,0,0,0,0,0,0,0,0,0,0,0,0,36.42081
2,33.86715,0,0,0,0,0,0,0,0,0,0,0,0,42.56338
2,36.31601,0,0,0,0,0,0,0,0,0,0,0,0,41.11396
2,35.45773,0,0,0,0,0,0,0,0,0,0,0,0,47.04165
2,38.14,0,0,0,0,0,0,0,0,0,0,0,0,42.82447
2,39.74905,0,0,0,0,0,0,0,0,0,0,0,0,47.15685
2,34.48662,0,0,0,0,0,0,0,0,0,0,0,0,39.18336
2,36.34836,0,0,0,0,0,0,0,0,0,0,0,0,48.78748
2,33.88148,0,0,0,0,0,0,0,0,0,0,0,0,45.21613
2,38.90894,0,0,0,0,0,0,0,0,0,0,0,0,46.57286
2,31.76917,0,0,0,0,0,0,0,0,0,0,0,0,44.71275
2,39.96746,0,0,0,0,0,0,0,0,0,0,0,0,40.35125
2,35.38109,0,0,0,0,0,0,0,0,0,0,0,0,47.96331
2,34.94657,0,0,0,0,0,0,0,0,0,0,0,0,47.71605
2,35.61089,0,0,0,0,0,0,0,0,0,0,0,0,46.32878
2,33.82523,0,0,0,0,0,0,0,0,0,0,0,0,44.7554
2,37.61393,0,0,0,0,0,0,0,0,0,0,0,0,42.01492
2,40.58007,0,0,0,0,0,0,0,0,0,0,0,0,46.19707
2,41.1267,0,0,0,0,0,0,0,0,0,0,0,0,43.54006
2,35.40139,0,0,0,0,0,0,0,0,0,0,0,0,36.12317
2,37.20481,0,0,0,0,0,0,0,0,0,0,0,0,47.22109
2,43.33837,0,0,0,0,0,0,0,0,0,0,0,0,44.83836
2,32.42548,0,0,0,0,0,0,0,0,0,0,0,0,45.75098
2,34.70876,0,0,0,0,0,0,0,0,0,0,0,0,44.47939
2,41.0354,0,0,0,0,0,0,0,0,0,0,0,0,46.21879
2,36.73036,0,0,0,0,0,0,0,0,0,0,0,0,38.50136
2,41.10128,0,0,0,0,0,0,0,0,0,0,0,0,45.73668
2,37.71433,0,0,0,0,0,0,0,0,0,0,0,0,46.29553
2,35.58706,0,0,0,0,0,0,0,0,0,0,0,0,37.9262
2,34.50782,0,0,0,0,0,0,0,0,0,0,0,0,33.95376
2,40.5076,0,0,0,0,0,0,0,0,0,0,0,0,43.23424
2,34.57932,0,0,0,0,0,0,0,0,0,0,0,0,36.51935
2,36.20686,0,0,0,0,0,0,0,0,0,0,0,0,48.04056
2,31.74296,0,0,0,0,0,0,0,0,0,0,0,0,44.9369
2,35.26714,0,0,0,0,0,0,0,0,0,0,0,0,40.90242
2,39.57647,0,0,0,0,0,0,0,0,0,0,0,0,44.38906
2,28.68237,0,0,0,0,0,0,0,0,0,0,0,0,31.39687
2,36.09027,0,0,0,0,0,0,0,0,0,0,0,0,37.12259
2,38.07998,0,0,0,0,0,0,0,0,0,0,0,0,38.2621
2,35.4651,0,0,0,0,0,0,0,0,0,0,0,0,38.43229
2,30.70493,0,0,0,0,0,0,0,0,0,0,0,0,35.98007
2,37.2738,0,0,0,0,0,0,0,0,0,0,0,0,41.75627
2,35.42299,0,0,0,0,0,0,0,0,0,0,0,0,43.38602
2,38.70307,0,0,0,0,0,0,0,0,0,0,0,0,42.41313
2,36.97621,0,0,0,0,0,0,0,0,0,0,0,0,43.38598
2,30.81488,0,0,0,0,0,0,0,0,0,0,0,0,46.61631
2,38.7896,0,0,0,0,0,0,0,0,0,0,0,0,43.44472
2,30.2287,0,0,0,0,0,0,0,0,0,0,0,0,38.61587
2,39.54306,0,0,0,0,0,0,0,0,0,0,0,0,45.58442
2,40.82214,0,0,0,0,0,0,0,0,0,0,0,0,44.18567
2,35.35721,0,0,0,0,0,0,0,0,0,0,0,0,38.24625
2,30.26363,0,0,0,0,0,0,0,0,0,0,0,0,37.07673
2,34.97643,0,0,0,0,0,0,0,0,0,0,0,0,43.69024
2,40.9645,0,0,0,0,0,0,0,0,0,0,0,0,45.92933
2,34.07519,0,0,0,0,0,0,0,0,0,0,0,0,39.59284
2,30.58748,0,0,0,0,0,0,0,0,0,0,0,0,44.26001
2,41.44716,0,0,0,0,0,0,0,0,0,0,0,0,47.02091
2,34.72726,0,0,0,0,0,0,0,0,0,0,0,0,35.84206
2,36.69315,0,0,0,0,0,0,0,0,0,0,0,0,35.90318
2,34.42551,0,0,0,0,0,0,0,0,0,0,0,0,35.64589
2,39.65601,0,0,0,0,0,0,0,0,0,0,0,0,45.35821
2,38.87928,0,0,0,0,0,0,0,0,0,0,0,0,42.75676
2,39.97034,0,0,0,0,0,0,0,0,0,0,0,0,44.25444
2,37.69437,0,0,0,0,0,0,0,0,0,0,0,0,43.67262
2,33.94515,0,0,0,0,0,0,0,0,0,0,0,0,38.15654
2,33.13736,0,0,0,0,0,0,0,0,0,0,0,0,33.04491
2,34.41696,0,0,0,0,0,0,0,0,0,0,0,0,44.96664
2,27.34434,0,0,0,0,0,0,0,0,0,0,0,0,35.31605
2,35.1369,0,0,0,0,0,0,0,0,0,0,0,0,47.40877
2,36.79128,0,0,0,0,0,0,0,0,0,0,0,0,47.52723
2,37.69243,0,0,0,0,0,0,0,0,0,0,0,0,43.81986
2,28.88164,0,0,0,0,0,0,0,0,0,0,0,0,36.08825
2,35.78835,0,0,0,0,0,0,0,0,0,0,0,0,46.53701
2,28.91732,0,0,0,0,0,0,0,0,0,0,0,0,40.75786
2,39.23782,0,0,0,0,0,0,0,0,0,0,0,0,43.23184
2,37.60343,0,0,0,0,0,0,0,0,0,0,0,0,47.47366
2,33.79976,0,0,0,0,0,0,0,0,0,0,0,0,47.12127
2,33.39417,0,0,0,0,0,0,0,0,0,0,0,0,43.33636
2,30.88784,0,0,0,0,0,0,0,0,0,0,0,0,35.56052
2,40.74679,0,0,0,0,0,0,0,0,0,0,0,0,47.16914
2,36.24686,0,0,0,0,0,0,0,0,0,0,0,0,44.66449
2,38.43241,0,0,0,0,0,0,0,0,0,0,0,0,44.40995
2,34.88556,0,0,0,0,0,0,0,0,0,0,0,0,38.59471
2,31.4142,0,0,0,0,0,0,0,0,0,0,0,0,38.85693
2,34.71578,0,0,0,0,0,0,0,0,0,0,0,0,48.12994
2,29.29457,0,0,0,0,0,0,0,0,0,0,0,0,38.8556
2,31.23353,0,0,0,0,0,0,0,0,0,0,0,0,46.81949
2,36.483,0,0,0,0,0,0,0,0,0,0,0,0,45.47318
2,40.77146,0,0,0,0,0,0,0,0,0,0,0,0,43.57753
2,32.10767,0,0,0,0,0,0,0,0,0,0,0,0,48.3856
2,34.79484,0,0,0,0,0,0,0,0,0,0,0,0,38.47121
2,27.23416,0,0,0,0,0,0,0,0,0,0,0,0,37.25404
2,39.29253,0,0,0,0,0,0,0,0,0,0,0,0,45.71505
2,39.0791,0,0,0,0,0,0,0,0,0,0,0,0,46.65983
2,34.37313,0,0,0,0,0,0,0,0,0,0,0,0,47.93307
2,37.96805,0,0,0,0,0,0,0,0,0,0,0,0,47.25176
2,31.29961,0,0,0,0,0,0,0,0,0,0,0,0,46.83431
2,31.39064,0,0,0,0,0,0,0,0,0,0,0,0,35.82952
2,31.9218,0,0,0,0,0,0,0,0,0,0,0,0,47.41203
2,37.8498,0,0,0,0,0,0,0,0,0,0,0,0,45.45667
2,36.46014,0,0,0,0,0,0,0,0,0,0,0,0,39.98186
2,31.05945,0,0,0,0,0,0,0,0,0,0,0,0,44.3187
2,31.10599,0,0,0,0,0,0,0,0,0,0,0,0,38.32157
2,38.2961,0,0,0,0,0,0,0,0,0,0,0,0,44.11682
2,35.09637,0,0,0,0,0,0,0,0,0,0,0,0,47.37222
2,38.36039,0,0,0,0,0,0,0,0,0,0,0,0,48.25278
2,36.23624,0,0,0,0,0,0,0,0,0,0,0,0,42.74081
2,41.28919,0,0,0,0,0,0,0,0,0,0,0,0,45.3544
2,21.64916,0,0,0,0,0,0,0,0,0,0,0,0,25.54062
2,10.19856,0,0,0,0,0,0,0,0,0,0,0,0,27.60211
2,9.900796,0,0,0,0,0,0,0,0,0,0,0,0,32.80713
2,18.6824,0,0,0,0,0,0,0,0,0,0,0,0,30.87526
2,24.26191,0,0,0,0,0,0,0,0,0,0,0,0,21.53876
2,15.23798,0,0,0,0,0,0,0,0,0,0,0,0,21.82118
2,18.43172,0,0,0,0,0,0,0,0,0,0,0,0,23.19558
2,32.32327,0,0,0,0,0,0,0,0,0,0,0,0,20.24418
